Choix pour '0001' (1-2) : Choix pour '0037' (1-2) : Choix pour '0055' (1-2) : Choix pour '0054' (1-2) : 55 correspondance(s) chargée(s) : CENIR_ID -> eCRF

[dry-run] copie non effectuée, prévisualisation sur la source.

  /network/iss/levy/valerocabre/stimSD/Data/derivatives/mri/2-simnibs-simu-left/0003/simulations/simulation_AFFT-left_8dbde024/subject_overlays/lh.0003_TDCS_1_scalar.central.E.magn  ->  lh.001-0004-MA_TDCS_1_scalar.central.E.magn
  /network/iss/levy/valerocabre/stimSD/Data/derivatives/mri/2-simnibs-simu-left/0003/simulations/simulation_AFFT-left_8dbde024/subject_overlays/lh.0003_TDCS_1_scalar.central.E.normal  ->  lh.001-0004-MA_TDCS_1_scalar.central.E.normal
  /network/iss/levy/valerocabre/stimSD/Data/derivatives/mri/2-simnibs-simu-left/0003/simulations/simulation_AFFT-left_8dbde024/subject_overlays/lh.0003_TDCS_1_scalar.central.E.tangent  ->  lh.001-0004-MA_TDCS_1_scalar.central.E.tangent
  /network/iss/levy/valerocabre/stimSD/Data/derivatives/mri/2-simnibs-simu-left/0003/simulations/simulation_AFFT-left_8dbde024/subject_overlays/lh.0003_TDCS_1_scalar.central.E.angle  ->  lh.001-0004-MA_TDCS_1_scalar.central.E.angle
  /network/iss/levy/valerocabre/stimSD/Data/derivatives/mri/2-simnibs-simu-left/0003/simulations/simulation_AFFT-left_8dbde024/subject_overlays/rh.0003_TDCS_1_scalar.central.E.magn  ->  rh.001-0004-MA_TDCS_1_scalar.central.E.magn
  /network/iss/levy/valerocabre/stimSD/Data/derivatives/mri/2-simnibs-simu-left/0003/simulations/simulation_AFFT-left_8dbde024/subject_overlays/rh.0003_TDCS_1_scalar.central.E.normal  ->  rh.001-0004-MA_TDCS_1_scalar.central.E.normal
  /network/iss/levy/valerocabre/stimSD/Data/derivatives/mri/2-simnibs-simu-left/0003/simulations/simulation_AFFT-left_8dbde024/subject_overlays/rh.0003_TDCS_1_scalar.central.E.tangent  ->  rh.001-0004-MA_TDCS_1_scalar.central.E.tangent
  /network/iss/levy/valerocabre/stimSD/Data/derivatives/mri/2-simnibs-simu-left/0003/simulations/simulation_AFFT-left_8dbde024/subject_overlays/rh.0003_TDCS_1_scalar.central.E.angle  ->  rh.001-0004-MA_TDCS_1_scalar.central.E.angle
  /network/iss/levy/valerocabre/stimSD/Data/derivatives/mri/2-simnibs-simu-left/0003/simulations/simulation_AFFT-left_8dbde024/subject_overlays/lh.0003_TDCS_1_scalar.central.J.magn  ->  lh.001-0004-MA_TDCS_1_scalar.central.J.magn
  /network/iss/levy/valerocabre/stimSD/Data/derivatives/mri/2-simnibs-simu-left/0003/simulations/simulation_AFFT-left_8dbde024/subject_overlays/lh.0003_TDCS_1_scalar.central.J.normal  ->  lh.001-0004-MA_TDCS_1_scalar.central.J.normal
  /network/iss/levy/valerocabre/stimSD/Data/derivatives/mri/2-simnibs-simu-left/0003/simulations/simulation_AFFT-left_8dbde024/subject_overlays/lh.0003_TDCS_1_scalar.central.J.tangent  ->  lh.001-0004-MA_TDCS_1_scalar.central.J.tangent
  /network/iss/levy/valerocabre/stimSD/Data/derivatives/mri/2-simnibs-simu-left/0003/simulations/simulation_AFFT-left_8dbde024/subject_overlays/lh.0003_TDCS_1_scalar.central.J.angle  ->  lh.001-0004-MA_TDCS_1_scalar.central.J.angle
  /network/iss/levy/valerocabre/stimSD/Data/derivatives/mri/2-simnibs-simu-left/0003/simulations/simulation_AFFT-left_8dbde024/subject_overlays/rh.0003_TDCS_1_scalar.central.J.magn  ->  rh.001-0004-MA_TDCS_1_scalar.central.J.magn
  /network/iss/levy/valerocabre/stimSD/Data/derivatives/mri/2-simnibs-simu-left/0003/simulations/simulation_AFFT-left_8dbde024/subject_overlays/rh.0003_TDCS_1_scalar.central.J.normal  ->  rh.001-0004-MA_TDCS_1_scalar.central.J.normal
  /network/iss/levy/valerocabre/stimSD/Data/derivatives/mri/2-simnibs-simu-left/0003/simulations/simulation_AFFT-left_8dbde024/subject_overlays/rh.0003_TDCS_1_scalar.central.J.tangent  ->  rh.001-0004-MA_TDCS_1_scalar.central.J.tangent
  /network/iss/levy/valerocabre/stimSD/Data/derivatives/mri/2-simnibs-simu-left/0003/simulations/simulation_AFFT-left_8dbde024/subject_overlays/rh.0003_TDCS_1_scalar.central.J.angle  ->  rh.001-0004-MA_TDCS_1_scalar.central.J.angle
  /network/iss/levy/valerocabre/stimSD/Data/derivatives/mri/2-simnibs-simu-left/0003/simulations/simulation_AFFT-left_8dbde024/subject_overlays/0003_TDCS_1_scalar_central.msh  ->  001-0004-MA_TDCS_1_scalar_central.msh
  /network/iss/levy/valerocabre/stimSD/Data/derivatives/mri/2-simnibs-simu-left/0003/simulations/simulation_AFFT-left_8dbde024/subject_overlays/0003_TDCS_1_scalar_central.msh.opt  ->  001-0004-MA_TDCS_1_scalar_central.msh.opt
  /network/iss/levy/valerocabre/stimSD/Data/derivatives/mri/2-simnibs-simu-left/0003/simulations/simulation_AFFT-left_8dbde024/subject_volumes/0003_TDCS_1_scalar_E.nii.gz  ->  001-0004-MA_TDCS_1_scalar_E.nii.gz
  /network/iss/levy/valerocabre/stimSD/Data/derivatives/mri/2-simnibs-simu-left/0003/simulations/simulation_AFFT-left_8dbde024/subject_volumes/0003_TDCS_1_scalar_magnE.nii.gz  ->  001-0004-MA_TDCS_1_scalar_magnE.nii.gz
  /network/iss/levy/valerocabre/stimSD/Data/derivatives/mri/2-simnibs-simu-left/0003/simulations/simulation_AFFT-left_8dbde024/subject_volumes/0003_TDCS_1_scalar_J.nii.gz  ->  001-0004-MA_TDCS_1_scalar_J.nii.gz
  /network/iss/levy/valerocabre/stimSD/Data/derivatives/mri/2-simnibs-simu-left/0003/simulations/simulation_AFFT-left_8dbde024/subject_volumes/0003_TDCS_1_scalar_magnJ.nii.gz  ->  001-0004-MA_TDCS_1_scalar_magnJ.nii.gz
  /network/iss/levy/valerocabre/stimSD/Data/derivatives/mri/2-simnibs-simu-left/0003/simulations/simulation_AFFT-left_8dbde024/mni_volumes/0003_TDCS_1_scalar_MNI_E.nii.gz  ->  001-0004-MA_TDCS_1_scalar_MNI_E.nii.gz
  /network/iss/levy/valerocabre/stimSD/Data/derivatives/mri/2-simnibs-simu-left/0003/simulations/simulation_AFFT-left_8dbde024/mni_volumes/0003_TDCS_1_scalar_MNI_magnE.nii.gz  ->  001-0004-MA_TDCS_1_scalar_MNI_magnE.nii.gz
  /network/iss/levy/valerocabre/stimSD/Data/derivatives/mri/2-simnibs-simu-left/0003/simulations/simulation_AFFT-left_8dbde024/mni_volumes/0003_TDCS_1_scalar_MNI_J.nii.gz  ->  001-0004-MA_TDCS_1_scalar_MNI_J.nii.gz
  /network/iss/levy/valerocabre/stimSD/Data/derivatives/mri/2-simnibs-simu-left/0003/simulations/simulation_AFFT-left_8dbde024/mni_volumes/0003_TDCS_1_scalar_MNI_magnJ.nii.gz  ->  001-0004-MA_TDCS_1_scalar_MNI_magnJ.nii.gz
  /network/iss/levy/valerocabre/stimSD/Data/derivatives/mri/2-simnibs-simu-left/0003/simulations/simulation_AFFT-left_8dbde024/mni_volumes/0003_TDCS_1_scalar_MNI_magnE_AFFT-left_masked.nii.gz  ->  001-0004-MA_TDCS_1_scalar_MNI_magnE_AFFT-left_masked.nii.gz
  /network/iss/levy/valerocabre/stimSD/Data/derivatives/mri/2-simnibs-simu-left/0003/simulations/simulation_AFFT-left_8dbde024/mni_volumes/0003_TDCS_1_scalar_MNI_magnE_AFFT-left_cleaned.nii.gz  ->  001-0004-MA_TDCS_1_scalar_MNI_magnE_AFFT-left_cleaned.nii.gz
  /network/iss/levy/valerocabre/stimSD/Data/derivatives/mri/2-simnibs-simu-left/0003/simulations/simulation_AFFT-left_8dbde024/mni_volumes/0003_TDCS_1_scalar_MNI_magnE_extra_AFFT-left_masked.nii.gz  ->  001-0004-MA_TDCS_1_scalar_MNI_magnE_extra_AFFT-left_masked.nii.gz
  /network/iss/levy/valerocabre/stimSD/Data/derivatives/mri/2-simnibs-simu-left/0003/simulations/simulation_AFFT-left_8dbde024/mni_volumes/0003_TDCS_1_scalar_MNI_magnE_extra_AFFT-left_cleaned.nii.gz  ->  001-0004-MA_TDCS_1_scalar_MNI_magnE_extra_AFFT-left_cleaned.nii.gz
  /network/iss/levy/valerocabre/stimSD/Data/derivatives/mri/2-simnibs-simu-left/0003/simulations/simulation_FTAF-left_a0a7d87a/subject_overlays/lh.0003_TDCS_1_scalar.central.E.magn  ->  lh.001-0004-MA_TDCS_1_scalar.central.E.magn
  /network/iss/levy/valerocabre/stimSD/Data/derivatives/mri/2-simnibs-simu-left/0003/simulations/simulation_FTAF-left_a0a7d87a/subject_overlays/lh.0003_TDCS_1_scalar.central.E.normal  ->  lh.001-0004-MA_TDCS_1_scalar.central.E.normal
  /network/iss/levy/valerocabre/stimSD/Data/derivatives/mri/2-simnibs-simu-left/0003/simulations/simulation_FTAF-left_a0a7d87a/subject_overlays/lh.0003_TDCS_1_scalar.central.E.tangent  ->  lh.001-0004-MA_TDCS_1_scalar.central.E.tangent
  /network/iss/levy/valerocabre/stimSD/Data/derivatives/mri/2-simnibs-simu-left/0003/simulations/simulation_FTAF-left_a0a7d87a/subject_overlays/lh.0003_TDCS_1_scalar.central.E.angle  ->  lh.001-0004-MA_TDCS_1_scalar.central.E.angle
  /network/iss/levy/valerocabre/stimSD/Data/derivatives/mri/2-simnibs-simu-left/0003/simulations/simulation_FTAF-left_a0a7d87a/subject_overlays/rh.0003_TDCS_1_scalar.central.E.magn  ->  rh.001-0004-MA_TDCS_1_scalar.central.E.magn
  /network/iss/levy/valerocabre/stimSD/Data/derivatives/mri/2-simnibs-simu-left/0003/simulations/simulation_FTAF-left_a0a7d87a/subject_overlays/rh.0003_TDCS_1_scalar.central.E.normal  ->  rh.001-0004-MA_TDCS_1_scalar.central.E.normal
  /network/iss/levy/valerocabre/stimSD/Data/derivatives/mri/2-simnibs-simu-left/0003/simulations/simulation_FTAF-left_a0a7d87a/subject_overlays/rh.0003_TDCS_1_scalar.central.E.tangent  ->  rh.001-0004-MA_TDCS_1_scalar.central.E.tangent
  /network/iss/levy/valerocabre/stimSD/Data/derivatives/mri/2-simnibs-simu-left/0003/simulations/simulation_FTAF-left_a0a7d87a/subject_overlays/rh.0003_TDCS_1_scalar.central.E.angle  ->  rh.001-0004-MA_TDCS_1_scalar.central.E.angle
  /network/iss/levy/valerocabre/stimSD/Data/derivatives/mri/2-simnibs-simu-left/0003/simulations/simulation_FTAF-left_a0a7d87a/subject_overlays/lh.0003_TDCS_1_scalar.central.J.magn  ->  lh.001-0004-MA_TDCS_1_scalar.central.J.magn
  /network/iss/levy/valerocabre/stimSD/Data/derivatives/mri/2-simnibs-simu-left/0003/simulations/simulation_FTAF-left_a0a7d87a/subject_overlays/lh.0003_TDCS_1_scalar.central.J.normal  ->  lh.001-0004-MA_TDCS_1_scalar.central.J.normal
  /network/iss/levy/valerocabre/stimSD/Data/derivatives/mri/2-simnibs-simu-left/0003/simulations/simulation_FTAF-left_a0a7d87a/subject_overlays/lh.0003_TDCS_1_scalar.central.J.tangent  ->  lh.001-0004-MA_TDCS_1_scalar.central.J.tangent
  /network/iss/levy/valerocabre/stimSD/Data/derivatives/mri/2-simnibs-simu-left/0003/simulations/simulation_FTAF-left_a0a7d87a/subject_overlays/lh.0003_TDCS_1_scalar.central.J.angle  ->  lh.001-0004-MA_TDCS_1_scalar.central.J.angle
  /network/iss/levy/valerocabre/stimSD/Data/derivatives/mri/2-simnibs-simu-left/0003/simulations/simulation_FTAF-left_a0a7d87a/subject_overlays/rh.0003_TDCS_1_scalar.central.J.magn  ->  rh.001-0004-MA_TDCS_1_scalar.central.J.magn
  /network/iss/levy/valerocabre/stimSD/Data/derivatives/mri/2-simnibs-simu-left/0003/simulations/simulation_FTAF-left_a0a7d87a/subject_overlays/rh.0003_TDCS_1_scalar.central.J.normal  ->  rh.001-0004-MA_TDCS_1_scalar.central.J.normal
  /network/iss/levy/valerocabre/stimSD/Data/derivatives/mri/2-simnibs-simu-left/0003/simulations/simulation_FTAF-left_a0a7d87a/subject_overlays/rh.0003_TDCS_1_scalar.central.J.tangent  ->  rh.001-0004-MA_TDCS_1_scalar.central.J.tangent
  /network/iss/levy/valerocabre/stimSD/Data/derivatives/mri/2-simnibs-simu-left/0003/simulations/simulation_FTAF-left_a0a7d87a/subject_overlays/rh.0003_TDCS_1_scalar.central.J.angle  ->  rh.001-0004-MA_TDCS_1_scalar.central.J.angle
  /network/iss/levy/valerocabre/stimSD/Data/derivatives/mri/2-simnibs-simu-left/0003/simulations/simulation_FTAF-left_a0a7d87a/subject_overlays/0003_TDCS_1_scalar_central.msh  ->  001-0004-MA_TDCS_1_scalar_central.msh
  /network/iss/levy/valerocabre/stimSD/Data/derivatives/mri/2-simnibs-simu-left/0003/simulations/simulation_FTAF-left_a0a7d87a/subject_overlays/0003_TDCS_1_scalar_central.msh.opt  ->  001-0004-MA_TDCS_1_scalar_central.msh.opt
  /network/iss/levy/valerocabre/stimSD/Data/derivatives/mri/2-simnibs-simu-left/0003/simulations/simulation_FTAF-left_a0a7d87a/subject_volumes/0003_TDCS_1_scalar_E.nii.gz  ->  001-0004-MA_TDCS_1_scalar_E.nii.gz
  /network/iss/levy/valerocabre/stimSD/Data/derivatives/mri/2-simnibs-simu-left/0003/simulations/simulation_FTAF-left_a0a7d87a/subject_volumes/0003_TDCS_1_scalar_magnE.nii.gz  ->  001-0004-MA_TDCS_1_scalar_magnE.nii.gz
  /network/iss/levy/valerocabre/stimSD/Data/derivatives/mri/2-simnibs-simu-left/0003/simulations/simulation_FTAF-left_a0a7d87a/subject_volumes/0003_TDCS_1_scalar_J.nii.gz  ->  001-0004-MA_TDCS_1_scalar_J.nii.gz
  /network/iss/levy/valerocabre/stimSD/Data/derivatives/mri/2-simnibs-simu-left/0003/simulations/simulation_FTAF-left_a0a7d87a/subject_volumes/0003_TDCS_1_scalar_magnJ.nii.gz  ->  001-0004-MA_TDCS_1_scalar_magnJ.nii.gz
  /network/iss/levy/valerocabre/stimSD/Data/derivatives/mri/2-simnibs-simu-left/0003/simulations/simulation_FTAF-left_a0a7d87a/mni_volumes/0003_TDCS_1_scalar_MNI_E.nii.gz  ->  001-0004-MA_TDCS_1_scalar_MNI_E.nii.gz
  /network/iss/levy/valerocabre/stimSD/Data/derivatives/mri/2-simnibs-simu-left/0003/simulations/simulation_FTAF-left_a0a7d87a/mni_volumes/0003_TDCS_1_scalar_MNI_magnE.nii.gz  ->  001-0004-MA_TDCS_1_scalar_MNI_magnE.nii.gz
  /network/iss/levy/valerocabre/stimSD/Data/derivatives/mri/2-simnibs-simu-left/0003/simulations/simulation_FTAF-left_a0a7d87a/mni_volumes/0003_TDCS_1_scalar_MNI_J.nii.gz  ->  001-0004-MA_TDCS_1_scalar_MNI_J.nii.gz
  /network/iss/levy/valerocabre/stimSD/Data/derivatives/mri/2-simnibs-simu-left/0003/simulations/simulation_FTAF-left_a0a7d87a/mni_volumes/0003_TDCS_1_scalar_MNI_magnJ.nii.gz  ->  001-0004-MA_TDCS_1_scalar_MNI_magnJ.nii.gz
  /network/iss/levy/valerocabre/stimSD/Data/derivatives/mri/2-simnibs-simu-left/0003/simulations/simulation_FTAF-left_a0a7d87a/mni_volumes/0003_TDCS_1_scalar_MNI_magnE_FTAF-left_masked.nii.gz  ->  001-0004-MA_TDCS_1_scalar_MNI_magnE_FTAF-left_masked.nii.gz
  /network/iss/levy/valerocabre/stimSD/Data/derivatives/mri/2-simnibs-simu-left/0003/simulations/simulation_FTAF-left_a0a7d87a/mni_volumes/0003_TDCS_1_scalar_MNI_magnE_FTAF-left_cleaned.nii.gz  ->  001-0004-MA_TDCS_1_scalar_MNI_magnE_FTAF-left_cleaned.nii.gz
  /network/iss/levy/valerocabre/stimSD/Data/derivatives/mri/2-simnibs-simu-left/0003/simulations/simulation_FTAF-left_a0a7d87a/mni_volumes/0003_TDCS_1_scalar_MNI_magnE_extra_FTAF-left_masked.nii.gz  ->  001-0004-MA_TDCS_1_scalar_MNI_magnE_extra_FTAF-left_masked.nii.gz
  /network/iss/levy/valerocabre/stimSD/Data/derivatives/mri/2-simnibs-simu-left/0003/simulations/simulation_FTAF-left_a0a7d87a/mni_volumes/0003_TDCS_1_scalar_MNI_magnE_extra_FTAF-left_cleaned.nii.gz  ->  001-0004-MA_TDCS_1_scalar_MNI_magnE_extra_FTAF-left_cleaned.nii.gz
  /network/iss/levy/valerocabre/stimSD/Data/derivatives/mri/2-simnibs-simu-left/0001/simulations/simulation_AFFT-left_8dbde024/subject_overlays/lh.0001_TDCS_1_scalar.central.E.magn  ->  lh.001-0001-CM_TDCS_1_scalar.central.E.magn
  /network/iss/levy/valerocabre/stimSD/Data/derivatives/mri/2-simnibs-simu-left/0001/simulations/simulation_AFFT-left_8dbde024/subject_overlays/lh.0001_TDCS_1_scalar.central.E.normal  ->  lh.001-0001-CM_TDCS_1_scalar.central.E.normal
  /network/iss/levy/valerocabre/stimSD/Data/derivatives/mri/2-simnibs-simu-left/0001/simulations/simulation_AFFT-left_8dbde024/subject_overlays/lh.0001_TDCS_1_scalar.central.E.tangent  ->  lh.001-0001-CM_TDCS_1_scalar.central.E.tangent
  /network/iss/levy/valerocabre/stimSD/Data/derivatives/mri/2-simnibs-simu-left/0001/simulations/simulation_AFFT-left_8dbde024/subject_overlays/lh.0001_TDCS_1_scalar.central.E.angle  ->  lh.001-0001-CM_TDCS_1_scalar.central.E.angle
  /network/iss/levy/valerocabre/stimSD/Data/derivatives/mri/2-simnibs-simu-left/0001/simulations/simulation_AFFT-left_8dbde024/subject_overlays/rh.0001_TDCS_1_scalar.central.E.magn  ->  rh.001-0001-CM_TDCS_1_scalar.central.E.magn
  /network/iss/levy/valerocabre/stimSD/Data/derivatives/mri/2-simnibs-simu-left/0001/simulations/simulation_AFFT-left_8dbde024/subject_overlays/rh.0001_TDCS_1_scalar.central.E.normal  ->  rh.001-0001-CM_TDCS_1_scalar.central.E.normal
  /network/iss/levy/valerocabre/stimSD/Data/derivatives/mri/2-simnibs-simu-left/0001/simulations/simulation_AFFT-left_8dbde024/subject_overlays/rh.0001_TDCS_1_scalar.central.E.tangent  ->  rh.001-0001-CM_TDCS_1_scalar.central.E.tangent
  /network/iss/levy/valerocabre/stimSD/Data/derivatives/mri/2-simnibs-simu-left/0001/simulations/simulation_AFFT-left_8dbde024/subject_overlays/rh.0001_TDCS_1_scalar.central.E.angle  ->  rh.001-0001-CM_TDCS_1_scalar.central.E.angle
  /network/iss/levy/valerocabre/stimSD/Data/derivatives/mri/2-simnibs-simu-left/0001/simulations/simulation_AFFT-left_8dbde024/subject_overlays/lh.0001_TDCS_1_scalar.central.J.magn  ->  lh.001-0001-CM_TDCS_1_scalar.central.J.magn
  /network/iss/levy/valerocabre/stimSD/Data/derivatives/mri/2-simnibs-simu-left/0001/simulations/simulation_AFFT-left_8dbde024/subject_overlays/lh.0001_TDCS_1_scalar.central.J.normal  ->  lh.001-0001-CM_TDCS_1_scalar.central.J.normal
  /network/iss/levy/valerocabre/stimSD/Data/derivatives/mri/2-simnibs-simu-left/0001/simulations/simulation_AFFT-left_8dbde024/subject_overlays/lh.0001_TDCS_1_scalar.central.J.tangent  ->  lh.001-0001-CM_TDCS_1_scalar.central.J.tangent
  /network/iss/levy/valerocabre/stimSD/Data/derivatives/mri/2-simnibs-simu-left/0001/simulations/simulation_AFFT-left_8dbde024/subject_overlays/lh.0001_TDCS_1_scalar.central.J.angle  ->  lh.001-0001-CM_TDCS_1_scalar.central.J.angle
  /network/iss/levy/valerocabre/stimSD/Data/derivatives/mri/2-simnibs-simu-left/0001/simulations/simulation_AFFT-left_8dbde024/subject_overlays/rh.0001_TDCS_1_scalar.central.J.magn  ->  rh.001-0001-CM_TDCS_1_scalar.central.J.magn
  /network/iss/levy/valerocabre/stimSD/Data/derivatives/mri/2-simnibs-simu-left/0001/simulations/simulation_AFFT-left_8dbde024/subject_overlays/rh.0001_TDCS_1_scalar.central.J.normal  ->  rh.001-0001-CM_TDCS_1_scalar.central.J.normal
  /network/iss/levy/valerocabre/stimSD/Data/derivatives/mri/2-simnibs-simu-left/0001/simulations/simulation_AFFT-left_8dbde024/subject_overlays/rh.0001_TDCS_1_scalar.central.J.tangent  ->  rh.001-0001-CM_TDCS_1_scalar.central.J.tangent
  /network/iss/levy/valerocabre/stimSD/Data/derivatives/mri/2-simnibs-simu-left/0001/simulations/simulation_AFFT-left_8dbde024/subject_overlays/rh.0001_TDCS_1_scalar.central.J.angle  ->  rh.001-0001-CM_TDCS_1_scalar.central.J.angle
  /network/iss/levy/valerocabre/stimSD/Data/derivatives/mri/2-simnibs-simu-left/0001/simulations/simulation_AFFT-left_8dbde024/subject_overlays/0001_TDCS_1_scalar_central.msh  ->  001-0001-CM_TDCS_1_scalar_central.msh
  /network/iss/levy/valerocabre/stimSD/Data/derivatives/mri/2-simnibs-simu-left/0001/simulations/simulation_AFFT-left_8dbde024/subject_overlays/0001_TDCS_1_scalar_central.msh.opt  ->  001-0001-CM_TDCS_1_scalar_central.msh.opt
  /network/iss/levy/valerocabre/stimSD/Data/derivatives/mri/2-simnibs-simu-left/0001/simulations/simulation_AFFT-left_8dbde024/subject_volumes/0001_TDCS_1_scalar_E.nii.gz  ->  001-0001-CM_TDCS_1_scalar_E.nii.gz
  /network/iss/levy/valerocabre/stimSD/Data/derivatives/mri/2-simnibs-simu-left/0001/simulations/simulation_AFFT-left_8dbde024/subject_volumes/0001_TDCS_1_scalar_magnE.nii.gz  ->  001-0001-CM_TDCS_1_scalar_magnE.nii.gz
  /network/iss/levy/valerocabre/stimSD/Data/derivatives/mri/2-simnibs-simu-left/0001/simulations/simulation_AFFT-left_8dbde024/subject_volumes/0001_TDCS_1_scalar_J.nii.gz  ->  001-0001-CM_TDCS_1_scalar_J.nii.gz
  /network/iss/levy/valerocabre/stimSD/Data/derivatives/mri/2-simnibs-simu-left/0001/simulations/simulation_AFFT-left_8dbde024/subject_volumes/0001_TDCS_1_scalar_magnJ.nii.gz  ->  001-0001-CM_TDCS_1_scalar_magnJ.nii.gz
  /network/iss/levy/valerocabre/stimSD/Data/derivatives/mri/2-simnibs-simu-left/0001/simulations/simulation_AFFT-left_8dbde024/mni_volumes/0001_TDCS_1_scalar_MNI_E.nii.gz  ->  001-0001-CM_TDCS_1_scalar_MNI_E.nii.gz
  /network/iss/levy/valerocabre/stimSD/Data/derivatives/mri/2-simnibs-simu-left/0001/simulations/simulation_AFFT-left_8dbde024/mni_volumes/0001_TDCS_1_scalar_MNI_magnE.nii.gz  ->  001-0001-CM_TDCS_1_scalar_MNI_magnE.nii.gz
  /network/iss/levy/valerocabre/stimSD/Data/derivatives/mri/2-simnibs-simu-left/0001/simulations/simulation_AFFT-left_8dbde024/mni_volumes/0001_TDCS_1_scalar_MNI_J.nii.gz  ->  001-0001-CM_TDCS_1_scalar_MNI_J.nii.gz
  /network/iss/levy/valerocabre/stimSD/Data/derivatives/mri/2-simnibs-simu-left/0001/simulations/simulation_AFFT-left_8dbde024/mni_volumes/0001_TDCS_1_scalar_MNI_magnJ.nii.gz  ->  001-0001-CM_TDCS_1_scalar_MNI_magnJ.nii.gz
  /network/iss/levy/valerocabre/stimSD/Data/derivatives/mri/2-simnibs-simu-left/0001/simulations/simulation_AFFT-left_8dbde024/mni_volumes/0001_TDCS_1_scalar_MNI_magnE_AFFT-left_masked.nii.gz  ->  001-0001-CM_TDCS_1_scalar_MNI_magnE_AFFT-left_masked.nii.gz
  /network/iss/levy/valerocabre/stimSD/Data/derivatives/mri/2-simnibs-simu-left/0001/simulations/simulation_AFFT-left_8dbde024/mni_volumes/0001_TDCS_1_scalar_MNI_magnE_AFFT-left_cleaned.nii.gz  ->  001-0001-CM_TDCS_1_scalar_MNI_magnE_AFFT-left_cleaned.nii.gz
  /network/iss/levy/valerocabre/stimSD/Data/derivatives/mri/2-simnibs-simu-left/0001/simulations/simulation_AFFT-left_8dbde024/mni_volumes/0001_TDCS_1_scalar_MNI_magnE_extra_AFFT-left_masked.nii.gz  ->  001-0001-CM_TDCS_1_scalar_MNI_magnE_extra_AFFT-left_masked.nii.gz
  /network/iss/levy/valerocabre/stimSD/Data/derivatives/mri/2-simnibs-simu-left/0001/simulations/simulation_AFFT-left_8dbde024/mni_volumes/0001_TDCS_1_scalar_MNI_magnE_extra_AFFT-left_cleaned.nii.gz  ->  001-0001-CM_TDCS_1_scalar_MNI_magnE_extra_AFFT-left_cleaned.nii.gz
  /network/iss/levy/valerocabre/stimSD/Data/derivatives/mri/2-simnibs-simu-left/0001/simulations/simulation_FTAF-left_a0a7d87a/subject_overlays/lh.0001_TDCS_1_scalar.central.E.magn  ->  lh.001-0001-CM_TDCS_1_scalar.central.E.magn
  /network/iss/levy/valerocabre/stimSD/Data/derivatives/mri/2-simnibs-simu-left/0001/simulations/simulation_FTAF-left_a0a7d87a/subject_overlays/lh.0001_TDCS_1_scalar.central.E.normal  ->  lh.001-0001-CM_TDCS_1_scalar.central.E.normal
  /network/iss/levy/valerocabre/stimSD/Data/derivatives/mri/2-simnibs-simu-left/0001/simulations/simulation_FTAF-left_a0a7d87a/subject_overlays/lh.0001_TDCS_1_scalar.central.E.tangent  ->  lh.001-0001-CM_TDCS_1_scalar.central.E.tangent
  /network/iss/levy/valerocabre/stimSD/Data/derivatives/mri/2-simnibs-simu-left/0001/simulations/simulation_FTAF-left_a0a7d87a/subject_overlays/lh.0001_TDCS_1_scalar.central.E.angle  ->  lh.001-0001-CM_TDCS_1_scalar.central.E.angle
  /network/iss/levy/valerocabre/stimSD/Data/derivatives/mri/2-simnibs-simu-left/0001/simulations/simulation_FTAF-left_a0a7d87a/subject_overlays/rh.0001_TDCS_1_scalar.central.E.magn  ->  rh.001-0001-CM_TDCS_1_scalar.central.E.magn
  /network/iss/levy/valerocabre/stimSD/Data/derivatives/mri/2-simnibs-simu-left/0001/simulations/simulation_FTAF-left_a0a7d87a/subject_overlays/rh.0001_TDCS_1_scalar.central.E.normal  ->  rh.001-0001-CM_TDCS_1_scalar.central.E.normal
  /network/iss/levy/valerocabre/stimSD/Data/derivatives/mri/2-simnibs-simu-left/0001/simulations/simulation_FTAF-left_a0a7d87a/subject_overlays/rh.0001_TDCS_1_scalar.central.E.tangent  ->  rh.001-0001-CM_TDCS_1_scalar.central.E.tangent
  /network/iss/levy/valerocabre/stimSD/Data/derivatives/mri/2-simnibs-simu-left/0001/simulations/simulation_FTAF-left_a0a7d87a/subject_overlays/rh.0001_TDCS_1_scalar.central.E.angle  ->  rh.001-0001-CM_TDCS_1_scalar.central.E.angle
  /network/iss/levy/valerocabre/stimSD/Data/derivatives/mri/2-simnibs-simu-left/0001/simulations/simulation_FTAF-left_a0a7d87a/subject_overlays/lh.0001_TDCS_1_scalar.central.J.magn  ->  lh.001-0001-CM_TDCS_1_scalar.central.J.magn
  /network/iss/levy/valerocabre/stimSD/Data/derivatives/mri/2-simnibs-simu-left/0001/simulations/simulation_FTAF-left_a0a7d87a/subject_overlays/lh.0001_TDCS_1_scalar.central.J.normal  ->  lh.001-0001-CM_TDCS_1_scalar.central.J.normal
  /network/iss/levy/valerocabre/stimSD/Data/derivatives/mri/2-simnibs-simu-left/0001/simulations/simulation_FTAF-left_a0a7d87a/subject_overlays/lh.0001_TDCS_1_scalar.central.J.tangent  ->  lh.001-0001-CM_TDCS_1_scalar.central.J.tangent
  /network/iss/levy/valerocabre/stimSD/Data/derivatives/mri/2-simnibs-simu-left/0001/simulations/simulation_FTAF-left_a0a7d87a/subject_overlays/lh.0001_TDCS_1_scalar.central.J.angle  ->  lh.001-0001-CM_TDCS_1_scalar.central.J.angle
  /network/iss/levy/valerocabre/stimSD/Data/derivatives/mri/2-simnibs-simu-left/0001/simulations/simulation_FTAF-left_a0a7d87a/subject_overlays/rh.0001_TDCS_1_scalar.central.J.magn  ->  rh.001-0001-CM_TDCS_1_scalar.central.J.magn
  /network/iss/levy/valerocabre/stimSD/Data/derivatives/mri/2-simnibs-simu-left/0001/simulations/simulation_FTAF-left_a0a7d87a/subject_overlays/rh.0001_TDCS_1_scalar.central.J.normal  ->  rh.001-0001-CM_TDCS_1_scalar.central.J.normal
  /network/iss/levy/valerocabre/stimSD/Data/derivatives/mri/2-simnibs-simu-left/0001/simulations/simulation_FTAF-left_a0a7d87a/subject_overlays/rh.0001_TDCS_1_scalar.central.J.tangent  ->  rh.001-0001-CM_TDCS_1_scalar.central.J.tangent
  /network/iss/levy/valerocabre/stimSD/Data/derivatives/mri/2-simnibs-simu-left/0001/simulations/simulation_FTAF-left_a0a7d87a/subject_overlays/rh.0001_TDCS_1_scalar.central.J.angle  ->  rh.001-0001-CM_TDCS_1_scalar.central.J.angle
  /network/iss/levy/valerocabre/stimSD/Data/derivatives/mri/2-simnibs-simu-left/0001/simulations/simulation_FTAF-left_a0a7d87a/subject_overlays/0001_TDCS_1_scalar_central.msh  ->  001-0001-CM_TDCS_1_scalar_central.msh
  /network/iss/levy/valerocabre/stimSD/Data/derivatives/mri/2-simnibs-simu-left/0001/simulations/simulation_FTAF-left_a0a7d87a/subject_overlays/0001_TDCS_1_scalar_central.msh.opt  ->  001-0001-CM_TDCS_1_scalar_central.msh.opt
  /network/iss/levy/valerocabre/stimSD/Data/derivatives/mri/2-simnibs-simu-left/0001/simulations/simulation_FTAF-left_a0a7d87a/subject_volumes/0001_TDCS_1_scalar_E.nii.gz  ->  001-0001-CM_TDCS_1_scalar_E.nii.gz
  /network/iss/levy/valerocabre/stimSD/Data/derivatives/mri/2-simnibs-simu-left/0001/simulations/simulation_FTAF-left_a0a7d87a/subject_volumes/0001_TDCS_1_scalar_magnE.nii.gz  ->  001-0001-CM_TDCS_1_scalar_magnE.nii.gz
  /network/iss/levy/valerocabre/stimSD/Data/derivatives/mri/2-simnibs-simu-left/0001/simulations/simulation_FTAF-left_a0a7d87a/subject_volumes/0001_TDCS_1_scalar_J.nii.gz  ->  001-0001-CM_TDCS_1_scalar_J.nii.gz
  /network/iss/levy/valerocabre/stimSD/Data/derivatives/mri/2-simnibs-simu-left/0001/simulations/simulation_FTAF-left_a0a7d87a/subject_volumes/0001_TDCS_1_scalar_magnJ.nii.gz  ->  001-0001-CM_TDCS_1_scalar_magnJ.nii.gz
  /network/iss/levy/valerocabre/stimSD/Data/derivatives/mri/2-simnibs-simu-left/0001/simulations/simulation_FTAF-left_a0a7d87a/mni_volumes/0001_TDCS_1_scalar_MNI_E.nii.gz  ->  001-0001-CM_TDCS_1_scalar_MNI_E.nii.gz
  /network/iss/levy/valerocabre/stimSD/Data/derivatives/mri/2-simnibs-simu-left/0001/simulations/simulation_FTAF-left_a0a7d87a/mni_volumes/0001_TDCS_1_scalar_MNI_magnE.nii.gz  ->  001-0001-CM_TDCS_1_scalar_MNI_magnE.nii.gz
  /network/iss/levy/valerocabre/stimSD/Data/derivatives/mri/2-simnibs-simu-left/0001/simulations/simulation_FTAF-left_a0a7d87a/mni_volumes/0001_TDCS_1_scalar_MNI_J.nii.gz  ->  001-0001-CM_TDCS_1_scalar_MNI_J.nii.gz
  /network/iss/levy/valerocabre/stimSD/Data/derivatives/mri/2-simnibs-simu-left/0001/simulations/simulation_FTAF-left_a0a7d87a/mni_volumes/0001_TDCS_1_scalar_MNI_magnJ.nii.gz  ->  001-0001-CM_TDCS_1_scalar_MNI_magnJ.nii.gz
  /network/iss/levy/valerocabre/stimSD/Data/derivatives/mri/2-simnibs-simu-left/0001/simulations/simulation_FTAF-left_a0a7d87a/mni_volumes/0001_TDCS_1_scalar_MNI_magnE_FTAF-left_masked.nii.gz  ->  001-0001-CM_TDCS_1_scalar_MNI_magnE_FTAF-left_masked.nii.gz
  /network/iss/levy/valerocabre/stimSD/Data/derivatives/mri/2-simnibs-simu-left/0001/simulations/simulation_FTAF-left_a0a7d87a/mni_volumes/0001_TDCS_1_scalar_MNI_magnE_FTAF-left_cleaned.nii.gz  ->  001-0001-CM_TDCS_1_scalar_MNI_magnE_FTAF-left_cleaned.nii.gz
  /network/iss/levy/valerocabre/stimSD/Data/derivatives/mri/2-simnibs-simu-left/0001/simulations/simulation_FTAF-left_a0a7d87a/mni_volumes/0001_TDCS_1_scalar_MNI_magnE_extra_FTAF-left_masked.nii.gz  ->  001-0001-CM_TDCS_1_scalar_MNI_magnE_extra_FTAF-left_masked.nii.gz
  /network/iss/levy/valerocabre/stimSD/Data/derivatives/mri/2-simnibs-simu-left/0001/simulations/simulation_FTAF-left_a0a7d87a/mni_volumes/0001_TDCS_1_scalar_MNI_magnE_extra_FTAF-left_cleaned.nii.gz  ->  001-0001-CM_TDCS_1_scalar_MNI_magnE_extra_FTAF-left_cleaned.nii.gz
  /network/iss/levy/valerocabre/stimSD/Data/derivatives/mri/2-simnibs-simu-left/0004/simulations/simulation_AFFT-left_8dbde024/subject_overlays/lh.0004_TDCS_1_scalar.central.E.magn  ->  lh.001-0005-LS_TDCS_1_scalar.central.E.magn
  /network/iss/levy/valerocabre/stimSD/Data/derivatives/mri/2-simnibs-simu-left/0004/simulations/simulation_AFFT-left_8dbde024/subject_overlays/lh.0004_TDCS_1_scalar.central.E.normal  ->  lh.001-0005-LS_TDCS_1_scalar.central.E.normal
  /network/iss/levy/valerocabre/stimSD/Data/derivatives/mri/2-simnibs-simu-left/0004/simulations/simulation_AFFT-left_8dbde024/subject_overlays/lh.0004_TDCS_1_scalar.central.E.tangent  ->  lh.001-0005-LS_TDCS_1_scalar.central.E.tangent
  /network/iss/levy/valerocabre/stimSD/Data/derivatives/mri/2-simnibs-simu-left/0004/simulations/simulation_AFFT-left_8dbde024/subject_overlays/lh.0004_TDCS_1_scalar.central.E.angle  ->  lh.001-0005-LS_TDCS_1_scalar.central.E.angle
  /network/iss/levy/valerocabre/stimSD/Data/derivatives/mri/2-simnibs-simu-left/0004/simulations/simulation_AFFT-left_8dbde024/subject_overlays/rh.0004_TDCS_1_scalar.central.E.magn  ->  rh.001-0005-LS_TDCS_1_scalar.central.E.magn
  /network/iss/levy/valerocabre/stimSD/Data/derivatives/mri/2-simnibs-simu-left/0004/simulations/simulation_AFFT-left_8dbde024/subject_overlays/rh.0004_TDCS_1_scalar.central.E.normal  ->  rh.001-0005-LS_TDCS_1_scalar.central.E.normal
  /network/iss/levy/valerocabre/stimSD/Data/derivatives/mri/2-simnibs-simu-left/0004/simulations/simulation_AFFT-left_8dbde024/subject_overlays/rh.0004_TDCS_1_scalar.central.E.tangent  ->  rh.001-0005-LS_TDCS_1_scalar.central.E.tangent
  /network/iss/levy/valerocabre/stimSD/Data/derivatives/mri/2-simnibs-simu-left/0004/simulations/simulation_AFFT-left_8dbde024/subject_overlays/rh.0004_TDCS_1_scalar.central.E.angle  ->  rh.001-0005-LS_TDCS_1_scalar.central.E.angle
  /network/iss/levy/valerocabre/stimSD/Data/derivatives/mri/2-simnibs-simu-left/0004/simulations/simulation_AFFT-left_8dbde024/subject_overlays/lh.0004_TDCS_1_scalar.central.J.magn  ->  lh.001-0005-LS_TDCS_1_scalar.central.J.magn
  /network/iss/levy/valerocabre/stimSD/Data/derivatives/mri/2-simnibs-simu-left/0004/simulations/simulation_AFFT-left_8dbde024/subject_overlays/lh.0004_TDCS_1_scalar.central.J.normal  ->  lh.001-0005-LS_TDCS_1_scalar.central.J.normal
  /network/iss/levy/valerocabre/stimSD/Data/derivatives/mri/2-simnibs-simu-left/0004/simulations/simulation_AFFT-left_8dbde024/subject_overlays/lh.0004_TDCS_1_scalar.central.J.tangent  ->  lh.001-0005-LS_TDCS_1_scalar.central.J.tangent
  /network/iss/levy/valerocabre/stimSD/Data/derivatives/mri/2-simnibs-simu-left/0004/simulations/simulation_AFFT-left_8dbde024/subject_overlays/lh.0004_TDCS_1_scalar.central.J.angle  ->  lh.001-0005-LS_TDCS_1_scalar.central.J.angle
  /network/iss/levy/valerocabre/stimSD/Data/derivatives/mri/2-simnibs-simu-left/0004/simulations/simulation_AFFT-left_8dbde024/subject_overlays/rh.0004_TDCS_1_scalar.central.J.magn  ->  rh.001-0005-LS_TDCS_1_scalar.central.J.magn
  /network/iss/levy/valerocabre/stimSD/Data/derivatives/mri/2-simnibs-simu-left/0004/simulations/simulation_AFFT-left_8dbde024/subject_overlays/rh.0004_TDCS_1_scalar.central.J.normal  ->  rh.001-0005-LS_TDCS_1_scalar.central.J.normal
  /network/iss/levy/valerocabre/stimSD/Data/derivatives/mri/2-simnibs-simu-left/0004/simulations/simulation_AFFT-left_8dbde024/subject_overlays/rh.0004_TDCS_1_scalar.central.J.tangent  ->  rh.001-0005-LS_TDCS_1_scalar.central.J.tangent
  /network/iss/levy/valerocabre/stimSD/Data/derivatives/mri/2-simnibs-simu-left/0004/simulations/simulation_AFFT-left_8dbde024/subject_overlays/rh.0004_TDCS_1_scalar.central.J.angle  ->  rh.001-0005-LS_TDCS_1_scalar.central.J.angle
  /network/iss/levy/valerocabre/stimSD/Data/derivatives/mri/2-simnibs-simu-left/0004/simulations/simulation_AFFT-left_8dbde024/subject_overlays/0004_TDCS_1_scalar_central.msh  ->  001-0005-LS_TDCS_1_scalar_central.msh
  /network/iss/levy/valerocabre/stimSD/Data/derivatives/mri/2-simnibs-simu-left/0004/simulations/simulation_AFFT-left_8dbde024/subject_overlays/0004_TDCS_1_scalar_central.msh.opt  ->  001-0005-LS_TDCS_1_scalar_central.msh.opt
  /network/iss/levy/valerocabre/stimSD/Data/derivatives/mri/2-simnibs-simu-left/0004/simulations/simulation_AFFT-left_8dbde024/subject_volumes/0004_TDCS_1_scalar_E.nii.gz  ->  001-0005-LS_TDCS_1_scalar_E.nii.gz
  /network/iss/levy/valerocabre/stimSD/Data/derivatives/mri/2-simnibs-simu-left/0004/simulations/simulation_AFFT-left_8dbde024/subject_volumes/0004_TDCS_1_scalar_magnE.nii.gz  ->  001-0005-LS_TDCS_1_scalar_magnE.nii.gz
  /network/iss/levy/valerocabre/stimSD/Data/derivatives/mri/2-simnibs-simu-left/0004/simulations/simulation_AFFT-left_8dbde024/subject_volumes/0004_TDCS_1_scalar_J.nii.gz  ->  001-0005-LS_TDCS_1_scalar_J.nii.gz
  /network/iss/levy/valerocabre/stimSD/Data/derivatives/mri/2-simnibs-simu-left/0004/simulations/simulation_AFFT-left_8dbde024/subject_volumes/0004_TDCS_1_scalar_magnJ.nii.gz  ->  001-0005-LS_TDCS_1_scalar_magnJ.nii.gz
  /network/iss/levy/valerocabre/stimSD/Data/derivatives/mri/2-simnibs-simu-left/0004/simulations/simulation_AFFT-left_8dbde024/mni_volumes/0004_TDCS_1_scalar_MNI_E.nii.gz  ->  001-0005-LS_TDCS_1_scalar_MNI_E.nii.gz
  /network/iss/levy/valerocabre/stimSD/Data/derivatives/mri/2-simnibs-simu-left/0004/simulations/simulation_AFFT-left_8dbde024/mni_volumes/0004_TDCS_1_scalar_MNI_magnE.nii.gz  ->  001-0005-LS_TDCS_1_scalar_MNI_magnE.nii.gz
  /network/iss/levy/valerocabre/stimSD/Data/derivatives/mri/2-simnibs-simu-left/0004/simulations/simulation_AFFT-left_8dbde024/mni_volumes/0004_TDCS_1_scalar_MNI_J.nii.gz  ->  001-0005-LS_TDCS_1_scalar_MNI_J.nii.gz
  /network/iss/levy/valerocabre/stimSD/Data/derivatives/mri/2-simnibs-simu-left/0004/simulations/simulation_AFFT-left_8dbde024/mni_volumes/0004_TDCS_1_scalar_MNI_magnJ.nii.gz  ->  001-0005-LS_TDCS_1_scalar_MNI_magnJ.nii.gz
  /network/iss/levy/valerocabre/stimSD/Data/derivatives/mri/2-simnibs-simu-left/0004/simulations/simulation_AFFT-left_8dbde024/mni_volumes/0004_TDCS_1_scalar_MNI_magnE_AFFT-left_masked.nii.gz  ->  001-0005-LS_TDCS_1_scalar_MNI_magnE_AFFT-left_masked.nii.gz
  /network/iss/levy/valerocabre/stimSD/Data/derivatives/mri/2-simnibs-simu-left/0004/simulations/simulation_AFFT-left_8dbde024/mni_volumes/0004_TDCS_1_scalar_MNI_magnE_AFFT-left_cleaned.nii.gz  ->  001-0005-LS_TDCS_1_scalar_MNI_magnE_AFFT-left_cleaned.nii.gz
  /network/iss/levy/valerocabre/stimSD/Data/derivatives/mri/2-simnibs-simu-left/0004/simulations/simulation_AFFT-left_8dbde024/mni_volumes/0004_TDCS_1_scalar_MNI_magnE_extra_AFFT-left_masked.nii.gz  ->  001-0005-LS_TDCS_1_scalar_MNI_magnE_extra_AFFT-left_masked.nii.gz
  /network/iss/levy/valerocabre/stimSD/Data/derivatives/mri/2-simnibs-simu-left/0004/simulations/simulation_AFFT-left_8dbde024/mni_volumes/0004_TDCS_1_scalar_MNI_magnE_extra_AFFT-left_cleaned.nii.gz  ->  001-0005-LS_TDCS_1_scalar_MNI_magnE_extra_AFFT-left_cleaned.nii.gz
  /network/iss/levy/valerocabre/stimSD/Data/derivatives/mri/2-simnibs-simu-left/0004/simulations/simulation_FTAF-left_a0a7d87a/subject_overlays/lh.0004_TDCS_1_scalar.central.E.magn  ->  lh.001-0005-LS_TDCS_1_scalar.central.E.magn
  /network/iss/levy/valerocabre/stimSD/Data/derivatives/mri/2-simnibs-simu-left/0004/simulations/simulation_FTAF-left_a0a7d87a/subject_overlays/lh.0004_TDCS_1_scalar.central.E.normal  ->  lh.001-0005-LS_TDCS_1_scalar.central.E.normal
  /network/iss/levy/valerocabre/stimSD/Data/derivatives/mri/2-simnibs-simu-left/0004/simulations/simulation_FTAF-left_a0a7d87a/subject_overlays/lh.0004_TDCS_1_scalar.central.E.tangent  ->  lh.001-0005-LS_TDCS_1_scalar.central.E.tangent
  /network/iss/levy/valerocabre/stimSD/Data/derivatives/mri/2-simnibs-simu-left/0004/simulations/simulation_FTAF-left_a0a7d87a/subject_overlays/lh.0004_TDCS_1_scalar.central.E.angle  ->  lh.001-0005-LS_TDCS_1_scalar.central.E.angle
  /network/iss/levy/valerocabre/stimSD/Data/derivatives/mri/2-simnibs-simu-left/0004/simulations/simulation_FTAF-left_a0a7d87a/subject_overlays/rh.0004_TDCS_1_scalar.central.E.magn  ->  rh.001-0005-LS_TDCS_1_scalar.central.E.magn
  /network/iss/levy/valerocabre/stimSD/Data/derivatives/mri/2-simnibs-simu-left/0004/simulations/simulation_FTAF-left_a0a7d87a/subject_overlays/rh.0004_TDCS_1_scalar.central.E.normal  ->  rh.001-0005-LS_TDCS_1_scalar.central.E.normal
  /network/iss/levy/valerocabre/stimSD/Data/derivatives/mri/2-simnibs-simu-left/0004/simulations/simulation_FTAF-left_a0a7d87a/subject_overlays/rh.0004_TDCS_1_scalar.central.E.tangent  ->  rh.001-0005-LS_TDCS_1_scalar.central.E.tangent
  /network/iss/levy/valerocabre/stimSD/Data/derivatives/mri/2-simnibs-simu-left/0004/simulations/simulation_FTAF-left_a0a7d87a/subject_overlays/rh.0004_TDCS_1_scalar.central.E.angle  ->  rh.001-0005-LS_TDCS_1_scalar.central.E.angle
  /network/iss/levy/valerocabre/stimSD/Data/derivatives/mri/2-simnibs-simu-left/0004/simulations/simulation_FTAF-left_a0a7d87a/subject_overlays/lh.0004_TDCS_1_scalar.central.J.magn  ->  lh.001-0005-LS_TDCS_1_scalar.central.J.magn
  /network/iss/levy/valerocabre/stimSD/Data/derivatives/mri/2-simnibs-simu-left/0004/simulations/simulation_FTAF-left_a0a7d87a/subject_overlays/lh.0004_TDCS_1_scalar.central.J.normal  ->  lh.001-0005-LS_TDCS_1_scalar.central.J.normal
  /network/iss/levy/valerocabre/stimSD/Data/derivatives/mri/2-simnibs-simu-left/0004/simulations/simulation_FTAF-left_a0a7d87a/subject_overlays/lh.0004_TDCS_1_scalar.central.J.tangent  ->  lh.001-0005-LS_TDCS_1_scalar.central.J.tangent
  /network/iss/levy/valerocabre/stimSD/Data/derivatives/mri/2-simnibs-simu-left/0004/simulations/simulation_FTAF-left_a0a7d87a/subject_overlays/lh.0004_TDCS_1_scalar.central.J.angle  ->  lh.001-0005-LS_TDCS_1_scalar.central.J.angle
  /network/iss/levy/valerocabre/stimSD/Data/derivatives/mri/2-simnibs-simu-left/0004/simulations/simulation_FTAF-left_a0a7d87a/subject_overlays/rh.0004_TDCS_1_scalar.central.J.magn  ->  rh.001-0005-LS_TDCS_1_scalar.central.J.magn
  /network/iss/levy/valerocabre/stimSD/Data/derivatives/mri/2-simnibs-simu-left/0004/simulations/simulation_FTAF-left_a0a7d87a/subject_overlays/rh.0004_TDCS_1_scalar.central.J.normal  ->  rh.001-0005-LS_TDCS_1_scalar.central.J.normal
  /network/iss/levy/valerocabre/stimSD/Data/derivatives/mri/2-simnibs-simu-left/0004/simulations/simulation_FTAF-left_a0a7d87a/subject_overlays/rh.0004_TDCS_1_scalar.central.J.tangent  ->  rh.001-0005-LS_TDCS_1_scalar.central.J.tangent
  /network/iss/levy/valerocabre/stimSD/Data/derivatives/mri/2-simnibs-simu-left/0004/simulations/simulation_FTAF-left_a0a7d87a/subject_overlays/rh.0004_TDCS_1_scalar.central.J.angle  ->  rh.001-0005-LS_TDCS_1_scalar.central.J.angle
  /network/iss/levy/valerocabre/stimSD/Data/derivatives/mri/2-simnibs-simu-left/0004/simulations/simulation_FTAF-left_a0a7d87a/subject_overlays/0004_TDCS_1_scalar_central.msh  ->  001-0005-LS_TDCS_1_scalar_central.msh
  /network/iss/levy/valerocabre/stimSD/Data/derivatives/mri/2-simnibs-simu-left/0004/simulations/simulation_FTAF-left_a0a7d87a/subject_overlays/0004_TDCS_1_scalar_central.msh.opt  ->  001-0005-LS_TDCS_1_scalar_central.msh.opt
  /network/iss/levy/valerocabre/stimSD/Data/derivatives/mri/2-simnibs-simu-left/0004/simulations/simulation_FTAF-left_a0a7d87a/subject_volumes/0004_TDCS_1_scalar_E.nii.gz  ->  001-0005-LS_TDCS_1_scalar_E.nii.gz
  /network/iss/levy/valerocabre/stimSD/Data/derivatives/mri/2-simnibs-simu-left/0004/simulations/simulation_FTAF-left_a0a7d87a/subject_volumes/0004_TDCS_1_scalar_magnE.nii.gz  ->  001-0005-LS_TDCS_1_scalar_magnE.nii.gz
  /network/iss/levy/valerocabre/stimSD/Data/derivatives/mri/2-simnibs-simu-left/0004/simulations/simulation_FTAF-left_a0a7d87a/subject_volumes/0004_TDCS_1_scalar_J.nii.gz  ->  001-0005-LS_TDCS_1_scalar_J.nii.gz
  /network/iss/levy/valerocabre/stimSD/Data/derivatives/mri/2-simnibs-simu-left/0004/simulations/simulation_FTAF-left_a0a7d87a/subject_volumes/0004_TDCS_1_scalar_magnJ.nii.gz  ->  001-0005-LS_TDCS_1_scalar_magnJ.nii.gz
  /network/iss/levy/valerocabre/stimSD/Data/derivatives/mri/2-simnibs-simu-left/0004/simulations/simulation_FTAF-left_a0a7d87a/mni_volumes/0004_TDCS_1_scalar_MNI_E.nii.gz  ->  001-0005-LS_TDCS_1_scalar_MNI_E.nii.gz
  /network/iss/levy/valerocabre/stimSD/Data/derivatives/mri/2-simnibs-simu-left/0004/simulations/simulation_FTAF-left_a0a7d87a/mni_volumes/0004_TDCS_1_scalar_MNI_magnE.nii.gz  ->  001-0005-LS_TDCS_1_scalar_MNI_magnE.nii.gz
  /network/iss/levy/valerocabre/stimSD/Data/derivatives/mri/2-simnibs-simu-left/0004/simulations/simulation_FTAF-left_a0a7d87a/mni_volumes/0004_TDCS_1_scalar_MNI_J.nii.gz  ->  001-0005-LS_TDCS_1_scalar_MNI_J.nii.gz
  /network/iss/levy/valerocabre/stimSD/Data/derivatives/mri/2-simnibs-simu-left/0004/simulations/simulation_FTAF-left_a0a7d87a/mni_volumes/0004_TDCS_1_scalar_MNI_magnJ.nii.gz  ->  001-0005-LS_TDCS_1_scalar_MNI_magnJ.nii.gz
  /network/iss/levy/valerocabre/stimSD/Data/derivatives/mri/2-simnibs-simu-left/0004/simulations/simulation_FTAF-left_a0a7d87a/mni_volumes/0004_TDCS_1_scalar_MNI_magnE_FTAF-left_masked.nii.gz  ->  001-0005-LS_TDCS_1_scalar_MNI_magnE_FTAF-left_masked.nii.gz
  /network/iss/levy/valerocabre/stimSD/Data/derivatives/mri/2-simnibs-simu-left/0004/simulations/simulation_FTAF-left_a0a7d87a/mni_volumes/0004_TDCS_1_scalar_MNI_magnE_FTAF-left_cleaned.nii.gz  ->  001-0005-LS_TDCS_1_scalar_MNI_magnE_FTAF-left_cleaned.nii.gz
  /network/iss/levy/valerocabre/stimSD/Data/derivatives/mri/2-simnibs-simu-left/0004/simulations/simulation_FTAF-left_a0a7d87a/mni_volumes/0004_TDCS_1_scalar_MNI_magnE_extra_FTAF-left_masked.nii.gz  ->  001-0005-LS_TDCS_1_scalar_MNI_magnE_extra_FTAF-left_masked.nii.gz
  /network/iss/levy/valerocabre/stimSD/Data/derivatives/mri/2-simnibs-simu-left/0004/simulations/simulation_FTAF-left_a0a7d87a/mni_volumes/0004_TDCS_1_scalar_MNI_magnE_extra_FTAF-left_cleaned.nii.gz  ->  001-0005-LS_TDCS_1_scalar_MNI_magnE_extra_FTAF-left_cleaned.nii.gz
  /network/iss/levy/valerocabre/stimSD/Data/derivatives/mri/2-simnibs-simu-left/0005/simulations/simulation_AFFT-left_8dbde024/subject_overlays/lh.0005_TDCS_1_scalar.central.E.magn  ->  lh.001-0006-CV_TDCS_1_scalar.central.E.magn
  /network/iss/levy/valerocabre/stimSD/Data/derivatives/mri/2-simnibs-simu-left/0005/simulations/simulation_AFFT-left_8dbde024/subject_overlays/lh.0005_TDCS_1_scalar.central.E.normal  ->  lh.001-0006-CV_TDCS_1_scalar.central.E.normal
  /network/iss/levy/valerocabre/stimSD/Data/derivatives/mri/2-simnibs-simu-left/0005/simulations/simulation_AFFT-left_8dbde024/subject_overlays/lh.0005_TDCS_1_scalar.central.E.tangent  ->  lh.001-0006-CV_TDCS_1_scalar.central.E.tangent
  /network/iss/levy/valerocabre/stimSD/Data/derivatives/mri/2-simnibs-simu-left/0005/simulations/simulation_AFFT-left_8dbde024/subject_overlays/lh.0005_TDCS_1_scalar.central.E.angle  ->  lh.001-0006-CV_TDCS_1_scalar.central.E.angle
  /network/iss/levy/valerocabre/stimSD/Data/derivatives/mri/2-simnibs-simu-left/0005/simulations/simulation_AFFT-left_8dbde024/subject_overlays/rh.0005_TDCS_1_scalar.central.E.magn  ->  rh.001-0006-CV_TDCS_1_scalar.central.E.magn
  /network/iss/levy/valerocabre/stimSD/Data/derivatives/mri/2-simnibs-simu-left/0005/simulations/simulation_AFFT-left_8dbde024/subject_overlays/rh.0005_TDCS_1_scalar.central.E.normal  ->  rh.001-0006-CV_TDCS_1_scalar.central.E.normal
  /network/iss/levy/valerocabre/stimSD/Data/derivatives/mri/2-simnibs-simu-left/0005/simulations/simulation_AFFT-left_8dbde024/subject_overlays/rh.0005_TDCS_1_scalar.central.E.tangent  ->  rh.001-0006-CV_TDCS_1_scalar.central.E.tangent
  /network/iss/levy/valerocabre/stimSD/Data/derivatives/mri/2-simnibs-simu-left/0005/simulations/simulation_AFFT-left_8dbde024/subject_overlays/rh.0005_TDCS_1_scalar.central.E.angle  ->  rh.001-0006-CV_TDCS_1_scalar.central.E.angle
  /network/iss/levy/valerocabre/stimSD/Data/derivatives/mri/2-simnibs-simu-left/0005/simulations/simulation_AFFT-left_8dbde024/subject_overlays/lh.0005_TDCS_1_scalar.central.J.magn  ->  lh.001-0006-CV_TDCS_1_scalar.central.J.magn
  /network/iss/levy/valerocabre/stimSD/Data/derivatives/mri/2-simnibs-simu-left/0005/simulations/simulation_AFFT-left_8dbde024/subject_overlays/lh.0005_TDCS_1_scalar.central.J.normal  ->  lh.001-0006-CV_TDCS_1_scalar.central.J.normal
  /network/iss/levy/valerocabre/stimSD/Data/derivatives/mri/2-simnibs-simu-left/0005/simulations/simulation_AFFT-left_8dbde024/subject_overlays/lh.0005_TDCS_1_scalar.central.J.tangent  ->  lh.001-0006-CV_TDCS_1_scalar.central.J.tangent
  /network/iss/levy/valerocabre/stimSD/Data/derivatives/mri/2-simnibs-simu-left/0005/simulations/simulation_AFFT-left_8dbde024/subject_overlays/lh.0005_TDCS_1_scalar.central.J.angle  ->  lh.001-0006-CV_TDCS_1_scalar.central.J.angle
  /network/iss/levy/valerocabre/stimSD/Data/derivatives/mri/2-simnibs-simu-left/0005/simulations/simulation_AFFT-left_8dbde024/subject_overlays/rh.0005_TDCS_1_scalar.central.J.magn  ->  rh.001-0006-CV_TDCS_1_scalar.central.J.magn
  /network/iss/levy/valerocabre/stimSD/Data/derivatives/mri/2-simnibs-simu-left/0005/simulations/simulation_AFFT-left_8dbde024/subject_overlays/rh.0005_TDCS_1_scalar.central.J.normal  ->  rh.001-0006-CV_TDCS_1_scalar.central.J.normal
  /network/iss/levy/valerocabre/stimSD/Data/derivatives/mri/2-simnibs-simu-left/0005/simulations/simulation_AFFT-left_8dbde024/subject_overlays/rh.0005_TDCS_1_scalar.central.J.tangent  ->  rh.001-0006-CV_TDCS_1_scalar.central.J.tangent
  /network/iss/levy/valerocabre/stimSD/Data/derivatives/mri/2-simnibs-simu-left/0005/simulations/simulation_AFFT-left_8dbde024/subject_overlays/rh.0005_TDCS_1_scalar.central.J.angle  ->  rh.001-0006-CV_TDCS_1_scalar.central.J.angle
  /network/iss/levy/valerocabre/stimSD/Data/derivatives/mri/2-simnibs-simu-left/0005/simulations/simulation_AFFT-left_8dbde024/subject_overlays/0005_TDCS_1_scalar_central.msh  ->  001-0006-CV_TDCS_1_scalar_central.msh
  /network/iss/levy/valerocabre/stimSD/Data/derivatives/mri/2-simnibs-simu-left/0005/simulations/simulation_AFFT-left_8dbde024/subject_overlays/0005_TDCS_1_scalar_central.msh.opt  ->  001-0006-CV_TDCS_1_scalar_central.msh.opt
  /network/iss/levy/valerocabre/stimSD/Data/derivatives/mri/2-simnibs-simu-left/0005/simulations/simulation_AFFT-left_8dbde024/subject_volumes/0005_TDCS_1_scalar_E.nii.gz  ->  001-0006-CV_TDCS_1_scalar_E.nii.gz
  /network/iss/levy/valerocabre/stimSD/Data/derivatives/mri/2-simnibs-simu-left/0005/simulations/simulation_AFFT-left_8dbde024/subject_volumes/0005_TDCS_1_scalar_magnE.nii.gz  ->  001-0006-CV_TDCS_1_scalar_magnE.nii.gz
  /network/iss/levy/valerocabre/stimSD/Data/derivatives/mri/2-simnibs-simu-left/0005/simulations/simulation_AFFT-left_8dbde024/subject_volumes/0005_TDCS_1_scalar_J.nii.gz  ->  001-0006-CV_TDCS_1_scalar_J.nii.gz
  /network/iss/levy/valerocabre/stimSD/Data/derivatives/mri/2-simnibs-simu-left/0005/simulations/simulation_AFFT-left_8dbde024/subject_volumes/0005_TDCS_1_scalar_magnJ.nii.gz  ->  001-0006-CV_TDCS_1_scalar_magnJ.nii.gz
  /network/iss/levy/valerocabre/stimSD/Data/derivatives/mri/2-simnibs-simu-left/0005/simulations/simulation_AFFT-left_8dbde024/mni_volumes/0005_TDCS_1_scalar_MNI_E.nii.gz  ->  001-0006-CV_TDCS_1_scalar_MNI_E.nii.gz
  /network/iss/levy/valerocabre/stimSD/Data/derivatives/mri/2-simnibs-simu-left/0005/simulations/simulation_AFFT-left_8dbde024/mni_volumes/0005_TDCS_1_scalar_MNI_magnE.nii.gz  ->  001-0006-CV_TDCS_1_scalar_MNI_magnE.nii.gz
  /network/iss/levy/valerocabre/stimSD/Data/derivatives/mri/2-simnibs-simu-left/0005/simulations/simulation_AFFT-left_8dbde024/mni_volumes/0005_TDCS_1_scalar_MNI_J.nii.gz  ->  001-0006-CV_TDCS_1_scalar_MNI_J.nii.gz
  /network/iss/levy/valerocabre/stimSD/Data/derivatives/mri/2-simnibs-simu-left/0005/simulations/simulation_AFFT-left_8dbde024/mni_volumes/0005_TDCS_1_scalar_MNI_magnJ.nii.gz  ->  001-0006-CV_TDCS_1_scalar_MNI_magnJ.nii.gz
  /network/iss/levy/valerocabre/stimSD/Data/derivatives/mri/2-simnibs-simu-left/0005/simulations/simulation_AFFT-left_8dbde024/mni_volumes/0005_TDCS_1_scalar_MNI_magnE_AFFT-left_masked.nii.gz  ->  001-0006-CV_TDCS_1_scalar_MNI_magnE_AFFT-left_masked.nii.gz
  /network/iss/levy/valerocabre/stimSD/Data/derivatives/mri/2-simnibs-simu-left/0005/simulations/simulation_AFFT-left_8dbde024/mni_volumes/0005_TDCS_1_scalar_MNI_magnE_AFFT-left_cleaned.nii.gz  ->  001-0006-CV_TDCS_1_scalar_MNI_magnE_AFFT-left_cleaned.nii.gz
  /network/iss/levy/valerocabre/stimSD/Data/derivatives/mri/2-simnibs-simu-left/0005/simulations/simulation_AFFT-left_8dbde024/mni_volumes/0005_TDCS_1_scalar_MNI_magnE_extra_AFFT-left_masked.nii.gz  ->  001-0006-CV_TDCS_1_scalar_MNI_magnE_extra_AFFT-left_masked.nii.gz
  /network/iss/levy/valerocabre/stimSD/Data/derivatives/mri/2-simnibs-simu-left/0005/simulations/simulation_AFFT-left_8dbde024/mni_volumes/0005_TDCS_1_scalar_MNI_magnE_extra_AFFT-left_cleaned.nii.gz  ->  001-0006-CV_TDCS_1_scalar_MNI_magnE_extra_AFFT-left_cleaned.nii.gz
  /network/iss/levy/valerocabre/stimSD/Data/derivatives/mri/2-simnibs-simu-left/0005/simulations/simulation_FTAF-left_a0a7d87a/subject_overlays/lh.0005_TDCS_1_scalar.central.E.magn  ->  lh.001-0006-CV_TDCS_1_scalar.central.E.magn
  /network/iss/levy/valerocabre/stimSD/Data/derivatives/mri/2-simnibs-simu-left/0005/simulations/simulation_FTAF-left_a0a7d87a/subject_overlays/lh.0005_TDCS_1_scalar.central.E.normal  ->  lh.001-0006-CV_TDCS_1_scalar.central.E.normal
  /network/iss/levy/valerocabre/stimSD/Data/derivatives/mri/2-simnibs-simu-left/0005/simulations/simulation_FTAF-left_a0a7d87a/subject_overlays/lh.0005_TDCS_1_scalar.central.E.tangent  ->  lh.001-0006-CV_TDCS_1_scalar.central.E.tangent
  /network/iss/levy/valerocabre/stimSD/Data/derivatives/mri/2-simnibs-simu-left/0005/simulations/simulation_FTAF-left_a0a7d87a/subject_overlays/lh.0005_TDCS_1_scalar.central.E.angle  ->  lh.001-0006-CV_TDCS_1_scalar.central.E.angle
  /network/iss/levy/valerocabre/stimSD/Data/derivatives/mri/2-simnibs-simu-left/0005/simulations/simulation_FTAF-left_a0a7d87a/subject_overlays/rh.0005_TDCS_1_scalar.central.E.magn  ->  rh.001-0006-CV_TDCS_1_scalar.central.E.magn
  /network/iss/levy/valerocabre/stimSD/Data/derivatives/mri/2-simnibs-simu-left/0005/simulations/simulation_FTAF-left_a0a7d87a/subject_overlays/rh.0005_TDCS_1_scalar.central.E.normal  ->  rh.001-0006-CV_TDCS_1_scalar.central.E.normal
  /network/iss/levy/valerocabre/stimSD/Data/derivatives/mri/2-simnibs-simu-left/0005/simulations/simulation_FTAF-left_a0a7d87a/subject_overlays/rh.0005_TDCS_1_scalar.central.E.tangent  ->  rh.001-0006-CV_TDCS_1_scalar.central.E.tangent
  /network/iss/levy/valerocabre/stimSD/Data/derivatives/mri/2-simnibs-simu-left/0005/simulations/simulation_FTAF-left_a0a7d87a/subject_overlays/rh.0005_TDCS_1_scalar.central.E.angle  ->  rh.001-0006-CV_TDCS_1_scalar.central.E.angle
  /network/iss/levy/valerocabre/stimSD/Data/derivatives/mri/2-simnibs-simu-left/0005/simulations/simulation_FTAF-left_a0a7d87a/subject_overlays/lh.0005_TDCS_1_scalar.central.J.magn  ->  lh.001-0006-CV_TDCS_1_scalar.central.J.magn
  /network/iss/levy/valerocabre/stimSD/Data/derivatives/mri/2-simnibs-simu-left/0005/simulations/simulation_FTAF-left_a0a7d87a/subject_overlays/lh.0005_TDCS_1_scalar.central.J.normal  ->  lh.001-0006-CV_TDCS_1_scalar.central.J.normal
  /network/iss/levy/valerocabre/stimSD/Data/derivatives/mri/2-simnibs-simu-left/0005/simulations/simulation_FTAF-left_a0a7d87a/subject_overlays/lh.0005_TDCS_1_scalar.central.J.tangent  ->  lh.001-0006-CV_TDCS_1_scalar.central.J.tangent
  /network/iss/levy/valerocabre/stimSD/Data/derivatives/mri/2-simnibs-simu-left/0005/simulations/simulation_FTAF-left_a0a7d87a/subject_overlays/lh.0005_TDCS_1_scalar.central.J.angle  ->  lh.001-0006-CV_TDCS_1_scalar.central.J.angle
  /network/iss/levy/valerocabre/stimSD/Data/derivatives/mri/2-simnibs-simu-left/0005/simulations/simulation_FTAF-left_a0a7d87a/subject_overlays/rh.0005_TDCS_1_scalar.central.J.magn  ->  rh.001-0006-CV_TDCS_1_scalar.central.J.magn
  /network/iss/levy/valerocabre/stimSD/Data/derivatives/mri/2-simnibs-simu-left/0005/simulations/simulation_FTAF-left_a0a7d87a/subject_overlays/rh.0005_TDCS_1_scalar.central.J.normal  ->  rh.001-0006-CV_TDCS_1_scalar.central.J.normal
  /network/iss/levy/valerocabre/stimSD/Data/derivatives/mri/2-simnibs-simu-left/0005/simulations/simulation_FTAF-left_a0a7d87a/subject_overlays/rh.0005_TDCS_1_scalar.central.J.tangent  ->  rh.001-0006-CV_TDCS_1_scalar.central.J.tangent
  /network/iss/levy/valerocabre/stimSD/Data/derivatives/mri/2-simnibs-simu-left/0005/simulations/simulation_FTAF-left_a0a7d87a/subject_overlays/rh.0005_TDCS_1_scalar.central.J.angle  ->  rh.001-0006-CV_TDCS_1_scalar.central.J.angle
  /network/iss/levy/valerocabre/stimSD/Data/derivatives/mri/2-simnibs-simu-left/0005/simulations/simulation_FTAF-left_a0a7d87a/subject_overlays/0005_TDCS_1_scalar_central.msh  ->  001-0006-CV_TDCS_1_scalar_central.msh
  /network/iss/levy/valerocabre/stimSD/Data/derivatives/mri/2-simnibs-simu-left/0005/simulations/simulation_FTAF-left_a0a7d87a/subject_overlays/0005_TDCS_1_scalar_central.msh.opt  ->  001-0006-CV_TDCS_1_scalar_central.msh.opt
  /network/iss/levy/valerocabre/stimSD/Data/derivatives/mri/2-simnibs-simu-left/0005/simulations/simulation_FTAF-left_a0a7d87a/subject_volumes/0005_TDCS_1_scalar_E.nii.gz  ->  001-0006-CV_TDCS_1_scalar_E.nii.gz
  /network/iss/levy/valerocabre/stimSD/Data/derivatives/mri/2-simnibs-simu-left/0005/simulations/simulation_FTAF-left_a0a7d87a/subject_volumes/0005_TDCS_1_scalar_magnE.nii.gz  ->  001-0006-CV_TDCS_1_scalar_magnE.nii.gz
  /network/iss/levy/valerocabre/stimSD/Data/derivatives/mri/2-simnibs-simu-left/0005/simulations/simulation_FTAF-left_a0a7d87a/subject_volumes/0005_TDCS_1_scalar_J.nii.gz  ->  001-0006-CV_TDCS_1_scalar_J.nii.gz
  /network/iss/levy/valerocabre/stimSD/Data/derivatives/mri/2-simnibs-simu-left/0005/simulations/simulation_FTAF-left_a0a7d87a/subject_volumes/0005_TDCS_1_scalar_magnJ.nii.gz  ->  001-0006-CV_TDCS_1_scalar_magnJ.nii.gz
  /network/iss/levy/valerocabre/stimSD/Data/derivatives/mri/2-simnibs-simu-left/0005/simulations/simulation_FTAF-left_a0a7d87a/mni_volumes/0005_TDCS_1_scalar_MNI_E.nii.gz  ->  001-0006-CV_TDCS_1_scalar_MNI_E.nii.gz
  /network/iss/levy/valerocabre/stimSD/Data/derivatives/mri/2-simnibs-simu-left/0005/simulations/simulation_FTAF-left_a0a7d87a/mni_volumes/0005_TDCS_1_scalar_MNI_magnE.nii.gz  ->  001-0006-CV_TDCS_1_scalar_MNI_magnE.nii.gz
  /network/iss/levy/valerocabre/stimSD/Data/derivatives/mri/2-simnibs-simu-left/0005/simulations/simulation_FTAF-left_a0a7d87a/mni_volumes/0005_TDCS_1_scalar_MNI_J.nii.gz  ->  001-0006-CV_TDCS_1_scalar_MNI_J.nii.gz
  /network/iss/levy/valerocabre/stimSD/Data/derivatives/mri/2-simnibs-simu-left/0005/simulations/simulation_FTAF-left_a0a7d87a/mni_volumes/0005_TDCS_1_scalar_MNI_magnJ.nii.gz  ->  001-0006-CV_TDCS_1_scalar_MNI_magnJ.nii.gz
  /network/iss/levy/valerocabre/stimSD/Data/derivatives/mri/2-simnibs-simu-left/0005/simulations/simulation_FTAF-left_a0a7d87a/mni_volumes/0005_TDCS_1_scalar_MNI_magnE_FTAF-left_masked.nii.gz  ->  001-0006-CV_TDCS_1_scalar_MNI_magnE_FTAF-left_masked.nii.gz
  /network/iss/levy/valerocabre/stimSD/Data/derivatives/mri/2-simnibs-simu-left/0005/simulations/simulation_FTAF-left_a0a7d87a/mni_volumes/0005_TDCS_1_scalar_MNI_magnE_FTAF-left_cleaned.nii.gz  ->  001-0006-CV_TDCS_1_scalar_MNI_magnE_FTAF-left_cleaned.nii.gz
  /network/iss/levy/valerocabre/stimSD/Data/derivatives/mri/2-simnibs-simu-left/0005/simulations/simulation_FTAF-left_a0a7d87a/mni_volumes/0005_TDCS_1_scalar_MNI_magnE_extra_FTAF-left_masked.nii.gz  ->  001-0006-CV_TDCS_1_scalar_MNI_magnE_extra_FTAF-left_masked.nii.gz
  /network/iss/levy/valerocabre/stimSD/Data/derivatives/mri/2-simnibs-simu-left/0005/simulations/simulation_FTAF-left_a0a7d87a/mni_volumes/0005_TDCS_1_scalar_MNI_magnE_extra_FTAF-left_cleaned.nii.gz  ->  001-0006-CV_TDCS_1_scalar_MNI_magnE_extra_FTAF-left_cleaned.nii.gz
  /network/iss/levy/valerocabre/stimSD/Data/derivatives/mri/2-simnibs-simu-left/0007/simulations/simulation_AFFT-left_8dbde024/subject_overlays/lh.0007_TDCS_1_scalar.central.E.magn  ->  lh.001-0007-ME_TDCS_1_scalar.central.E.magn
  /network/iss/levy/valerocabre/stimSD/Data/derivatives/mri/2-simnibs-simu-left/0007/simulations/simulation_AFFT-left_8dbde024/subject_overlays/lh.0007_TDCS_1_scalar.central.E.normal  ->  lh.001-0007-ME_TDCS_1_scalar.central.E.normal
  /network/iss/levy/valerocabre/stimSD/Data/derivatives/mri/2-simnibs-simu-left/0007/simulations/simulation_AFFT-left_8dbde024/subject_overlays/lh.0007_TDCS_1_scalar.central.E.tangent  ->  lh.001-0007-ME_TDCS_1_scalar.central.E.tangent
  /network/iss/levy/valerocabre/stimSD/Data/derivatives/mri/2-simnibs-simu-left/0007/simulations/simulation_AFFT-left_8dbde024/subject_overlays/lh.0007_TDCS_1_scalar.central.E.angle  ->  lh.001-0007-ME_TDCS_1_scalar.central.E.angle
  /network/iss/levy/valerocabre/stimSD/Data/derivatives/mri/2-simnibs-simu-left/0007/simulations/simulation_AFFT-left_8dbde024/subject_overlays/rh.0007_TDCS_1_scalar.central.E.magn  ->  rh.001-0007-ME_TDCS_1_scalar.central.E.magn
  /network/iss/levy/valerocabre/stimSD/Data/derivatives/mri/2-simnibs-simu-left/0007/simulations/simulation_AFFT-left_8dbde024/subject_overlays/rh.0007_TDCS_1_scalar.central.E.normal  ->  rh.001-0007-ME_TDCS_1_scalar.central.E.normal
  /network/iss/levy/valerocabre/stimSD/Data/derivatives/mri/2-simnibs-simu-left/0007/simulations/simulation_AFFT-left_8dbde024/subject_overlays/rh.0007_TDCS_1_scalar.central.E.tangent  ->  rh.001-0007-ME_TDCS_1_scalar.central.E.tangent
  /network/iss/levy/valerocabre/stimSD/Data/derivatives/mri/2-simnibs-simu-left/0007/simulations/simulation_AFFT-left_8dbde024/subject_overlays/rh.0007_TDCS_1_scalar.central.E.angle  ->  rh.001-0007-ME_TDCS_1_scalar.central.E.angle
  /network/iss/levy/valerocabre/stimSD/Data/derivatives/mri/2-simnibs-simu-left/0007/simulations/simulation_AFFT-left_8dbde024/subject_overlays/lh.0007_TDCS_1_scalar.central.J.magn  ->  lh.001-0007-ME_TDCS_1_scalar.central.J.magn
  /network/iss/levy/valerocabre/stimSD/Data/derivatives/mri/2-simnibs-simu-left/0007/simulations/simulation_AFFT-left_8dbde024/subject_overlays/lh.0007_TDCS_1_scalar.central.J.normal  ->  lh.001-0007-ME_TDCS_1_scalar.central.J.normal
  /network/iss/levy/valerocabre/stimSD/Data/derivatives/mri/2-simnibs-simu-left/0007/simulations/simulation_AFFT-left_8dbde024/subject_overlays/lh.0007_TDCS_1_scalar.central.J.tangent  ->  lh.001-0007-ME_TDCS_1_scalar.central.J.tangent
  /network/iss/levy/valerocabre/stimSD/Data/derivatives/mri/2-simnibs-simu-left/0007/simulations/simulation_AFFT-left_8dbde024/subject_overlays/lh.0007_TDCS_1_scalar.central.J.angle  ->  lh.001-0007-ME_TDCS_1_scalar.central.J.angle
  /network/iss/levy/valerocabre/stimSD/Data/derivatives/mri/2-simnibs-simu-left/0007/simulations/simulation_AFFT-left_8dbde024/subject_overlays/rh.0007_TDCS_1_scalar.central.J.magn  ->  rh.001-0007-ME_TDCS_1_scalar.central.J.magn
  /network/iss/levy/valerocabre/stimSD/Data/derivatives/mri/2-simnibs-simu-left/0007/simulations/simulation_AFFT-left_8dbde024/subject_overlays/rh.0007_TDCS_1_scalar.central.J.normal  ->  rh.001-0007-ME_TDCS_1_scalar.central.J.normal
  /network/iss/levy/valerocabre/stimSD/Data/derivatives/mri/2-simnibs-simu-left/0007/simulations/simulation_AFFT-left_8dbde024/subject_overlays/rh.0007_TDCS_1_scalar.central.J.tangent  ->  rh.001-0007-ME_TDCS_1_scalar.central.J.tangent
  /network/iss/levy/valerocabre/stimSD/Data/derivatives/mri/2-simnibs-simu-left/0007/simulations/simulation_AFFT-left_8dbde024/subject_overlays/rh.0007_TDCS_1_scalar.central.J.angle  ->  rh.001-0007-ME_TDCS_1_scalar.central.J.angle
  /network/iss/levy/valerocabre/stimSD/Data/derivatives/mri/2-simnibs-simu-left/0007/simulations/simulation_AFFT-left_8dbde024/subject_overlays/0007_TDCS_1_scalar_central.msh  ->  001-0007-ME_TDCS_1_scalar_central.msh
  /network/iss/levy/valerocabre/stimSD/Data/derivatives/mri/2-simnibs-simu-left/0007/simulations/simulation_AFFT-left_8dbde024/subject_overlays/0007_TDCS_1_scalar_central.msh.opt  ->  001-0007-ME_TDCS_1_scalar_central.msh.opt
  /network/iss/levy/valerocabre/stimSD/Data/derivatives/mri/2-simnibs-simu-left/0007/simulations/simulation_AFFT-left_8dbde024/subject_volumes/0007_TDCS_1_scalar_E.nii.gz  ->  001-0007-ME_TDCS_1_scalar_E.nii.gz
  /network/iss/levy/valerocabre/stimSD/Data/derivatives/mri/2-simnibs-simu-left/0007/simulations/simulation_AFFT-left_8dbde024/subject_volumes/0007_TDCS_1_scalar_magnE.nii.gz  ->  001-0007-ME_TDCS_1_scalar_magnE.nii.gz
  /network/iss/levy/valerocabre/stimSD/Data/derivatives/mri/2-simnibs-simu-left/0007/simulations/simulation_AFFT-left_8dbde024/subject_volumes/0007_TDCS_1_scalar_J.nii.gz  ->  001-0007-ME_TDCS_1_scalar_J.nii.gz
  /network/iss/levy/valerocabre/stimSD/Data/derivatives/mri/2-simnibs-simu-left/0007/simulations/simulation_AFFT-left_8dbde024/subject_volumes/0007_TDCS_1_scalar_magnJ.nii.gz  ->  001-0007-ME_TDCS_1_scalar_magnJ.nii.gz
  /network/iss/levy/valerocabre/stimSD/Data/derivatives/mri/2-simnibs-simu-left/0007/simulations/simulation_AFFT-left_8dbde024/mni_volumes/0007_TDCS_1_scalar_MNI_E.nii.gz  ->  001-0007-ME_TDCS_1_scalar_MNI_E.nii.gz
  /network/iss/levy/valerocabre/stimSD/Data/derivatives/mri/2-simnibs-simu-left/0007/simulations/simulation_AFFT-left_8dbde024/mni_volumes/0007_TDCS_1_scalar_MNI_magnE.nii.gz  ->  001-0007-ME_TDCS_1_scalar_MNI_magnE.nii.gz
  /network/iss/levy/valerocabre/stimSD/Data/derivatives/mri/2-simnibs-simu-left/0007/simulations/simulation_AFFT-left_8dbde024/mni_volumes/0007_TDCS_1_scalar_MNI_J.nii.gz  ->  001-0007-ME_TDCS_1_scalar_MNI_J.nii.gz
  /network/iss/levy/valerocabre/stimSD/Data/derivatives/mri/2-simnibs-simu-left/0007/simulations/simulation_AFFT-left_8dbde024/mni_volumes/0007_TDCS_1_scalar_MNI_magnJ.nii.gz  ->  001-0007-ME_TDCS_1_scalar_MNI_magnJ.nii.gz
  /network/iss/levy/valerocabre/stimSD/Data/derivatives/mri/2-simnibs-simu-left/0007/simulations/simulation_AFFT-left_8dbde024/mni_volumes/0007_TDCS_1_scalar_MNI_magnE_AFFT-left_masked.nii.gz  ->  001-0007-ME_TDCS_1_scalar_MNI_magnE_AFFT-left_masked.nii.gz
  /network/iss/levy/valerocabre/stimSD/Data/derivatives/mri/2-simnibs-simu-left/0007/simulations/simulation_AFFT-left_8dbde024/mni_volumes/0007_TDCS_1_scalar_MNI_magnE_AFFT-left_cleaned.nii.gz  ->  001-0007-ME_TDCS_1_scalar_MNI_magnE_AFFT-left_cleaned.nii.gz
  /network/iss/levy/valerocabre/stimSD/Data/derivatives/mri/2-simnibs-simu-left/0007/simulations/simulation_AFFT-left_8dbde024/mni_volumes/0007_TDCS_1_scalar_MNI_magnE_extra_AFFT-left_masked.nii.gz  ->  001-0007-ME_TDCS_1_scalar_MNI_magnE_extra_AFFT-left_masked.nii.gz
  /network/iss/levy/valerocabre/stimSD/Data/derivatives/mri/2-simnibs-simu-left/0007/simulations/simulation_AFFT-left_8dbde024/mni_volumes/0007_TDCS_1_scalar_MNI_magnE_extra_AFFT-left_cleaned.nii.gz  ->  001-0007-ME_TDCS_1_scalar_MNI_magnE_extra_AFFT-left_cleaned.nii.gz
  /network/iss/levy/valerocabre/stimSD/Data/derivatives/mri/2-simnibs-simu-left/0007/simulations/simulation_FTAF-left_a0a7d87a/subject_overlays/lh.0007_TDCS_1_scalar.central.E.magn  ->  lh.001-0007-ME_TDCS_1_scalar.central.E.magn
  /network/iss/levy/valerocabre/stimSD/Data/derivatives/mri/2-simnibs-simu-left/0007/simulations/simulation_FTAF-left_a0a7d87a/subject_overlays/lh.0007_TDCS_1_scalar.central.E.normal  ->  lh.001-0007-ME_TDCS_1_scalar.central.E.normal
  /network/iss/levy/valerocabre/stimSD/Data/derivatives/mri/2-simnibs-simu-left/0007/simulations/simulation_FTAF-left_a0a7d87a/subject_overlays/lh.0007_TDCS_1_scalar.central.E.tangent  ->  lh.001-0007-ME_TDCS_1_scalar.central.E.tangent
  /network/iss/levy/valerocabre/stimSD/Data/derivatives/mri/2-simnibs-simu-left/0007/simulations/simulation_FTAF-left_a0a7d87a/subject_overlays/lh.0007_TDCS_1_scalar.central.E.angle  ->  lh.001-0007-ME_TDCS_1_scalar.central.E.angle
  /network/iss/levy/valerocabre/stimSD/Data/derivatives/mri/2-simnibs-simu-left/0007/simulations/simulation_FTAF-left_a0a7d87a/subject_overlays/rh.0007_TDCS_1_scalar.central.E.magn  ->  rh.001-0007-ME_TDCS_1_scalar.central.E.magn
  /network/iss/levy/valerocabre/stimSD/Data/derivatives/mri/2-simnibs-simu-left/0007/simulations/simulation_FTAF-left_a0a7d87a/subject_overlays/rh.0007_TDCS_1_scalar.central.E.normal  ->  rh.001-0007-ME_TDCS_1_scalar.central.E.normal
  /network/iss/levy/valerocabre/stimSD/Data/derivatives/mri/2-simnibs-simu-left/0007/simulations/simulation_FTAF-left_a0a7d87a/subject_overlays/rh.0007_TDCS_1_scalar.central.E.tangent  ->  rh.001-0007-ME_TDCS_1_scalar.central.E.tangent
  /network/iss/levy/valerocabre/stimSD/Data/derivatives/mri/2-simnibs-simu-left/0007/simulations/simulation_FTAF-left_a0a7d87a/subject_overlays/rh.0007_TDCS_1_scalar.central.E.angle  ->  rh.001-0007-ME_TDCS_1_scalar.central.E.angle
  /network/iss/levy/valerocabre/stimSD/Data/derivatives/mri/2-simnibs-simu-left/0007/simulations/simulation_FTAF-left_a0a7d87a/subject_overlays/lh.0007_TDCS_1_scalar.central.J.magn  ->  lh.001-0007-ME_TDCS_1_scalar.central.J.magn
  /network/iss/levy/valerocabre/stimSD/Data/derivatives/mri/2-simnibs-simu-left/0007/simulations/simulation_FTAF-left_a0a7d87a/subject_overlays/lh.0007_TDCS_1_scalar.central.J.normal  ->  lh.001-0007-ME_TDCS_1_scalar.central.J.normal
  /network/iss/levy/valerocabre/stimSD/Data/derivatives/mri/2-simnibs-simu-left/0007/simulations/simulation_FTAF-left_a0a7d87a/subject_overlays/lh.0007_TDCS_1_scalar.central.J.tangent  ->  lh.001-0007-ME_TDCS_1_scalar.central.J.tangent
  /network/iss/levy/valerocabre/stimSD/Data/derivatives/mri/2-simnibs-simu-left/0007/simulations/simulation_FTAF-left_a0a7d87a/subject_overlays/lh.0007_TDCS_1_scalar.central.J.angle  ->  lh.001-0007-ME_TDCS_1_scalar.central.J.angle
  /network/iss/levy/valerocabre/stimSD/Data/derivatives/mri/2-simnibs-simu-left/0007/simulations/simulation_FTAF-left_a0a7d87a/subject_overlays/rh.0007_TDCS_1_scalar.central.J.magn  ->  rh.001-0007-ME_TDCS_1_scalar.central.J.magn
  /network/iss/levy/valerocabre/stimSD/Data/derivatives/mri/2-simnibs-simu-left/0007/simulations/simulation_FTAF-left_a0a7d87a/subject_overlays/rh.0007_TDCS_1_scalar.central.J.normal  ->  rh.001-0007-ME_TDCS_1_scalar.central.J.normal
  /network/iss/levy/valerocabre/stimSD/Data/derivatives/mri/2-simnibs-simu-left/0007/simulations/simulation_FTAF-left_a0a7d87a/subject_overlays/rh.0007_TDCS_1_scalar.central.J.tangent  ->  rh.001-0007-ME_TDCS_1_scalar.central.J.tangent
  /network/iss/levy/valerocabre/stimSD/Data/derivatives/mri/2-simnibs-simu-left/0007/simulations/simulation_FTAF-left_a0a7d87a/subject_overlays/rh.0007_TDCS_1_scalar.central.J.angle  ->  rh.001-0007-ME_TDCS_1_scalar.central.J.angle
  /network/iss/levy/valerocabre/stimSD/Data/derivatives/mri/2-simnibs-simu-left/0007/simulations/simulation_FTAF-left_a0a7d87a/subject_overlays/0007_TDCS_1_scalar_central.msh  ->  001-0007-ME_TDCS_1_scalar_central.msh
  /network/iss/levy/valerocabre/stimSD/Data/derivatives/mri/2-simnibs-simu-left/0007/simulations/simulation_FTAF-left_a0a7d87a/subject_overlays/0007_TDCS_1_scalar_central.msh.opt  ->  001-0007-ME_TDCS_1_scalar_central.msh.opt
  /network/iss/levy/valerocabre/stimSD/Data/derivatives/mri/2-simnibs-simu-left/0007/simulations/simulation_FTAF-left_a0a7d87a/subject_volumes/0007_TDCS_1_scalar_E.nii.gz  ->  001-0007-ME_TDCS_1_scalar_E.nii.gz
  /network/iss/levy/valerocabre/stimSD/Data/derivatives/mri/2-simnibs-simu-left/0007/simulations/simulation_FTAF-left_a0a7d87a/subject_volumes/0007_TDCS_1_scalar_magnE.nii.gz  ->  001-0007-ME_TDCS_1_scalar_magnE.nii.gz
  /network/iss/levy/valerocabre/stimSD/Data/derivatives/mri/2-simnibs-simu-left/0007/simulations/simulation_FTAF-left_a0a7d87a/subject_volumes/0007_TDCS_1_scalar_J.nii.gz  ->  001-0007-ME_TDCS_1_scalar_J.nii.gz
  /network/iss/levy/valerocabre/stimSD/Data/derivatives/mri/2-simnibs-simu-left/0007/simulations/simulation_FTAF-left_a0a7d87a/subject_volumes/0007_TDCS_1_scalar_magnJ.nii.gz  ->  001-0007-ME_TDCS_1_scalar_magnJ.nii.gz
  /network/iss/levy/valerocabre/stimSD/Data/derivatives/mri/2-simnibs-simu-left/0007/simulations/simulation_FTAF-left_a0a7d87a/mni_volumes/0007_TDCS_1_scalar_MNI_E.nii.gz  ->  001-0007-ME_TDCS_1_scalar_MNI_E.nii.gz
  /network/iss/levy/valerocabre/stimSD/Data/derivatives/mri/2-simnibs-simu-left/0007/simulations/simulation_FTAF-left_a0a7d87a/mni_volumes/0007_TDCS_1_scalar_MNI_magnE.nii.gz  ->  001-0007-ME_TDCS_1_scalar_MNI_magnE.nii.gz
  /network/iss/levy/valerocabre/stimSD/Data/derivatives/mri/2-simnibs-simu-left/0007/simulations/simulation_FTAF-left_a0a7d87a/mni_volumes/0007_TDCS_1_scalar_MNI_J.nii.gz  ->  001-0007-ME_TDCS_1_scalar_MNI_J.nii.gz
  /network/iss/levy/valerocabre/stimSD/Data/derivatives/mri/2-simnibs-simu-left/0007/simulations/simulation_FTAF-left_a0a7d87a/mni_volumes/0007_TDCS_1_scalar_MNI_magnJ.nii.gz  ->  001-0007-ME_TDCS_1_scalar_MNI_magnJ.nii.gz
  /network/iss/levy/valerocabre/stimSD/Data/derivatives/mri/2-simnibs-simu-left/0007/simulations/simulation_FTAF-left_a0a7d87a/mni_volumes/0007_TDCS_1_scalar_MNI_magnE_FTAF-left_masked.nii.gz  ->  001-0007-ME_TDCS_1_scalar_MNI_magnE_FTAF-left_masked.nii.gz
  /network/iss/levy/valerocabre/stimSD/Data/derivatives/mri/2-simnibs-simu-left/0007/simulations/simulation_FTAF-left_a0a7d87a/mni_volumes/0007_TDCS_1_scalar_MNI_magnE_FTAF-left_cleaned.nii.gz  ->  001-0007-ME_TDCS_1_scalar_MNI_magnE_FTAF-left_cleaned.nii.gz
  /network/iss/levy/valerocabre/stimSD/Data/derivatives/mri/2-simnibs-simu-left/0007/simulations/simulation_FTAF-left_a0a7d87a/mni_volumes/0007_TDCS_1_scalar_MNI_magnE_extra_FTAF-left_masked.nii.gz  ->  001-0007-ME_TDCS_1_scalar_MNI_magnE_extra_FTAF-left_masked.nii.gz
  /network/iss/levy/valerocabre/stimSD/Data/derivatives/mri/2-simnibs-simu-left/0007/simulations/simulation_FTAF-left_a0a7d87a/mni_volumes/0007_TDCS_1_scalar_MNI_magnE_extra_FTAF-left_cleaned.nii.gz  ->  001-0007-ME_TDCS_1_scalar_MNI_magnE_extra_FTAF-left_cleaned.nii.gz
  /network/iss/levy/valerocabre/stimSD/Data/derivatives/mri/2-simnibs-simu-left/0009/simulations/simulation_AFFT-left_8dbde024/subject_overlays/lh.0009_TDCS_1_scalar.central.E.magn  ->  lh.001-0010-LM_TDCS_1_scalar.central.E.magn
  /network/iss/levy/valerocabre/stimSD/Data/derivatives/mri/2-simnibs-simu-left/0009/simulations/simulation_AFFT-left_8dbde024/subject_overlays/lh.0009_TDCS_1_scalar.central.E.normal  ->  lh.001-0010-LM_TDCS_1_scalar.central.E.normal
  /network/iss/levy/valerocabre/stimSD/Data/derivatives/mri/2-simnibs-simu-left/0009/simulations/simulation_AFFT-left_8dbde024/subject_overlays/lh.0009_TDCS_1_scalar.central.E.tangent  ->  lh.001-0010-LM_TDCS_1_scalar.central.E.tangent
  /network/iss/levy/valerocabre/stimSD/Data/derivatives/mri/2-simnibs-simu-left/0009/simulations/simulation_AFFT-left_8dbde024/subject_overlays/lh.0009_TDCS_1_scalar.central.E.angle  ->  lh.001-0010-LM_TDCS_1_scalar.central.E.angle
  /network/iss/levy/valerocabre/stimSD/Data/derivatives/mri/2-simnibs-simu-left/0009/simulations/simulation_AFFT-left_8dbde024/subject_overlays/rh.0009_TDCS_1_scalar.central.E.magn  ->  rh.001-0010-LM_TDCS_1_scalar.central.E.magn
  /network/iss/levy/valerocabre/stimSD/Data/derivatives/mri/2-simnibs-simu-left/0009/simulations/simulation_AFFT-left_8dbde024/subject_overlays/rh.0009_TDCS_1_scalar.central.E.normal  ->  rh.001-0010-LM_TDCS_1_scalar.central.E.normal
  /network/iss/levy/valerocabre/stimSD/Data/derivatives/mri/2-simnibs-simu-left/0009/simulations/simulation_AFFT-left_8dbde024/subject_overlays/rh.0009_TDCS_1_scalar.central.E.tangent  ->  rh.001-0010-LM_TDCS_1_scalar.central.E.tangent
  /network/iss/levy/valerocabre/stimSD/Data/derivatives/mri/2-simnibs-simu-left/0009/simulations/simulation_AFFT-left_8dbde024/subject_overlays/rh.0009_TDCS_1_scalar.central.E.angle  ->  rh.001-0010-LM_TDCS_1_scalar.central.E.angle
  /network/iss/levy/valerocabre/stimSD/Data/derivatives/mri/2-simnibs-simu-left/0009/simulations/simulation_AFFT-left_8dbde024/subject_overlays/lh.0009_TDCS_1_scalar.central.J.magn  ->  lh.001-0010-LM_TDCS_1_scalar.central.J.magn
  /network/iss/levy/valerocabre/stimSD/Data/derivatives/mri/2-simnibs-simu-left/0009/simulations/simulation_AFFT-left_8dbde024/subject_overlays/lh.0009_TDCS_1_scalar.central.J.normal  ->  lh.001-0010-LM_TDCS_1_scalar.central.J.normal
  /network/iss/levy/valerocabre/stimSD/Data/derivatives/mri/2-simnibs-simu-left/0009/simulations/simulation_AFFT-left_8dbde024/subject_overlays/lh.0009_TDCS_1_scalar.central.J.tangent  ->  lh.001-0010-LM_TDCS_1_scalar.central.J.tangent
  /network/iss/levy/valerocabre/stimSD/Data/derivatives/mri/2-simnibs-simu-left/0009/simulations/simulation_AFFT-left_8dbde024/subject_overlays/lh.0009_TDCS_1_scalar.central.J.angle  ->  lh.001-0010-LM_TDCS_1_scalar.central.J.angle
  /network/iss/levy/valerocabre/stimSD/Data/derivatives/mri/2-simnibs-simu-left/0009/simulations/simulation_AFFT-left_8dbde024/subject_overlays/rh.0009_TDCS_1_scalar.central.J.magn  ->  rh.001-0010-LM_TDCS_1_scalar.central.J.magn
  /network/iss/levy/valerocabre/stimSD/Data/derivatives/mri/2-simnibs-simu-left/0009/simulations/simulation_AFFT-left_8dbde024/subject_overlays/rh.0009_TDCS_1_scalar.central.J.normal  ->  rh.001-0010-LM_TDCS_1_scalar.central.J.normal
  /network/iss/levy/valerocabre/stimSD/Data/derivatives/mri/2-simnibs-simu-left/0009/simulations/simulation_AFFT-left_8dbde024/subject_overlays/rh.0009_TDCS_1_scalar.central.J.tangent  ->  rh.001-0010-LM_TDCS_1_scalar.central.J.tangent
  /network/iss/levy/valerocabre/stimSD/Data/derivatives/mri/2-simnibs-simu-left/0009/simulations/simulation_AFFT-left_8dbde024/subject_overlays/rh.0009_TDCS_1_scalar.central.J.angle  ->  rh.001-0010-LM_TDCS_1_scalar.central.J.angle
  /network/iss/levy/valerocabre/stimSD/Data/derivatives/mri/2-simnibs-simu-left/0009/simulations/simulation_AFFT-left_8dbde024/subject_overlays/0009_TDCS_1_scalar_central.msh  ->  001-0010-LM_TDCS_1_scalar_central.msh
  /network/iss/levy/valerocabre/stimSD/Data/derivatives/mri/2-simnibs-simu-left/0009/simulations/simulation_AFFT-left_8dbde024/subject_overlays/0009_TDCS_1_scalar_central.msh.opt  ->  001-0010-LM_TDCS_1_scalar_central.msh.opt
  /network/iss/levy/valerocabre/stimSD/Data/derivatives/mri/2-simnibs-simu-left/0009/simulations/simulation_AFFT-left_8dbde024/subject_volumes/0009_TDCS_1_scalar_E.nii.gz  ->  001-0010-LM_TDCS_1_scalar_E.nii.gz
  /network/iss/levy/valerocabre/stimSD/Data/derivatives/mri/2-simnibs-simu-left/0009/simulations/simulation_AFFT-left_8dbde024/subject_volumes/0009_TDCS_1_scalar_magnE.nii.gz  ->  001-0010-LM_TDCS_1_scalar_magnE.nii.gz
  /network/iss/levy/valerocabre/stimSD/Data/derivatives/mri/2-simnibs-simu-left/0009/simulations/simulation_AFFT-left_8dbde024/subject_volumes/0009_TDCS_1_scalar_J.nii.gz  ->  001-0010-LM_TDCS_1_scalar_J.nii.gz
  /network/iss/levy/valerocabre/stimSD/Data/derivatives/mri/2-simnibs-simu-left/0009/simulations/simulation_AFFT-left_8dbde024/subject_volumes/0009_TDCS_1_scalar_magnJ.nii.gz  ->  001-0010-LM_TDCS_1_scalar_magnJ.nii.gz
  /network/iss/levy/valerocabre/stimSD/Data/derivatives/mri/2-simnibs-simu-left/0009/simulations/simulation_AFFT-left_8dbde024/mni_volumes/0009_TDCS_1_scalar_MNI_E.nii.gz  ->  001-0010-LM_TDCS_1_scalar_MNI_E.nii.gz
  /network/iss/levy/valerocabre/stimSD/Data/derivatives/mri/2-simnibs-simu-left/0009/simulations/simulation_AFFT-left_8dbde024/mni_volumes/0009_TDCS_1_scalar_MNI_magnE.nii.gz  ->  001-0010-LM_TDCS_1_scalar_MNI_magnE.nii.gz
  /network/iss/levy/valerocabre/stimSD/Data/derivatives/mri/2-simnibs-simu-left/0009/simulations/simulation_AFFT-left_8dbde024/mni_volumes/0009_TDCS_1_scalar_MNI_J.nii.gz  ->  001-0010-LM_TDCS_1_scalar_MNI_J.nii.gz
  /network/iss/levy/valerocabre/stimSD/Data/derivatives/mri/2-simnibs-simu-left/0009/simulations/simulation_AFFT-left_8dbde024/mni_volumes/0009_TDCS_1_scalar_MNI_magnJ.nii.gz  ->  001-0010-LM_TDCS_1_scalar_MNI_magnJ.nii.gz
  /network/iss/levy/valerocabre/stimSD/Data/derivatives/mri/2-simnibs-simu-left/0009/simulations/simulation_AFFT-left_8dbde024/mni_volumes/0009_TDCS_1_scalar_MNI_magnE_AFFT-left_masked.nii.gz  ->  001-0010-LM_TDCS_1_scalar_MNI_magnE_AFFT-left_masked.nii.gz
  /network/iss/levy/valerocabre/stimSD/Data/derivatives/mri/2-simnibs-simu-left/0009/simulations/simulation_AFFT-left_8dbde024/mni_volumes/0009_TDCS_1_scalar_MNI_magnE_AFFT-left_cleaned.nii.gz  ->  001-0010-LM_TDCS_1_scalar_MNI_magnE_AFFT-left_cleaned.nii.gz
  /network/iss/levy/valerocabre/stimSD/Data/derivatives/mri/2-simnibs-simu-left/0009/simulations/simulation_AFFT-left_8dbde024/mni_volumes/0009_TDCS_1_scalar_MNI_magnE_extra_AFFT-left_masked.nii.gz  ->  001-0010-LM_TDCS_1_scalar_MNI_magnE_extra_AFFT-left_masked.nii.gz
  /network/iss/levy/valerocabre/stimSD/Data/derivatives/mri/2-simnibs-simu-left/0009/simulations/simulation_AFFT-left_8dbde024/mni_volumes/0009_TDCS_1_scalar_MNI_magnE_extra_AFFT-left_cleaned.nii.gz  ->  001-0010-LM_TDCS_1_scalar_MNI_magnE_extra_AFFT-left_cleaned.nii.gz
  /network/iss/levy/valerocabre/stimSD/Data/derivatives/mri/2-simnibs-simu-left/0009/simulations/simulation_FTAF-left_a0a7d87a/subject_overlays/lh.0009_TDCS_1_scalar.central.E.magn  ->  lh.001-0010-LM_TDCS_1_scalar.central.E.magn
  /network/iss/levy/valerocabre/stimSD/Data/derivatives/mri/2-simnibs-simu-left/0009/simulations/simulation_FTAF-left_a0a7d87a/subject_overlays/lh.0009_TDCS_1_scalar.central.E.normal  ->  lh.001-0010-LM_TDCS_1_scalar.central.E.normal
  /network/iss/levy/valerocabre/stimSD/Data/derivatives/mri/2-simnibs-simu-left/0009/simulations/simulation_FTAF-left_a0a7d87a/subject_overlays/lh.0009_TDCS_1_scalar.central.E.tangent  ->  lh.001-0010-LM_TDCS_1_scalar.central.E.tangent
  /network/iss/levy/valerocabre/stimSD/Data/derivatives/mri/2-simnibs-simu-left/0009/simulations/simulation_FTAF-left_a0a7d87a/subject_overlays/lh.0009_TDCS_1_scalar.central.E.angle  ->  lh.001-0010-LM_TDCS_1_scalar.central.E.angle
  /network/iss/levy/valerocabre/stimSD/Data/derivatives/mri/2-simnibs-simu-left/0009/simulations/simulation_FTAF-left_a0a7d87a/subject_overlays/rh.0009_TDCS_1_scalar.central.E.magn  ->  rh.001-0010-LM_TDCS_1_scalar.central.E.magn
  /network/iss/levy/valerocabre/stimSD/Data/derivatives/mri/2-simnibs-simu-left/0009/simulations/simulation_FTAF-left_a0a7d87a/subject_overlays/rh.0009_TDCS_1_scalar.central.E.normal  ->  rh.001-0010-LM_TDCS_1_scalar.central.E.normal
  /network/iss/levy/valerocabre/stimSD/Data/derivatives/mri/2-simnibs-simu-left/0009/simulations/simulation_FTAF-left_a0a7d87a/subject_overlays/rh.0009_TDCS_1_scalar.central.E.tangent  ->  rh.001-0010-LM_TDCS_1_scalar.central.E.tangent
  /network/iss/levy/valerocabre/stimSD/Data/derivatives/mri/2-simnibs-simu-left/0009/simulations/simulation_FTAF-left_a0a7d87a/subject_overlays/rh.0009_TDCS_1_scalar.central.E.angle  ->  rh.001-0010-LM_TDCS_1_scalar.central.E.angle
  /network/iss/levy/valerocabre/stimSD/Data/derivatives/mri/2-simnibs-simu-left/0009/simulations/simulation_FTAF-left_a0a7d87a/subject_overlays/lh.0009_TDCS_1_scalar.central.J.magn  ->  lh.001-0010-LM_TDCS_1_scalar.central.J.magn
  /network/iss/levy/valerocabre/stimSD/Data/derivatives/mri/2-simnibs-simu-left/0009/simulations/simulation_FTAF-left_a0a7d87a/subject_overlays/lh.0009_TDCS_1_scalar.central.J.normal  ->  lh.001-0010-LM_TDCS_1_scalar.central.J.normal
  /network/iss/levy/valerocabre/stimSD/Data/derivatives/mri/2-simnibs-simu-left/0009/simulations/simulation_FTAF-left_a0a7d87a/subject_overlays/lh.0009_TDCS_1_scalar.central.J.tangent  ->  lh.001-0010-LM_TDCS_1_scalar.central.J.tangent
  /network/iss/levy/valerocabre/stimSD/Data/derivatives/mri/2-simnibs-simu-left/0009/simulations/simulation_FTAF-left_a0a7d87a/subject_overlays/lh.0009_TDCS_1_scalar.central.J.angle  ->  lh.001-0010-LM_TDCS_1_scalar.central.J.angle
  /network/iss/levy/valerocabre/stimSD/Data/derivatives/mri/2-simnibs-simu-left/0009/simulations/simulation_FTAF-left_a0a7d87a/subject_overlays/rh.0009_TDCS_1_scalar.central.J.magn  ->  rh.001-0010-LM_TDCS_1_scalar.central.J.magn
  /network/iss/levy/valerocabre/stimSD/Data/derivatives/mri/2-simnibs-simu-left/0009/simulations/simulation_FTAF-left_a0a7d87a/subject_overlays/rh.0009_TDCS_1_scalar.central.J.normal  ->  rh.001-0010-LM_TDCS_1_scalar.central.J.normal
  /network/iss/levy/valerocabre/stimSD/Data/derivatives/mri/2-simnibs-simu-left/0009/simulations/simulation_FTAF-left_a0a7d87a/subject_overlays/rh.0009_TDCS_1_scalar.central.J.tangent  ->  rh.001-0010-LM_TDCS_1_scalar.central.J.tangent
  /network/iss/levy/valerocabre/stimSD/Data/derivatives/mri/2-simnibs-simu-left/0009/simulations/simulation_FTAF-left_a0a7d87a/subject_overlays/rh.0009_TDCS_1_scalar.central.J.angle  ->  rh.001-0010-LM_TDCS_1_scalar.central.J.angle
  /network/iss/levy/valerocabre/stimSD/Data/derivatives/mri/2-simnibs-simu-left/0009/simulations/simulation_FTAF-left_a0a7d87a/subject_overlays/0009_TDCS_1_scalar_central.msh  ->  001-0010-LM_TDCS_1_scalar_central.msh
  /network/iss/levy/valerocabre/stimSD/Data/derivatives/mri/2-simnibs-simu-left/0009/simulations/simulation_FTAF-left_a0a7d87a/subject_overlays/0009_TDCS_1_scalar_central.msh.opt  ->  001-0010-LM_TDCS_1_scalar_central.msh.opt
  /network/iss/levy/valerocabre/stimSD/Data/derivatives/mri/2-simnibs-simu-left/0009/simulations/simulation_FTAF-left_a0a7d87a/subject_volumes/0009_TDCS_1_scalar_E.nii.gz  ->  001-0010-LM_TDCS_1_scalar_E.nii.gz
  /network/iss/levy/valerocabre/stimSD/Data/derivatives/mri/2-simnibs-simu-left/0009/simulations/simulation_FTAF-left_a0a7d87a/subject_volumes/0009_TDCS_1_scalar_magnE.nii.gz  ->  001-0010-LM_TDCS_1_scalar_magnE.nii.gz
  /network/iss/levy/valerocabre/stimSD/Data/derivatives/mri/2-simnibs-simu-left/0009/simulations/simulation_FTAF-left_a0a7d87a/subject_volumes/0009_TDCS_1_scalar_J.nii.gz  ->  001-0010-LM_TDCS_1_scalar_J.nii.gz
  /network/iss/levy/valerocabre/stimSD/Data/derivatives/mri/2-simnibs-simu-left/0009/simulations/simulation_FTAF-left_a0a7d87a/subject_volumes/0009_TDCS_1_scalar_magnJ.nii.gz  ->  001-0010-LM_TDCS_1_scalar_magnJ.nii.gz
  /network/iss/levy/valerocabre/stimSD/Data/derivatives/mri/2-simnibs-simu-left/0009/simulations/simulation_FTAF-left_a0a7d87a/mni_volumes/0009_TDCS_1_scalar_MNI_E.nii.gz  ->  001-0010-LM_TDCS_1_scalar_MNI_E.nii.gz
  /network/iss/levy/valerocabre/stimSD/Data/derivatives/mri/2-simnibs-simu-left/0009/simulations/simulation_FTAF-left_a0a7d87a/mni_volumes/0009_TDCS_1_scalar_MNI_magnE.nii.gz  ->  001-0010-LM_TDCS_1_scalar_MNI_magnE.nii.gz
  /network/iss/levy/valerocabre/stimSD/Data/derivatives/mri/2-simnibs-simu-left/0009/simulations/simulation_FTAF-left_a0a7d87a/mni_volumes/0009_TDCS_1_scalar_MNI_J.nii.gz  ->  001-0010-LM_TDCS_1_scalar_MNI_J.nii.gz
  /network/iss/levy/valerocabre/stimSD/Data/derivatives/mri/2-simnibs-simu-left/0009/simulations/simulation_FTAF-left_a0a7d87a/mni_volumes/0009_TDCS_1_scalar_MNI_magnJ.nii.gz  ->  001-0010-LM_TDCS_1_scalar_MNI_magnJ.nii.gz
  /network/iss/levy/valerocabre/stimSD/Data/derivatives/mri/2-simnibs-simu-left/0009/simulations/simulation_FTAF-left_a0a7d87a/mni_volumes/0009_TDCS_1_scalar_MNI_magnE_FTAF-left_masked.nii.gz  ->  001-0010-LM_TDCS_1_scalar_MNI_magnE_FTAF-left_masked.nii.gz
  /network/iss/levy/valerocabre/stimSD/Data/derivatives/mri/2-simnibs-simu-left/0009/simulations/simulation_FTAF-left_a0a7d87a/mni_volumes/0009_TDCS_1_scalar_MNI_magnE_FTAF-left_cleaned.nii.gz  ->  001-0010-LM_TDCS_1_scalar_MNI_magnE_FTAF-left_cleaned.nii.gz
  /network/iss/levy/valerocabre/stimSD/Data/derivatives/mri/2-simnibs-simu-left/0009/simulations/simulation_FTAF-left_a0a7d87a/mni_volumes/0009_TDCS_1_scalar_MNI_magnE_extra_FTAF-left_masked.nii.gz  ->  001-0010-LM_TDCS_1_scalar_MNI_magnE_extra_FTAF-left_masked.nii.gz
  /network/iss/levy/valerocabre/stimSD/Data/derivatives/mri/2-simnibs-simu-left/0009/simulations/simulation_FTAF-left_a0a7d87a/mni_volumes/0009_TDCS_1_scalar_MNI_magnE_extra_FTAF-left_cleaned.nii.gz  ->  001-0010-LM_TDCS_1_scalar_MNI_magnE_extra_FTAF-left_cleaned.nii.gz
  /network/iss/levy/valerocabre/stimSD/Data/derivatives/mri/2-simnibs-simu-left/0008/simulations/simulation_AFFT-left_8dbde024/subject_overlays/lh.0008_TDCS_1_scalar.central.E.magn  ->  lh.001-0008-LD_TDCS_1_scalar.central.E.magn
  /network/iss/levy/valerocabre/stimSD/Data/derivatives/mri/2-simnibs-simu-left/0008/simulations/simulation_AFFT-left_8dbde024/subject_overlays/lh.0008_TDCS_1_scalar.central.E.normal  ->  lh.001-0008-LD_TDCS_1_scalar.central.E.normal
  /network/iss/levy/valerocabre/stimSD/Data/derivatives/mri/2-simnibs-simu-left/0008/simulations/simulation_AFFT-left_8dbde024/subject_overlays/lh.0008_TDCS_1_scalar.central.E.tangent  ->  lh.001-0008-LD_TDCS_1_scalar.central.E.tangent
  /network/iss/levy/valerocabre/stimSD/Data/derivatives/mri/2-simnibs-simu-left/0008/simulations/simulation_AFFT-left_8dbde024/subject_overlays/lh.0008_TDCS_1_scalar.central.E.angle  ->  lh.001-0008-LD_TDCS_1_scalar.central.E.angle
  /network/iss/levy/valerocabre/stimSD/Data/derivatives/mri/2-simnibs-simu-left/0008/simulations/simulation_AFFT-left_8dbde024/subject_overlays/rh.0008_TDCS_1_scalar.central.E.magn  ->  rh.001-0008-LD_TDCS_1_scalar.central.E.magn
  /network/iss/levy/valerocabre/stimSD/Data/derivatives/mri/2-simnibs-simu-left/0008/simulations/simulation_AFFT-left_8dbde024/subject_overlays/rh.0008_TDCS_1_scalar.central.E.normal  ->  rh.001-0008-LD_TDCS_1_scalar.central.E.normal
  /network/iss/levy/valerocabre/stimSD/Data/derivatives/mri/2-simnibs-simu-left/0008/simulations/simulation_AFFT-left_8dbde024/subject_overlays/rh.0008_TDCS_1_scalar.central.E.tangent  ->  rh.001-0008-LD_TDCS_1_scalar.central.E.tangent
  /network/iss/levy/valerocabre/stimSD/Data/derivatives/mri/2-simnibs-simu-left/0008/simulations/simulation_AFFT-left_8dbde024/subject_overlays/rh.0008_TDCS_1_scalar.central.E.angle  ->  rh.001-0008-LD_TDCS_1_scalar.central.E.angle
  /network/iss/levy/valerocabre/stimSD/Data/derivatives/mri/2-simnibs-simu-left/0008/simulations/simulation_AFFT-left_8dbde024/subject_overlays/lh.0008_TDCS_1_scalar.central.J.magn  ->  lh.001-0008-LD_TDCS_1_scalar.central.J.magn
  /network/iss/levy/valerocabre/stimSD/Data/derivatives/mri/2-simnibs-simu-left/0008/simulations/simulation_AFFT-left_8dbde024/subject_overlays/lh.0008_TDCS_1_scalar.central.J.normal  ->  lh.001-0008-LD_TDCS_1_scalar.central.J.normal
  /network/iss/levy/valerocabre/stimSD/Data/derivatives/mri/2-simnibs-simu-left/0008/simulations/simulation_AFFT-left_8dbde024/subject_overlays/lh.0008_TDCS_1_scalar.central.J.tangent  ->  lh.001-0008-LD_TDCS_1_scalar.central.J.tangent
  /network/iss/levy/valerocabre/stimSD/Data/derivatives/mri/2-simnibs-simu-left/0008/simulations/simulation_AFFT-left_8dbde024/subject_overlays/lh.0008_TDCS_1_scalar.central.J.angle  ->  lh.001-0008-LD_TDCS_1_scalar.central.J.angle
  /network/iss/levy/valerocabre/stimSD/Data/derivatives/mri/2-simnibs-simu-left/0008/simulations/simulation_AFFT-left_8dbde024/subject_overlays/rh.0008_TDCS_1_scalar.central.J.magn  ->  rh.001-0008-LD_TDCS_1_scalar.central.J.magn
  /network/iss/levy/valerocabre/stimSD/Data/derivatives/mri/2-simnibs-simu-left/0008/simulations/simulation_AFFT-left_8dbde024/subject_overlays/rh.0008_TDCS_1_scalar.central.J.normal  ->  rh.001-0008-LD_TDCS_1_scalar.central.J.normal
  /network/iss/levy/valerocabre/stimSD/Data/derivatives/mri/2-simnibs-simu-left/0008/simulations/simulation_AFFT-left_8dbde024/subject_overlays/rh.0008_TDCS_1_scalar.central.J.tangent  ->  rh.001-0008-LD_TDCS_1_scalar.central.J.tangent
  /network/iss/levy/valerocabre/stimSD/Data/derivatives/mri/2-simnibs-simu-left/0008/simulations/simulation_AFFT-left_8dbde024/subject_overlays/rh.0008_TDCS_1_scalar.central.J.angle  ->  rh.001-0008-LD_TDCS_1_scalar.central.J.angle
  /network/iss/levy/valerocabre/stimSD/Data/derivatives/mri/2-simnibs-simu-left/0008/simulations/simulation_AFFT-left_8dbde024/subject_overlays/0008_TDCS_1_scalar_central.msh  ->  001-0008-LD_TDCS_1_scalar_central.msh
  /network/iss/levy/valerocabre/stimSD/Data/derivatives/mri/2-simnibs-simu-left/0008/simulations/simulation_AFFT-left_8dbde024/subject_overlays/0008_TDCS_1_scalar_central.msh.opt  ->  001-0008-LD_TDCS_1_scalar_central.msh.opt
  /network/iss/levy/valerocabre/stimSD/Data/derivatives/mri/2-simnibs-simu-left/0008/simulations/simulation_AFFT-left_8dbde024/subject_volumes/0008_TDCS_1_scalar_E.nii.gz  ->  001-0008-LD_TDCS_1_scalar_E.nii.gz
  /network/iss/levy/valerocabre/stimSD/Data/derivatives/mri/2-simnibs-simu-left/0008/simulations/simulation_AFFT-left_8dbde024/subject_volumes/0008_TDCS_1_scalar_magnE.nii.gz  ->  001-0008-LD_TDCS_1_scalar_magnE.nii.gz
  /network/iss/levy/valerocabre/stimSD/Data/derivatives/mri/2-simnibs-simu-left/0008/simulations/simulation_AFFT-left_8dbde024/subject_volumes/0008_TDCS_1_scalar_J.nii.gz  ->  001-0008-LD_TDCS_1_scalar_J.nii.gz
  /network/iss/levy/valerocabre/stimSD/Data/derivatives/mri/2-simnibs-simu-left/0008/simulations/simulation_AFFT-left_8dbde024/subject_volumes/0008_TDCS_1_scalar_magnJ.nii.gz  ->  001-0008-LD_TDCS_1_scalar_magnJ.nii.gz
  /network/iss/levy/valerocabre/stimSD/Data/derivatives/mri/2-simnibs-simu-left/0008/simulations/simulation_AFFT-left_8dbde024/mni_volumes/0008_TDCS_1_scalar_MNI_E.nii.gz  ->  001-0008-LD_TDCS_1_scalar_MNI_E.nii.gz
  /network/iss/levy/valerocabre/stimSD/Data/derivatives/mri/2-simnibs-simu-left/0008/simulations/simulation_AFFT-left_8dbde024/mni_volumes/0008_TDCS_1_scalar_MNI_magnE.nii.gz  ->  001-0008-LD_TDCS_1_scalar_MNI_magnE.nii.gz
  /network/iss/levy/valerocabre/stimSD/Data/derivatives/mri/2-simnibs-simu-left/0008/simulations/simulation_AFFT-left_8dbde024/mni_volumes/0008_TDCS_1_scalar_MNI_J.nii.gz  ->  001-0008-LD_TDCS_1_scalar_MNI_J.nii.gz
  /network/iss/levy/valerocabre/stimSD/Data/derivatives/mri/2-simnibs-simu-left/0008/simulations/simulation_AFFT-left_8dbde024/mni_volumes/0008_TDCS_1_scalar_MNI_magnJ.nii.gz  ->  001-0008-LD_TDCS_1_scalar_MNI_magnJ.nii.gz
  /network/iss/levy/valerocabre/stimSD/Data/derivatives/mri/2-simnibs-simu-left/0008/simulations/simulation_AFFT-left_8dbde024/mni_volumes/0008_TDCS_1_scalar_MNI_magnE_AFFT-left_masked.nii.gz  ->  001-0008-LD_TDCS_1_scalar_MNI_magnE_AFFT-left_masked.nii.gz
  /network/iss/levy/valerocabre/stimSD/Data/derivatives/mri/2-simnibs-simu-left/0008/simulations/simulation_AFFT-left_8dbde024/mni_volumes/0008_TDCS_1_scalar_MNI_magnE_AFFT-left_cleaned.nii.gz  ->  001-0008-LD_TDCS_1_scalar_MNI_magnE_AFFT-left_cleaned.nii.gz
  /network/iss/levy/valerocabre/stimSD/Data/derivatives/mri/2-simnibs-simu-left/0008/simulations/simulation_AFFT-left_8dbde024/mni_volumes/0008_TDCS_1_scalar_MNI_magnE_extra_AFFT-left_masked.nii.gz  ->  001-0008-LD_TDCS_1_scalar_MNI_magnE_extra_AFFT-left_masked.nii.gz
  /network/iss/levy/valerocabre/stimSD/Data/derivatives/mri/2-simnibs-simu-left/0008/simulations/simulation_AFFT-left_8dbde024/mni_volumes/0008_TDCS_1_scalar_MNI_magnE_extra_AFFT-left_cleaned.nii.gz  ->  001-0008-LD_TDCS_1_scalar_MNI_magnE_extra_AFFT-left_cleaned.nii.gz
  /network/iss/levy/valerocabre/stimSD/Data/derivatives/mri/2-simnibs-simu-left/0008/simulations/simulation_FTAF-left_a0a7d87a/subject_overlays/lh.0008_TDCS_1_scalar.central.E.magn  ->  lh.001-0008-LD_TDCS_1_scalar.central.E.magn
  /network/iss/levy/valerocabre/stimSD/Data/derivatives/mri/2-simnibs-simu-left/0008/simulations/simulation_FTAF-left_a0a7d87a/subject_overlays/lh.0008_TDCS_1_scalar.central.E.normal  ->  lh.001-0008-LD_TDCS_1_scalar.central.E.normal
  /network/iss/levy/valerocabre/stimSD/Data/derivatives/mri/2-simnibs-simu-left/0008/simulations/simulation_FTAF-left_a0a7d87a/subject_overlays/lh.0008_TDCS_1_scalar.central.E.tangent  ->  lh.001-0008-LD_TDCS_1_scalar.central.E.tangent
  /network/iss/levy/valerocabre/stimSD/Data/derivatives/mri/2-simnibs-simu-left/0008/simulations/simulation_FTAF-left_a0a7d87a/subject_overlays/lh.0008_TDCS_1_scalar.central.E.angle  ->  lh.001-0008-LD_TDCS_1_scalar.central.E.angle
  /network/iss/levy/valerocabre/stimSD/Data/derivatives/mri/2-simnibs-simu-left/0008/simulations/simulation_FTAF-left_a0a7d87a/subject_overlays/rh.0008_TDCS_1_scalar.central.E.magn  ->  rh.001-0008-LD_TDCS_1_scalar.central.E.magn
  /network/iss/levy/valerocabre/stimSD/Data/derivatives/mri/2-simnibs-simu-left/0008/simulations/simulation_FTAF-left_a0a7d87a/subject_overlays/rh.0008_TDCS_1_scalar.central.E.normal  ->  rh.001-0008-LD_TDCS_1_scalar.central.E.normal
  /network/iss/levy/valerocabre/stimSD/Data/derivatives/mri/2-simnibs-simu-left/0008/simulations/simulation_FTAF-left_a0a7d87a/subject_overlays/rh.0008_TDCS_1_scalar.central.E.tangent  ->  rh.001-0008-LD_TDCS_1_scalar.central.E.tangent
  /network/iss/levy/valerocabre/stimSD/Data/derivatives/mri/2-simnibs-simu-left/0008/simulations/simulation_FTAF-left_a0a7d87a/subject_overlays/rh.0008_TDCS_1_scalar.central.E.angle  ->  rh.001-0008-LD_TDCS_1_scalar.central.E.angle
  /network/iss/levy/valerocabre/stimSD/Data/derivatives/mri/2-simnibs-simu-left/0008/simulations/simulation_FTAF-left_a0a7d87a/subject_overlays/lh.0008_TDCS_1_scalar.central.J.magn  ->  lh.001-0008-LD_TDCS_1_scalar.central.J.magn
  /network/iss/levy/valerocabre/stimSD/Data/derivatives/mri/2-simnibs-simu-left/0008/simulations/simulation_FTAF-left_a0a7d87a/subject_overlays/lh.0008_TDCS_1_scalar.central.J.normal  ->  lh.001-0008-LD_TDCS_1_scalar.central.J.normal
  /network/iss/levy/valerocabre/stimSD/Data/derivatives/mri/2-simnibs-simu-left/0008/simulations/simulation_FTAF-left_a0a7d87a/subject_overlays/lh.0008_TDCS_1_scalar.central.J.tangent  ->  lh.001-0008-LD_TDCS_1_scalar.central.J.tangent
  /network/iss/levy/valerocabre/stimSD/Data/derivatives/mri/2-simnibs-simu-left/0008/simulations/simulation_FTAF-left_a0a7d87a/subject_overlays/lh.0008_TDCS_1_scalar.central.J.angle  ->  lh.001-0008-LD_TDCS_1_scalar.central.J.angle
  /network/iss/levy/valerocabre/stimSD/Data/derivatives/mri/2-simnibs-simu-left/0008/simulations/simulation_FTAF-left_a0a7d87a/subject_overlays/rh.0008_TDCS_1_scalar.central.J.magn  ->  rh.001-0008-LD_TDCS_1_scalar.central.J.magn
  /network/iss/levy/valerocabre/stimSD/Data/derivatives/mri/2-simnibs-simu-left/0008/simulations/simulation_FTAF-left_a0a7d87a/subject_overlays/rh.0008_TDCS_1_scalar.central.J.normal  ->  rh.001-0008-LD_TDCS_1_scalar.central.J.normal
  /network/iss/levy/valerocabre/stimSD/Data/derivatives/mri/2-simnibs-simu-left/0008/simulations/simulation_FTAF-left_a0a7d87a/subject_overlays/rh.0008_TDCS_1_scalar.central.J.tangent  ->  rh.001-0008-LD_TDCS_1_scalar.central.J.tangent
  /network/iss/levy/valerocabre/stimSD/Data/derivatives/mri/2-simnibs-simu-left/0008/simulations/simulation_FTAF-left_a0a7d87a/subject_overlays/rh.0008_TDCS_1_scalar.central.J.angle  ->  rh.001-0008-LD_TDCS_1_scalar.central.J.angle
  /network/iss/levy/valerocabre/stimSD/Data/derivatives/mri/2-simnibs-simu-left/0008/simulations/simulation_FTAF-left_a0a7d87a/subject_overlays/0008_TDCS_1_scalar_central.msh  ->  001-0008-LD_TDCS_1_scalar_central.msh
  /network/iss/levy/valerocabre/stimSD/Data/derivatives/mri/2-simnibs-simu-left/0008/simulations/simulation_FTAF-left_a0a7d87a/subject_overlays/0008_TDCS_1_scalar_central.msh.opt  ->  001-0008-LD_TDCS_1_scalar_central.msh.opt
  /network/iss/levy/valerocabre/stimSD/Data/derivatives/mri/2-simnibs-simu-left/0008/simulations/simulation_FTAF-left_a0a7d87a/subject_volumes/0008_TDCS_1_scalar_E.nii.gz  ->  001-0008-LD_TDCS_1_scalar_E.nii.gz
  /network/iss/levy/valerocabre/stimSD/Data/derivatives/mri/2-simnibs-simu-left/0008/simulations/simulation_FTAF-left_a0a7d87a/subject_volumes/0008_TDCS_1_scalar_magnE.nii.gz  ->  001-0008-LD_TDCS_1_scalar_magnE.nii.gz
  /network/iss/levy/valerocabre/stimSD/Data/derivatives/mri/2-simnibs-simu-left/0008/simulations/simulation_FTAF-left_a0a7d87a/subject_volumes/0008_TDCS_1_scalar_J.nii.gz  ->  001-0008-LD_TDCS_1_scalar_J.nii.gz
  /network/iss/levy/valerocabre/stimSD/Data/derivatives/mri/2-simnibs-simu-left/0008/simulations/simulation_FTAF-left_a0a7d87a/subject_volumes/0008_TDCS_1_scalar_magnJ.nii.gz  ->  001-0008-LD_TDCS_1_scalar_magnJ.nii.gz
  /network/iss/levy/valerocabre/stimSD/Data/derivatives/mri/2-simnibs-simu-left/0008/simulations/simulation_FTAF-left_a0a7d87a/mni_volumes/0008_TDCS_1_scalar_MNI_E.nii.gz  ->  001-0008-LD_TDCS_1_scalar_MNI_E.nii.gz
  /network/iss/levy/valerocabre/stimSD/Data/derivatives/mri/2-simnibs-simu-left/0008/simulations/simulation_FTAF-left_a0a7d87a/mni_volumes/0008_TDCS_1_scalar_MNI_magnE.nii.gz  ->  001-0008-LD_TDCS_1_scalar_MNI_magnE.nii.gz
  /network/iss/levy/valerocabre/stimSD/Data/derivatives/mri/2-simnibs-simu-left/0008/simulations/simulation_FTAF-left_a0a7d87a/mni_volumes/0008_TDCS_1_scalar_MNI_J.nii.gz  ->  001-0008-LD_TDCS_1_scalar_MNI_J.nii.gz
  /network/iss/levy/valerocabre/stimSD/Data/derivatives/mri/2-simnibs-simu-left/0008/simulations/simulation_FTAF-left_a0a7d87a/mni_volumes/0008_TDCS_1_scalar_MNI_magnJ.nii.gz  ->  001-0008-LD_TDCS_1_scalar_MNI_magnJ.nii.gz
  /network/iss/levy/valerocabre/stimSD/Data/derivatives/mri/2-simnibs-simu-left/0008/simulations/simulation_FTAF-left_a0a7d87a/mni_volumes/0008_TDCS_1_scalar_MNI_magnE_FTAF-left_masked.nii.gz  ->  001-0008-LD_TDCS_1_scalar_MNI_magnE_FTAF-left_masked.nii.gz
  /network/iss/levy/valerocabre/stimSD/Data/derivatives/mri/2-simnibs-simu-left/0008/simulations/simulation_FTAF-left_a0a7d87a/mni_volumes/0008_TDCS_1_scalar_MNI_magnE_FTAF-left_cleaned.nii.gz  ->  001-0008-LD_TDCS_1_scalar_MNI_magnE_FTAF-left_cleaned.nii.gz
  /network/iss/levy/valerocabre/stimSD/Data/derivatives/mri/2-simnibs-simu-left/0008/simulations/simulation_FTAF-left_a0a7d87a/mni_volumes/0008_TDCS_1_scalar_MNI_magnE_extra_FTAF-left_masked.nii.gz  ->  001-0008-LD_TDCS_1_scalar_MNI_magnE_extra_FTAF-left_masked.nii.gz
  /network/iss/levy/valerocabre/stimSD/Data/derivatives/mri/2-simnibs-simu-left/0008/simulations/simulation_FTAF-left_a0a7d87a/mni_volumes/0008_TDCS_1_scalar_MNI_magnE_extra_FTAF-left_cleaned.nii.gz  ->  001-0008-LD_TDCS_1_scalar_MNI_magnE_extra_FTAF-left_cleaned.nii.gz
  /network/iss/levy/valerocabre/stimSD/Data/derivatives/mri/2-simnibs-simu-left/0017/simulations/simulation_AFFT-left_8dbde024/subject_overlays/lh.0017_TDCS_1_scalar.central.E.magn  ->  lh.001-0018-JC_TDCS_1_scalar.central.E.magn
  /network/iss/levy/valerocabre/stimSD/Data/derivatives/mri/2-simnibs-simu-left/0017/simulations/simulation_AFFT-left_8dbde024/subject_overlays/lh.0017_TDCS_1_scalar.central.E.normal  ->  lh.001-0018-JC_TDCS_1_scalar.central.E.normal
  /network/iss/levy/valerocabre/stimSD/Data/derivatives/mri/2-simnibs-simu-left/0017/simulations/simulation_AFFT-left_8dbde024/subject_overlays/lh.0017_TDCS_1_scalar.central.E.tangent  ->  lh.001-0018-JC_TDCS_1_scalar.central.E.tangent
  /network/iss/levy/valerocabre/stimSD/Data/derivatives/mri/2-simnibs-simu-left/0017/simulations/simulation_AFFT-left_8dbde024/subject_overlays/lh.0017_TDCS_1_scalar.central.E.angle  ->  lh.001-0018-JC_TDCS_1_scalar.central.E.angle
  /network/iss/levy/valerocabre/stimSD/Data/derivatives/mri/2-simnibs-simu-left/0017/simulations/simulation_AFFT-left_8dbde024/subject_overlays/rh.0017_TDCS_1_scalar.central.E.magn  ->  rh.001-0018-JC_TDCS_1_scalar.central.E.magn
  /network/iss/levy/valerocabre/stimSD/Data/derivatives/mri/2-simnibs-simu-left/0017/simulations/simulation_AFFT-left_8dbde024/subject_overlays/rh.0017_TDCS_1_scalar.central.E.normal  ->  rh.001-0018-JC_TDCS_1_scalar.central.E.normal
  /network/iss/levy/valerocabre/stimSD/Data/derivatives/mri/2-simnibs-simu-left/0017/simulations/simulation_AFFT-left_8dbde024/subject_overlays/rh.0017_TDCS_1_scalar.central.E.tangent  ->  rh.001-0018-JC_TDCS_1_scalar.central.E.tangent
  /network/iss/levy/valerocabre/stimSD/Data/derivatives/mri/2-simnibs-simu-left/0017/simulations/simulation_AFFT-left_8dbde024/subject_overlays/rh.0017_TDCS_1_scalar.central.E.angle  ->  rh.001-0018-JC_TDCS_1_scalar.central.E.angle
  /network/iss/levy/valerocabre/stimSD/Data/derivatives/mri/2-simnibs-simu-left/0017/simulations/simulation_AFFT-left_8dbde024/subject_overlays/lh.0017_TDCS_1_scalar.central.J.magn  ->  lh.001-0018-JC_TDCS_1_scalar.central.J.magn
  /network/iss/levy/valerocabre/stimSD/Data/derivatives/mri/2-simnibs-simu-left/0017/simulations/simulation_AFFT-left_8dbde024/subject_overlays/lh.0017_TDCS_1_scalar.central.J.normal  ->  lh.001-0018-JC_TDCS_1_scalar.central.J.normal
  /network/iss/levy/valerocabre/stimSD/Data/derivatives/mri/2-simnibs-simu-left/0017/simulations/simulation_AFFT-left_8dbde024/subject_overlays/lh.0017_TDCS_1_scalar.central.J.tangent  ->  lh.001-0018-JC_TDCS_1_scalar.central.J.tangent
  /network/iss/levy/valerocabre/stimSD/Data/derivatives/mri/2-simnibs-simu-left/0017/simulations/simulation_AFFT-left_8dbde024/subject_overlays/lh.0017_TDCS_1_scalar.central.J.angle  ->  lh.001-0018-JC_TDCS_1_scalar.central.J.angle
  /network/iss/levy/valerocabre/stimSD/Data/derivatives/mri/2-simnibs-simu-left/0017/simulations/simulation_AFFT-left_8dbde024/subject_overlays/rh.0017_TDCS_1_scalar.central.J.magn  ->  rh.001-0018-JC_TDCS_1_scalar.central.J.magn
  /network/iss/levy/valerocabre/stimSD/Data/derivatives/mri/2-simnibs-simu-left/0017/simulations/simulation_AFFT-left_8dbde024/subject_overlays/rh.0017_TDCS_1_scalar.central.J.normal  ->  rh.001-0018-JC_TDCS_1_scalar.central.J.normal
  /network/iss/levy/valerocabre/stimSD/Data/derivatives/mri/2-simnibs-simu-left/0017/simulations/simulation_AFFT-left_8dbde024/subject_overlays/rh.0017_TDCS_1_scalar.central.J.tangent  ->  rh.001-0018-JC_TDCS_1_scalar.central.J.tangent
  /network/iss/levy/valerocabre/stimSD/Data/derivatives/mri/2-simnibs-simu-left/0017/simulations/simulation_AFFT-left_8dbde024/subject_overlays/rh.0017_TDCS_1_scalar.central.J.angle  ->  rh.001-0018-JC_TDCS_1_scalar.central.J.angle
  /network/iss/levy/valerocabre/stimSD/Data/derivatives/mri/2-simnibs-simu-left/0017/simulations/simulation_AFFT-left_8dbde024/subject_overlays/0017_TDCS_1_scalar_central.msh  ->  001-0018-JC_TDCS_1_scalar_central.msh
  /network/iss/levy/valerocabre/stimSD/Data/derivatives/mri/2-simnibs-simu-left/0017/simulations/simulation_AFFT-left_8dbde024/subject_overlays/0017_TDCS_1_scalar_central.msh.opt  ->  001-0018-JC_TDCS_1_scalar_central.msh.opt
  /network/iss/levy/valerocabre/stimSD/Data/derivatives/mri/2-simnibs-simu-left/0017/simulations/simulation_AFFT-left_8dbde024/subject_volumes/0017_TDCS_1_scalar_E.nii.gz  ->  001-0018-JC_TDCS_1_scalar_E.nii.gz
  /network/iss/levy/valerocabre/stimSD/Data/derivatives/mri/2-simnibs-simu-left/0017/simulations/simulation_AFFT-left_8dbde024/subject_volumes/0017_TDCS_1_scalar_magnE.nii.gz  ->  001-0018-JC_TDCS_1_scalar_magnE.nii.gz
  /network/iss/levy/valerocabre/stimSD/Data/derivatives/mri/2-simnibs-simu-left/0017/simulations/simulation_AFFT-left_8dbde024/subject_volumes/0017_TDCS_1_scalar_J.nii.gz  ->  001-0018-JC_TDCS_1_scalar_J.nii.gz
  /network/iss/levy/valerocabre/stimSD/Data/derivatives/mri/2-simnibs-simu-left/0017/simulations/simulation_AFFT-left_8dbde024/subject_volumes/0017_TDCS_1_scalar_magnJ.nii.gz  ->  001-0018-JC_TDCS_1_scalar_magnJ.nii.gz
  /network/iss/levy/valerocabre/stimSD/Data/derivatives/mri/2-simnibs-simu-left/0017/simulations/simulation_AFFT-left_8dbde024/mni_volumes/0017_TDCS_1_scalar_MNI_E.nii.gz  ->  001-0018-JC_TDCS_1_scalar_MNI_E.nii.gz
  /network/iss/levy/valerocabre/stimSD/Data/derivatives/mri/2-simnibs-simu-left/0017/simulations/simulation_AFFT-left_8dbde024/mni_volumes/0017_TDCS_1_scalar_MNI_magnE.nii.gz  ->  001-0018-JC_TDCS_1_scalar_MNI_magnE.nii.gz
  /network/iss/levy/valerocabre/stimSD/Data/derivatives/mri/2-simnibs-simu-left/0017/simulations/simulation_AFFT-left_8dbde024/mni_volumes/0017_TDCS_1_scalar_MNI_J.nii.gz  ->  001-0018-JC_TDCS_1_scalar_MNI_J.nii.gz
  /network/iss/levy/valerocabre/stimSD/Data/derivatives/mri/2-simnibs-simu-left/0017/simulations/simulation_AFFT-left_8dbde024/mni_volumes/0017_TDCS_1_scalar_MNI_magnJ.nii.gz  ->  001-0018-JC_TDCS_1_scalar_MNI_magnJ.nii.gz
  /network/iss/levy/valerocabre/stimSD/Data/derivatives/mri/2-simnibs-simu-left/0017/simulations/simulation_AFFT-left_8dbde024/mni_volumes/0017_TDCS_1_scalar_MNI_magnE_AFFT-left_masked.nii.gz  ->  001-0018-JC_TDCS_1_scalar_MNI_magnE_AFFT-left_masked.nii.gz
  /network/iss/levy/valerocabre/stimSD/Data/derivatives/mri/2-simnibs-simu-left/0017/simulations/simulation_AFFT-left_8dbde024/mni_volumes/0017_TDCS_1_scalar_MNI_magnE_AFFT-left_cleaned.nii.gz  ->  001-0018-JC_TDCS_1_scalar_MNI_magnE_AFFT-left_cleaned.nii.gz
  /network/iss/levy/valerocabre/stimSD/Data/derivatives/mri/2-simnibs-simu-left/0017/simulations/simulation_AFFT-left_8dbde024/mni_volumes/0017_TDCS_1_scalar_MNI_magnE_extra_AFFT-left_masked.nii.gz  ->  001-0018-JC_TDCS_1_scalar_MNI_magnE_extra_AFFT-left_masked.nii.gz
  /network/iss/levy/valerocabre/stimSD/Data/derivatives/mri/2-simnibs-simu-left/0017/simulations/simulation_AFFT-left_8dbde024/mni_volumes/0017_TDCS_1_scalar_MNI_magnE_extra_AFFT-left_cleaned.nii.gz  ->  001-0018-JC_TDCS_1_scalar_MNI_magnE_extra_AFFT-left_cleaned.nii.gz
  /network/iss/levy/valerocabre/stimSD/Data/derivatives/mri/2-simnibs-simu-left/0017/simulations/simulation_FTAF-left_a0a7d87a/subject_overlays/lh.0017_TDCS_1_scalar.central.E.magn  ->  lh.001-0018-JC_TDCS_1_scalar.central.E.magn
  /network/iss/levy/valerocabre/stimSD/Data/derivatives/mri/2-simnibs-simu-left/0017/simulations/simulation_FTAF-left_a0a7d87a/subject_overlays/lh.0017_TDCS_1_scalar.central.E.normal  ->  lh.001-0018-JC_TDCS_1_scalar.central.E.normal
  /network/iss/levy/valerocabre/stimSD/Data/derivatives/mri/2-simnibs-simu-left/0017/simulations/simulation_FTAF-left_a0a7d87a/subject_overlays/lh.0017_TDCS_1_scalar.central.E.tangent  ->  lh.001-0018-JC_TDCS_1_scalar.central.E.tangent
  /network/iss/levy/valerocabre/stimSD/Data/derivatives/mri/2-simnibs-simu-left/0017/simulations/simulation_FTAF-left_a0a7d87a/subject_overlays/lh.0017_TDCS_1_scalar.central.E.angle  ->  lh.001-0018-JC_TDCS_1_scalar.central.E.angle
  /network/iss/levy/valerocabre/stimSD/Data/derivatives/mri/2-simnibs-simu-left/0017/simulations/simulation_FTAF-left_a0a7d87a/subject_overlays/rh.0017_TDCS_1_scalar.central.E.magn  ->  rh.001-0018-JC_TDCS_1_scalar.central.E.magn
  /network/iss/levy/valerocabre/stimSD/Data/derivatives/mri/2-simnibs-simu-left/0017/simulations/simulation_FTAF-left_a0a7d87a/subject_overlays/rh.0017_TDCS_1_scalar.central.E.normal  ->  rh.001-0018-JC_TDCS_1_scalar.central.E.normal
  /network/iss/levy/valerocabre/stimSD/Data/derivatives/mri/2-simnibs-simu-left/0017/simulations/simulation_FTAF-left_a0a7d87a/subject_overlays/rh.0017_TDCS_1_scalar.central.E.tangent  ->  rh.001-0018-JC_TDCS_1_scalar.central.E.tangent
  /network/iss/levy/valerocabre/stimSD/Data/derivatives/mri/2-simnibs-simu-left/0017/simulations/simulation_FTAF-left_a0a7d87a/subject_overlays/rh.0017_TDCS_1_scalar.central.E.angle  ->  rh.001-0018-JC_TDCS_1_scalar.central.E.angle
  /network/iss/levy/valerocabre/stimSD/Data/derivatives/mri/2-simnibs-simu-left/0017/simulations/simulation_FTAF-left_a0a7d87a/subject_overlays/lh.0017_TDCS_1_scalar.central.J.magn  ->  lh.001-0018-JC_TDCS_1_scalar.central.J.magn
  /network/iss/levy/valerocabre/stimSD/Data/derivatives/mri/2-simnibs-simu-left/0017/simulations/simulation_FTAF-left_a0a7d87a/subject_overlays/lh.0017_TDCS_1_scalar.central.J.normal  ->  lh.001-0018-JC_TDCS_1_scalar.central.J.normal
  /network/iss/levy/valerocabre/stimSD/Data/derivatives/mri/2-simnibs-simu-left/0017/simulations/simulation_FTAF-left_a0a7d87a/subject_overlays/lh.0017_TDCS_1_scalar.central.J.tangent  ->  lh.001-0018-JC_TDCS_1_scalar.central.J.tangent
  /network/iss/levy/valerocabre/stimSD/Data/derivatives/mri/2-simnibs-simu-left/0017/simulations/simulation_FTAF-left_a0a7d87a/subject_overlays/lh.0017_TDCS_1_scalar.central.J.angle  ->  lh.001-0018-JC_TDCS_1_scalar.central.J.angle
  /network/iss/levy/valerocabre/stimSD/Data/derivatives/mri/2-simnibs-simu-left/0017/simulations/simulation_FTAF-left_a0a7d87a/subject_overlays/rh.0017_TDCS_1_scalar.central.J.magn  ->  rh.001-0018-JC_TDCS_1_scalar.central.J.magn
  /network/iss/levy/valerocabre/stimSD/Data/derivatives/mri/2-simnibs-simu-left/0017/simulations/simulation_FTAF-left_a0a7d87a/subject_overlays/rh.0017_TDCS_1_scalar.central.J.normal  ->  rh.001-0018-JC_TDCS_1_scalar.central.J.normal
  /network/iss/levy/valerocabre/stimSD/Data/derivatives/mri/2-simnibs-simu-left/0017/simulations/simulation_FTAF-left_a0a7d87a/subject_overlays/rh.0017_TDCS_1_scalar.central.J.tangent  ->  rh.001-0018-JC_TDCS_1_scalar.central.J.tangent
  /network/iss/levy/valerocabre/stimSD/Data/derivatives/mri/2-simnibs-simu-left/0017/simulations/simulation_FTAF-left_a0a7d87a/subject_overlays/rh.0017_TDCS_1_scalar.central.J.angle  ->  rh.001-0018-JC_TDCS_1_scalar.central.J.angle
  /network/iss/levy/valerocabre/stimSD/Data/derivatives/mri/2-simnibs-simu-left/0017/simulations/simulation_FTAF-left_a0a7d87a/subject_overlays/0017_TDCS_1_scalar_central.msh  ->  001-0018-JC_TDCS_1_scalar_central.msh
  /network/iss/levy/valerocabre/stimSD/Data/derivatives/mri/2-simnibs-simu-left/0017/simulations/simulation_FTAF-left_a0a7d87a/subject_overlays/0017_TDCS_1_scalar_central.msh.opt  ->  001-0018-JC_TDCS_1_scalar_central.msh.opt
  /network/iss/levy/valerocabre/stimSD/Data/derivatives/mri/2-simnibs-simu-left/0017/simulations/simulation_FTAF-left_a0a7d87a/subject_volumes/0017_TDCS_1_scalar_E.nii.gz  ->  001-0018-JC_TDCS_1_scalar_E.nii.gz
  /network/iss/levy/valerocabre/stimSD/Data/derivatives/mri/2-simnibs-simu-left/0017/simulations/simulation_FTAF-left_a0a7d87a/subject_volumes/0017_TDCS_1_scalar_magnE.nii.gz  ->  001-0018-JC_TDCS_1_scalar_magnE.nii.gz
  /network/iss/levy/valerocabre/stimSD/Data/derivatives/mri/2-simnibs-simu-left/0017/simulations/simulation_FTAF-left_a0a7d87a/subject_volumes/0017_TDCS_1_scalar_J.nii.gz  ->  001-0018-JC_TDCS_1_scalar_J.nii.gz
  /network/iss/levy/valerocabre/stimSD/Data/derivatives/mri/2-simnibs-simu-left/0017/simulations/simulation_FTAF-left_a0a7d87a/subject_volumes/0017_TDCS_1_scalar_magnJ.nii.gz  ->  001-0018-JC_TDCS_1_scalar_magnJ.nii.gz
  /network/iss/levy/valerocabre/stimSD/Data/derivatives/mri/2-simnibs-simu-left/0017/simulations/simulation_FTAF-left_a0a7d87a/mni_volumes/0017_TDCS_1_scalar_MNI_E.nii.gz  ->  001-0018-JC_TDCS_1_scalar_MNI_E.nii.gz
  /network/iss/levy/valerocabre/stimSD/Data/derivatives/mri/2-simnibs-simu-left/0017/simulations/simulation_FTAF-left_a0a7d87a/mni_volumes/0017_TDCS_1_scalar_MNI_magnE.nii.gz  ->  001-0018-JC_TDCS_1_scalar_MNI_magnE.nii.gz
  /network/iss/levy/valerocabre/stimSD/Data/derivatives/mri/2-simnibs-simu-left/0017/simulations/simulation_FTAF-left_a0a7d87a/mni_volumes/0017_TDCS_1_scalar_MNI_J.nii.gz  ->  001-0018-JC_TDCS_1_scalar_MNI_J.nii.gz
  /network/iss/levy/valerocabre/stimSD/Data/derivatives/mri/2-simnibs-simu-left/0017/simulations/simulation_FTAF-left_a0a7d87a/mni_volumes/0017_TDCS_1_scalar_MNI_magnJ.nii.gz  ->  001-0018-JC_TDCS_1_scalar_MNI_magnJ.nii.gz
  /network/iss/levy/valerocabre/stimSD/Data/derivatives/mri/2-simnibs-simu-left/0017/simulations/simulation_FTAF-left_a0a7d87a/mni_volumes/0017_TDCS_1_scalar_MNI_magnE_FTAF-left_masked.nii.gz  ->  001-0018-JC_TDCS_1_scalar_MNI_magnE_FTAF-left_masked.nii.gz
  /network/iss/levy/valerocabre/stimSD/Data/derivatives/mri/2-simnibs-simu-left/0017/simulations/simulation_FTAF-left_a0a7d87a/mni_volumes/0017_TDCS_1_scalar_MNI_magnE_FTAF-left_cleaned.nii.gz  ->  001-0018-JC_TDCS_1_scalar_MNI_magnE_FTAF-left_cleaned.nii.gz
  /network/iss/levy/valerocabre/stimSD/Data/derivatives/mri/2-simnibs-simu-left/0017/simulations/simulation_FTAF-left_a0a7d87a/mni_volumes/0017_TDCS_1_scalar_MNI_magnE_extra_FTAF-left_masked.nii.gz  ->  001-0018-JC_TDCS_1_scalar_MNI_magnE_extra_FTAF-left_masked.nii.gz
  /network/iss/levy/valerocabre/stimSD/Data/derivatives/mri/2-simnibs-simu-left/0017/simulations/simulation_FTAF-left_a0a7d87a/mni_volumes/0017_TDCS_1_scalar_MNI_magnE_extra_FTAF-left_cleaned.nii.gz  ->  001-0018-JC_TDCS_1_scalar_MNI_magnE_extra_FTAF-left_cleaned.nii.gz
  /network/iss/levy/valerocabre/stimSD/Data/derivatives/mri/2-simnibs-simu-left/0015/simulations/simulation_AFFT-left_8dbde024/subject_overlays/lh.0015_TDCS_1_scalar.central.E.magn  ->  lh.001-0021-RP_TDCS_1_scalar.central.E.magn
  /network/iss/levy/valerocabre/stimSD/Data/derivatives/mri/2-simnibs-simu-left/0015/simulations/simulation_AFFT-left_8dbde024/subject_overlays/lh.0015_TDCS_1_scalar.central.E.normal  ->  lh.001-0021-RP_TDCS_1_scalar.central.E.normal
  /network/iss/levy/valerocabre/stimSD/Data/derivatives/mri/2-simnibs-simu-left/0015/simulations/simulation_AFFT-left_8dbde024/subject_overlays/lh.0015_TDCS_1_scalar.central.E.tangent  ->  lh.001-0021-RP_TDCS_1_scalar.central.E.tangent
  /network/iss/levy/valerocabre/stimSD/Data/derivatives/mri/2-simnibs-simu-left/0015/simulations/simulation_AFFT-left_8dbde024/subject_overlays/lh.0015_TDCS_1_scalar.central.E.angle  ->  lh.001-0021-RP_TDCS_1_scalar.central.E.angle
  /network/iss/levy/valerocabre/stimSD/Data/derivatives/mri/2-simnibs-simu-left/0015/simulations/simulation_AFFT-left_8dbde024/subject_overlays/rh.0015_TDCS_1_scalar.central.E.magn  ->  rh.001-0021-RP_TDCS_1_scalar.central.E.magn
  /network/iss/levy/valerocabre/stimSD/Data/derivatives/mri/2-simnibs-simu-left/0015/simulations/simulation_AFFT-left_8dbde024/subject_overlays/rh.0015_TDCS_1_scalar.central.E.normal  ->  rh.001-0021-RP_TDCS_1_scalar.central.E.normal
  /network/iss/levy/valerocabre/stimSD/Data/derivatives/mri/2-simnibs-simu-left/0015/simulations/simulation_AFFT-left_8dbde024/subject_overlays/rh.0015_TDCS_1_scalar.central.E.tangent  ->  rh.001-0021-RP_TDCS_1_scalar.central.E.tangent
  /network/iss/levy/valerocabre/stimSD/Data/derivatives/mri/2-simnibs-simu-left/0015/simulations/simulation_AFFT-left_8dbde024/subject_overlays/rh.0015_TDCS_1_scalar.central.E.angle  ->  rh.001-0021-RP_TDCS_1_scalar.central.E.angle
  /network/iss/levy/valerocabre/stimSD/Data/derivatives/mri/2-simnibs-simu-left/0015/simulations/simulation_AFFT-left_8dbde024/subject_overlays/lh.0015_TDCS_1_scalar.central.J.magn  ->  lh.001-0021-RP_TDCS_1_scalar.central.J.magn
  /network/iss/levy/valerocabre/stimSD/Data/derivatives/mri/2-simnibs-simu-left/0015/simulations/simulation_AFFT-left_8dbde024/subject_overlays/lh.0015_TDCS_1_scalar.central.J.normal  ->  lh.001-0021-RP_TDCS_1_scalar.central.J.normal
  /network/iss/levy/valerocabre/stimSD/Data/derivatives/mri/2-simnibs-simu-left/0015/simulations/simulation_AFFT-left_8dbde024/subject_overlays/lh.0015_TDCS_1_scalar.central.J.tangent  ->  lh.001-0021-RP_TDCS_1_scalar.central.J.tangent
  /network/iss/levy/valerocabre/stimSD/Data/derivatives/mri/2-simnibs-simu-left/0015/simulations/simulation_AFFT-left_8dbde024/subject_overlays/lh.0015_TDCS_1_scalar.central.J.angle  ->  lh.001-0021-RP_TDCS_1_scalar.central.J.angle
  /network/iss/levy/valerocabre/stimSD/Data/derivatives/mri/2-simnibs-simu-left/0015/simulations/simulation_AFFT-left_8dbde024/subject_overlays/rh.0015_TDCS_1_scalar.central.J.magn  ->  rh.001-0021-RP_TDCS_1_scalar.central.J.magn
  /network/iss/levy/valerocabre/stimSD/Data/derivatives/mri/2-simnibs-simu-left/0015/simulations/simulation_AFFT-left_8dbde024/subject_overlays/rh.0015_TDCS_1_scalar.central.J.normal  ->  rh.001-0021-RP_TDCS_1_scalar.central.J.normal
  /network/iss/levy/valerocabre/stimSD/Data/derivatives/mri/2-simnibs-simu-left/0015/simulations/simulation_AFFT-left_8dbde024/subject_overlays/rh.0015_TDCS_1_scalar.central.J.tangent  ->  rh.001-0021-RP_TDCS_1_scalar.central.J.tangent
  /network/iss/levy/valerocabre/stimSD/Data/derivatives/mri/2-simnibs-simu-left/0015/simulations/simulation_AFFT-left_8dbde024/subject_overlays/rh.0015_TDCS_1_scalar.central.J.angle  ->  rh.001-0021-RP_TDCS_1_scalar.central.J.angle
  /network/iss/levy/valerocabre/stimSD/Data/derivatives/mri/2-simnibs-simu-left/0015/simulations/simulation_AFFT-left_8dbde024/subject_overlays/0015_TDCS_1_scalar_central.msh  ->  001-0021-RP_TDCS_1_scalar_central.msh
  /network/iss/levy/valerocabre/stimSD/Data/derivatives/mri/2-simnibs-simu-left/0015/simulations/simulation_AFFT-left_8dbde024/subject_overlays/0015_TDCS_1_scalar_central.msh.opt  ->  001-0021-RP_TDCS_1_scalar_central.msh.opt
  /network/iss/levy/valerocabre/stimSD/Data/derivatives/mri/2-simnibs-simu-left/0015/simulations/simulation_AFFT-left_8dbde024/subject_volumes/0015_TDCS_1_scalar_E.nii.gz  ->  001-0021-RP_TDCS_1_scalar_E.nii.gz
  /network/iss/levy/valerocabre/stimSD/Data/derivatives/mri/2-simnibs-simu-left/0015/simulations/simulation_AFFT-left_8dbde024/subject_volumes/0015_TDCS_1_scalar_magnE.nii.gz  ->  001-0021-RP_TDCS_1_scalar_magnE.nii.gz
  /network/iss/levy/valerocabre/stimSD/Data/derivatives/mri/2-simnibs-simu-left/0015/simulations/simulation_AFFT-left_8dbde024/subject_volumes/0015_TDCS_1_scalar_J.nii.gz  ->  001-0021-RP_TDCS_1_scalar_J.nii.gz
  /network/iss/levy/valerocabre/stimSD/Data/derivatives/mri/2-simnibs-simu-left/0015/simulations/simulation_AFFT-left_8dbde024/subject_volumes/0015_TDCS_1_scalar_magnJ.nii.gz  ->  001-0021-RP_TDCS_1_scalar_magnJ.nii.gz
  /network/iss/levy/valerocabre/stimSD/Data/derivatives/mri/2-simnibs-simu-left/0015/simulations/simulation_AFFT-left_8dbde024/mni_volumes/0015_TDCS_1_scalar_MNI_E.nii.gz  ->  001-0021-RP_TDCS_1_scalar_MNI_E.nii.gz
  /network/iss/levy/valerocabre/stimSD/Data/derivatives/mri/2-simnibs-simu-left/0015/simulations/simulation_AFFT-left_8dbde024/mni_volumes/0015_TDCS_1_scalar_MNI_magnE.nii.gz  ->  001-0021-RP_TDCS_1_scalar_MNI_magnE.nii.gz
  /network/iss/levy/valerocabre/stimSD/Data/derivatives/mri/2-simnibs-simu-left/0015/simulations/simulation_AFFT-left_8dbde024/mni_volumes/0015_TDCS_1_scalar_MNI_J.nii.gz  ->  001-0021-RP_TDCS_1_scalar_MNI_J.nii.gz
  /network/iss/levy/valerocabre/stimSD/Data/derivatives/mri/2-simnibs-simu-left/0015/simulations/simulation_AFFT-left_8dbde024/mni_volumes/0015_TDCS_1_scalar_MNI_magnJ.nii.gz  ->  001-0021-RP_TDCS_1_scalar_MNI_magnJ.nii.gz
  /network/iss/levy/valerocabre/stimSD/Data/derivatives/mri/2-simnibs-simu-left/0015/simulations/simulation_AFFT-left_8dbde024/mni_volumes/0015_TDCS_1_scalar_MNI_magnE_AFFT-left_masked.nii.gz  ->  001-0021-RP_TDCS_1_scalar_MNI_magnE_AFFT-left_masked.nii.gz
  /network/iss/levy/valerocabre/stimSD/Data/derivatives/mri/2-simnibs-simu-left/0015/simulations/simulation_AFFT-left_8dbde024/mni_volumes/0015_TDCS_1_scalar_MNI_magnE_AFFT-left_cleaned.nii.gz  ->  001-0021-RP_TDCS_1_scalar_MNI_magnE_AFFT-left_cleaned.nii.gz
  /network/iss/levy/valerocabre/stimSD/Data/derivatives/mri/2-simnibs-simu-left/0015/simulations/simulation_AFFT-left_8dbde024/mni_volumes/0015_TDCS_1_scalar_MNI_magnE_extra_AFFT-left_masked.nii.gz  ->  001-0021-RP_TDCS_1_scalar_MNI_magnE_extra_AFFT-left_masked.nii.gz
  /network/iss/levy/valerocabre/stimSD/Data/derivatives/mri/2-simnibs-simu-left/0015/simulations/simulation_AFFT-left_8dbde024/mni_volumes/0015_TDCS_1_scalar_MNI_magnE_extra_AFFT-left_cleaned.nii.gz  ->  001-0021-RP_TDCS_1_scalar_MNI_magnE_extra_AFFT-left_cleaned.nii.gz
  /network/iss/levy/valerocabre/stimSD/Data/derivatives/mri/2-simnibs-simu-left/0015/simulations/simulation_FTAF-left_a0a7d87a/subject_overlays/lh.0015_TDCS_1_scalar.central.E.magn  ->  lh.001-0021-RP_TDCS_1_scalar.central.E.magn
  /network/iss/levy/valerocabre/stimSD/Data/derivatives/mri/2-simnibs-simu-left/0015/simulations/simulation_FTAF-left_a0a7d87a/subject_overlays/lh.0015_TDCS_1_scalar.central.E.normal  ->  lh.001-0021-RP_TDCS_1_scalar.central.E.normal
  /network/iss/levy/valerocabre/stimSD/Data/derivatives/mri/2-simnibs-simu-left/0015/simulations/simulation_FTAF-left_a0a7d87a/subject_overlays/lh.0015_TDCS_1_scalar.central.E.tangent  ->  lh.001-0021-RP_TDCS_1_scalar.central.E.tangent
  /network/iss/levy/valerocabre/stimSD/Data/derivatives/mri/2-simnibs-simu-left/0015/simulations/simulation_FTAF-left_a0a7d87a/subject_overlays/lh.0015_TDCS_1_scalar.central.E.angle  ->  lh.001-0021-RP_TDCS_1_scalar.central.E.angle
  /network/iss/levy/valerocabre/stimSD/Data/derivatives/mri/2-simnibs-simu-left/0015/simulations/simulation_FTAF-left_a0a7d87a/subject_overlays/rh.0015_TDCS_1_scalar.central.E.magn  ->  rh.001-0021-RP_TDCS_1_scalar.central.E.magn
  /network/iss/levy/valerocabre/stimSD/Data/derivatives/mri/2-simnibs-simu-left/0015/simulations/simulation_FTAF-left_a0a7d87a/subject_overlays/rh.0015_TDCS_1_scalar.central.E.normal  ->  rh.001-0021-RP_TDCS_1_scalar.central.E.normal
  /network/iss/levy/valerocabre/stimSD/Data/derivatives/mri/2-simnibs-simu-left/0015/simulations/simulation_FTAF-left_a0a7d87a/subject_overlays/rh.0015_TDCS_1_scalar.central.E.tangent  ->  rh.001-0021-RP_TDCS_1_scalar.central.E.tangent
  /network/iss/levy/valerocabre/stimSD/Data/derivatives/mri/2-simnibs-simu-left/0015/simulations/simulation_FTAF-left_a0a7d87a/subject_overlays/rh.0015_TDCS_1_scalar.central.E.angle  ->  rh.001-0021-RP_TDCS_1_scalar.central.E.angle
  /network/iss/levy/valerocabre/stimSD/Data/derivatives/mri/2-simnibs-simu-left/0015/simulations/simulation_FTAF-left_a0a7d87a/subject_overlays/lh.0015_TDCS_1_scalar.central.J.magn  ->  lh.001-0021-RP_TDCS_1_scalar.central.J.magn
  /network/iss/levy/valerocabre/stimSD/Data/derivatives/mri/2-simnibs-simu-left/0015/simulations/simulation_FTAF-left_a0a7d87a/subject_overlays/lh.0015_TDCS_1_scalar.central.J.normal  ->  lh.001-0021-RP_TDCS_1_scalar.central.J.normal
  /network/iss/levy/valerocabre/stimSD/Data/derivatives/mri/2-simnibs-simu-left/0015/simulations/simulation_FTAF-left_a0a7d87a/subject_overlays/lh.0015_TDCS_1_scalar.central.J.tangent  ->  lh.001-0021-RP_TDCS_1_scalar.central.J.tangent
  /network/iss/levy/valerocabre/stimSD/Data/derivatives/mri/2-simnibs-simu-left/0015/simulations/simulation_FTAF-left_a0a7d87a/subject_overlays/lh.0015_TDCS_1_scalar.central.J.angle  ->  lh.001-0021-RP_TDCS_1_scalar.central.J.angle
  /network/iss/levy/valerocabre/stimSD/Data/derivatives/mri/2-simnibs-simu-left/0015/simulations/simulation_FTAF-left_a0a7d87a/subject_overlays/rh.0015_TDCS_1_scalar.central.J.magn  ->  rh.001-0021-RP_TDCS_1_scalar.central.J.magn
  /network/iss/levy/valerocabre/stimSD/Data/derivatives/mri/2-simnibs-simu-left/0015/simulations/simulation_FTAF-left_a0a7d87a/subject_overlays/rh.0015_TDCS_1_scalar.central.J.normal  ->  rh.001-0021-RP_TDCS_1_scalar.central.J.normal
  /network/iss/levy/valerocabre/stimSD/Data/derivatives/mri/2-simnibs-simu-left/0015/simulations/simulation_FTAF-left_a0a7d87a/subject_overlays/rh.0015_TDCS_1_scalar.central.J.tangent  ->  rh.001-0021-RP_TDCS_1_scalar.central.J.tangent
  /network/iss/levy/valerocabre/stimSD/Data/derivatives/mri/2-simnibs-simu-left/0015/simulations/simulation_FTAF-left_a0a7d87a/subject_overlays/rh.0015_TDCS_1_scalar.central.J.angle  ->  rh.001-0021-RP_TDCS_1_scalar.central.J.angle
  /network/iss/levy/valerocabre/stimSD/Data/derivatives/mri/2-simnibs-simu-left/0015/simulations/simulation_FTAF-left_a0a7d87a/subject_overlays/0015_TDCS_1_scalar_central.msh  ->  001-0021-RP_TDCS_1_scalar_central.msh
  /network/iss/levy/valerocabre/stimSD/Data/derivatives/mri/2-simnibs-simu-left/0015/simulations/simulation_FTAF-left_a0a7d87a/subject_overlays/0015_TDCS_1_scalar_central.msh.opt  ->  001-0021-RP_TDCS_1_scalar_central.msh.opt
  /network/iss/levy/valerocabre/stimSD/Data/derivatives/mri/2-simnibs-simu-left/0015/simulations/simulation_FTAF-left_a0a7d87a/subject_volumes/0015_TDCS_1_scalar_E.nii.gz  ->  001-0021-RP_TDCS_1_scalar_E.nii.gz
  /network/iss/levy/valerocabre/stimSD/Data/derivatives/mri/2-simnibs-simu-left/0015/simulations/simulation_FTAF-left_a0a7d87a/subject_volumes/0015_TDCS_1_scalar_magnE.nii.gz  ->  001-0021-RP_TDCS_1_scalar_magnE.nii.gz
  /network/iss/levy/valerocabre/stimSD/Data/derivatives/mri/2-simnibs-simu-left/0015/simulations/simulation_FTAF-left_a0a7d87a/subject_volumes/0015_TDCS_1_scalar_J.nii.gz  ->  001-0021-RP_TDCS_1_scalar_J.nii.gz
  /network/iss/levy/valerocabre/stimSD/Data/derivatives/mri/2-simnibs-simu-left/0015/simulations/simulation_FTAF-left_a0a7d87a/subject_volumes/0015_TDCS_1_scalar_magnJ.nii.gz  ->  001-0021-RP_TDCS_1_scalar_magnJ.nii.gz
  /network/iss/levy/valerocabre/stimSD/Data/derivatives/mri/2-simnibs-simu-left/0015/simulations/simulation_FTAF-left_a0a7d87a/mni_volumes/0015_TDCS_1_scalar_MNI_E.nii.gz  ->  001-0021-RP_TDCS_1_scalar_MNI_E.nii.gz
  /network/iss/levy/valerocabre/stimSD/Data/derivatives/mri/2-simnibs-simu-left/0015/simulations/simulation_FTAF-left_a0a7d87a/mni_volumes/0015_TDCS_1_scalar_MNI_magnE.nii.gz  ->  001-0021-RP_TDCS_1_scalar_MNI_magnE.nii.gz
  /network/iss/levy/valerocabre/stimSD/Data/derivatives/mri/2-simnibs-simu-left/0015/simulations/simulation_FTAF-left_a0a7d87a/mni_volumes/0015_TDCS_1_scalar_MNI_J.nii.gz  ->  001-0021-RP_TDCS_1_scalar_MNI_J.nii.gz
  /network/iss/levy/valerocabre/stimSD/Data/derivatives/mri/2-simnibs-simu-left/0015/simulations/simulation_FTAF-left_a0a7d87a/mni_volumes/0015_TDCS_1_scalar_MNI_magnJ.nii.gz  ->  001-0021-RP_TDCS_1_scalar_MNI_magnJ.nii.gz
  /network/iss/levy/valerocabre/stimSD/Data/derivatives/mri/2-simnibs-simu-left/0015/simulations/simulation_FTAF-left_a0a7d87a/mni_volumes/0015_TDCS_1_scalar_MNI_magnE_FTAF-left_masked.nii.gz  ->  001-0021-RP_TDCS_1_scalar_MNI_magnE_FTAF-left_masked.nii.gz
  /network/iss/levy/valerocabre/stimSD/Data/derivatives/mri/2-simnibs-simu-left/0015/simulations/simulation_FTAF-left_a0a7d87a/mni_volumes/0015_TDCS_1_scalar_MNI_magnE_FTAF-left_cleaned.nii.gz  ->  001-0021-RP_TDCS_1_scalar_MNI_magnE_FTAF-left_cleaned.nii.gz
  /network/iss/levy/valerocabre/stimSD/Data/derivatives/mri/2-simnibs-simu-left/0015/simulations/simulation_FTAF-left_a0a7d87a/mni_volumes/0015_TDCS_1_scalar_MNI_magnE_extra_FTAF-left_masked.nii.gz  ->  001-0021-RP_TDCS_1_scalar_MNI_magnE_extra_FTAF-left_masked.nii.gz
  /network/iss/levy/valerocabre/stimSD/Data/derivatives/mri/2-simnibs-simu-left/0015/simulations/simulation_FTAF-left_a0a7d87a/mni_volumes/0015_TDCS_1_scalar_MNI_magnE_extra_FTAF-left_cleaned.nii.gz  ->  001-0021-RP_TDCS_1_scalar_MNI_magnE_extra_FTAF-left_cleaned.nii.gz
  /network/iss/levy/valerocabre/stimSD/Data/derivatives/mri/2-simnibs-simu-left/0021/simulations/simulation_AFFT-left_8dbde024/subject_overlays/lh.0021_TDCS_1_scalar.central.E.magn  ->  lh.001-0020-RN_TDCS_1_scalar.central.E.magn
  /network/iss/levy/valerocabre/stimSD/Data/derivatives/mri/2-simnibs-simu-left/0021/simulations/simulation_AFFT-left_8dbde024/subject_overlays/lh.0021_TDCS_1_scalar.central.E.normal  ->  lh.001-0020-RN_TDCS_1_scalar.central.E.normal
  /network/iss/levy/valerocabre/stimSD/Data/derivatives/mri/2-simnibs-simu-left/0021/simulations/simulation_AFFT-left_8dbde024/subject_overlays/lh.0021_TDCS_1_scalar.central.E.tangent  ->  lh.001-0020-RN_TDCS_1_scalar.central.E.tangent
  /network/iss/levy/valerocabre/stimSD/Data/derivatives/mri/2-simnibs-simu-left/0021/simulations/simulation_AFFT-left_8dbde024/subject_overlays/lh.0021_TDCS_1_scalar.central.E.angle  ->  lh.001-0020-RN_TDCS_1_scalar.central.E.angle
  /network/iss/levy/valerocabre/stimSD/Data/derivatives/mri/2-simnibs-simu-left/0021/simulations/simulation_AFFT-left_8dbde024/subject_overlays/rh.0021_TDCS_1_scalar.central.E.magn  ->  rh.001-0020-RN_TDCS_1_scalar.central.E.magn
  /network/iss/levy/valerocabre/stimSD/Data/derivatives/mri/2-simnibs-simu-left/0021/simulations/simulation_AFFT-left_8dbde024/subject_overlays/rh.0021_TDCS_1_scalar.central.E.normal  ->  rh.001-0020-RN_TDCS_1_scalar.central.E.normal
  /network/iss/levy/valerocabre/stimSD/Data/derivatives/mri/2-simnibs-simu-left/0021/simulations/simulation_AFFT-left_8dbde024/subject_overlays/rh.0021_TDCS_1_scalar.central.E.tangent  ->  rh.001-0020-RN_TDCS_1_scalar.central.E.tangent
  /network/iss/levy/valerocabre/stimSD/Data/derivatives/mri/2-simnibs-simu-left/0021/simulations/simulation_AFFT-left_8dbde024/subject_overlays/rh.0021_TDCS_1_scalar.central.E.angle  ->  rh.001-0020-RN_TDCS_1_scalar.central.E.angle
  /network/iss/levy/valerocabre/stimSD/Data/derivatives/mri/2-simnibs-simu-left/0021/simulations/simulation_AFFT-left_8dbde024/subject_overlays/lh.0021_TDCS_1_scalar.central.J.magn  ->  lh.001-0020-RN_TDCS_1_scalar.central.J.magn
  /network/iss/levy/valerocabre/stimSD/Data/derivatives/mri/2-simnibs-simu-left/0021/simulations/simulation_AFFT-left_8dbde024/subject_overlays/lh.0021_TDCS_1_scalar.central.J.normal  ->  lh.001-0020-RN_TDCS_1_scalar.central.J.normal
  /network/iss/levy/valerocabre/stimSD/Data/derivatives/mri/2-simnibs-simu-left/0021/simulations/simulation_AFFT-left_8dbde024/subject_overlays/lh.0021_TDCS_1_scalar.central.J.tangent  ->  lh.001-0020-RN_TDCS_1_scalar.central.J.tangent
  /network/iss/levy/valerocabre/stimSD/Data/derivatives/mri/2-simnibs-simu-left/0021/simulations/simulation_AFFT-left_8dbde024/subject_overlays/lh.0021_TDCS_1_scalar.central.J.angle  ->  lh.001-0020-RN_TDCS_1_scalar.central.J.angle
  /network/iss/levy/valerocabre/stimSD/Data/derivatives/mri/2-simnibs-simu-left/0021/simulations/simulation_AFFT-left_8dbde024/subject_overlays/rh.0021_TDCS_1_scalar.central.J.magn  ->  rh.001-0020-RN_TDCS_1_scalar.central.J.magn
  /network/iss/levy/valerocabre/stimSD/Data/derivatives/mri/2-simnibs-simu-left/0021/simulations/simulation_AFFT-left_8dbde024/subject_overlays/rh.0021_TDCS_1_scalar.central.J.normal  ->  rh.001-0020-RN_TDCS_1_scalar.central.J.normal
  /network/iss/levy/valerocabre/stimSD/Data/derivatives/mri/2-simnibs-simu-left/0021/simulations/simulation_AFFT-left_8dbde024/subject_overlays/rh.0021_TDCS_1_scalar.central.J.tangent  ->  rh.001-0020-RN_TDCS_1_scalar.central.J.tangent
  /network/iss/levy/valerocabre/stimSD/Data/derivatives/mri/2-simnibs-simu-left/0021/simulations/simulation_AFFT-left_8dbde024/subject_overlays/rh.0021_TDCS_1_scalar.central.J.angle  ->  rh.001-0020-RN_TDCS_1_scalar.central.J.angle
  /network/iss/levy/valerocabre/stimSD/Data/derivatives/mri/2-simnibs-simu-left/0021/simulations/simulation_AFFT-left_8dbde024/subject_overlays/0021_TDCS_1_scalar_central.msh  ->  001-0020-RN_TDCS_1_scalar_central.msh
  /network/iss/levy/valerocabre/stimSD/Data/derivatives/mri/2-simnibs-simu-left/0021/simulations/simulation_AFFT-left_8dbde024/subject_overlays/0021_TDCS_1_scalar_central.msh.opt  ->  001-0020-RN_TDCS_1_scalar_central.msh.opt
  /network/iss/levy/valerocabre/stimSD/Data/derivatives/mri/2-simnibs-simu-left/0021/simulations/simulation_AFFT-left_8dbde024/subject_volumes/0021_TDCS_1_scalar_E.nii.gz  ->  001-0020-RN_TDCS_1_scalar_E.nii.gz
  /network/iss/levy/valerocabre/stimSD/Data/derivatives/mri/2-simnibs-simu-left/0021/simulations/simulation_AFFT-left_8dbde024/subject_volumes/0021_TDCS_1_scalar_magnE.nii.gz  ->  001-0020-RN_TDCS_1_scalar_magnE.nii.gz
  /network/iss/levy/valerocabre/stimSD/Data/derivatives/mri/2-simnibs-simu-left/0021/simulations/simulation_AFFT-left_8dbde024/subject_volumes/0021_TDCS_1_scalar_J.nii.gz  ->  001-0020-RN_TDCS_1_scalar_J.nii.gz
  /network/iss/levy/valerocabre/stimSD/Data/derivatives/mri/2-simnibs-simu-left/0021/simulations/simulation_AFFT-left_8dbde024/subject_volumes/0021_TDCS_1_scalar_magnJ.nii.gz  ->  001-0020-RN_TDCS_1_scalar_magnJ.nii.gz
  /network/iss/levy/valerocabre/stimSD/Data/derivatives/mri/2-simnibs-simu-left/0021/simulations/simulation_AFFT-left_8dbde024/mni_volumes/0021_TDCS_1_scalar_MNI_E.nii.gz  ->  001-0020-RN_TDCS_1_scalar_MNI_E.nii.gz
  /network/iss/levy/valerocabre/stimSD/Data/derivatives/mri/2-simnibs-simu-left/0021/simulations/simulation_AFFT-left_8dbde024/mni_volumes/0021_TDCS_1_scalar_MNI_magnE.nii.gz  ->  001-0020-RN_TDCS_1_scalar_MNI_magnE.nii.gz
  /network/iss/levy/valerocabre/stimSD/Data/derivatives/mri/2-simnibs-simu-left/0021/simulations/simulation_AFFT-left_8dbde024/mni_volumes/0021_TDCS_1_scalar_MNI_J.nii.gz  ->  001-0020-RN_TDCS_1_scalar_MNI_J.nii.gz
  /network/iss/levy/valerocabre/stimSD/Data/derivatives/mri/2-simnibs-simu-left/0021/simulations/simulation_AFFT-left_8dbde024/mni_volumes/0021_TDCS_1_scalar_MNI_magnJ.nii.gz  ->  001-0020-RN_TDCS_1_scalar_MNI_magnJ.nii.gz
  /network/iss/levy/valerocabre/stimSD/Data/derivatives/mri/2-simnibs-simu-left/0021/simulations/simulation_AFFT-left_8dbde024/mni_volumes/0021_TDCS_1_scalar_MNI_magnE_AFFT-left_masked.nii.gz  ->  001-0020-RN_TDCS_1_scalar_MNI_magnE_AFFT-left_masked.nii.gz
  /network/iss/levy/valerocabre/stimSD/Data/derivatives/mri/2-simnibs-simu-left/0021/simulations/simulation_AFFT-left_8dbde024/mni_volumes/0021_TDCS_1_scalar_MNI_magnE_AFFT-left_cleaned.nii.gz  ->  001-0020-RN_TDCS_1_scalar_MNI_magnE_AFFT-left_cleaned.nii.gz
  /network/iss/levy/valerocabre/stimSD/Data/derivatives/mri/2-simnibs-simu-left/0021/simulations/simulation_AFFT-left_8dbde024/mni_volumes/0021_TDCS_1_scalar_MNI_magnE_extra_AFFT-left_masked.nii.gz  ->  001-0020-RN_TDCS_1_scalar_MNI_magnE_extra_AFFT-left_masked.nii.gz
  /network/iss/levy/valerocabre/stimSD/Data/derivatives/mri/2-simnibs-simu-left/0021/simulations/simulation_AFFT-left_8dbde024/mni_volumes/0021_TDCS_1_scalar_MNI_magnE_extra_AFFT-left_cleaned.nii.gz  ->  001-0020-RN_TDCS_1_scalar_MNI_magnE_extra_AFFT-left_cleaned.nii.gz
  /network/iss/levy/valerocabre/stimSD/Data/derivatives/mri/2-simnibs-simu-left/0021/simulations/simulation_FTAF-left_a0a7d87a/subject_overlays/lh.0021_TDCS_1_scalar.central.E.magn  ->  lh.001-0020-RN_TDCS_1_scalar.central.E.magn
  /network/iss/levy/valerocabre/stimSD/Data/derivatives/mri/2-simnibs-simu-left/0021/simulations/simulation_FTAF-left_a0a7d87a/subject_overlays/lh.0021_TDCS_1_scalar.central.E.normal  ->  lh.001-0020-RN_TDCS_1_scalar.central.E.normal
  /network/iss/levy/valerocabre/stimSD/Data/derivatives/mri/2-simnibs-simu-left/0021/simulations/simulation_FTAF-left_a0a7d87a/subject_overlays/lh.0021_TDCS_1_scalar.central.E.tangent  ->  lh.001-0020-RN_TDCS_1_scalar.central.E.tangent
  /network/iss/levy/valerocabre/stimSD/Data/derivatives/mri/2-simnibs-simu-left/0021/simulations/simulation_FTAF-left_a0a7d87a/subject_overlays/lh.0021_TDCS_1_scalar.central.E.angle  ->  lh.001-0020-RN_TDCS_1_scalar.central.E.angle
  /network/iss/levy/valerocabre/stimSD/Data/derivatives/mri/2-simnibs-simu-left/0021/simulations/simulation_FTAF-left_a0a7d87a/subject_overlays/rh.0021_TDCS_1_scalar.central.E.magn  ->  rh.001-0020-RN_TDCS_1_scalar.central.E.magn
  /network/iss/levy/valerocabre/stimSD/Data/derivatives/mri/2-simnibs-simu-left/0021/simulations/simulation_FTAF-left_a0a7d87a/subject_overlays/rh.0021_TDCS_1_scalar.central.E.normal  ->  rh.001-0020-RN_TDCS_1_scalar.central.E.normal
  /network/iss/levy/valerocabre/stimSD/Data/derivatives/mri/2-simnibs-simu-left/0021/simulations/simulation_FTAF-left_a0a7d87a/subject_overlays/rh.0021_TDCS_1_scalar.central.E.tangent  ->  rh.001-0020-RN_TDCS_1_scalar.central.E.tangent
  /network/iss/levy/valerocabre/stimSD/Data/derivatives/mri/2-simnibs-simu-left/0021/simulations/simulation_FTAF-left_a0a7d87a/subject_overlays/rh.0021_TDCS_1_scalar.central.E.angle  ->  rh.001-0020-RN_TDCS_1_scalar.central.E.angle
  /network/iss/levy/valerocabre/stimSD/Data/derivatives/mri/2-simnibs-simu-left/0021/simulations/simulation_FTAF-left_a0a7d87a/subject_overlays/lh.0021_TDCS_1_scalar.central.J.magn  ->  lh.001-0020-RN_TDCS_1_scalar.central.J.magn
  /network/iss/levy/valerocabre/stimSD/Data/derivatives/mri/2-simnibs-simu-left/0021/simulations/simulation_FTAF-left_a0a7d87a/subject_overlays/lh.0021_TDCS_1_scalar.central.J.normal  ->  lh.001-0020-RN_TDCS_1_scalar.central.J.normal
  /network/iss/levy/valerocabre/stimSD/Data/derivatives/mri/2-simnibs-simu-left/0021/simulations/simulation_FTAF-left_a0a7d87a/subject_overlays/lh.0021_TDCS_1_scalar.central.J.tangent  ->  lh.001-0020-RN_TDCS_1_scalar.central.J.tangent
  /network/iss/levy/valerocabre/stimSD/Data/derivatives/mri/2-simnibs-simu-left/0021/simulations/simulation_FTAF-left_a0a7d87a/subject_overlays/lh.0021_TDCS_1_scalar.central.J.angle  ->  lh.001-0020-RN_TDCS_1_scalar.central.J.angle
  /network/iss/levy/valerocabre/stimSD/Data/derivatives/mri/2-simnibs-simu-left/0021/simulations/simulation_FTAF-left_a0a7d87a/subject_overlays/rh.0021_TDCS_1_scalar.central.J.magn  ->  rh.001-0020-RN_TDCS_1_scalar.central.J.magn
  /network/iss/levy/valerocabre/stimSD/Data/derivatives/mri/2-simnibs-simu-left/0021/simulations/simulation_FTAF-left_a0a7d87a/subject_overlays/rh.0021_TDCS_1_scalar.central.J.normal  ->  rh.001-0020-RN_TDCS_1_scalar.central.J.normal
  /network/iss/levy/valerocabre/stimSD/Data/derivatives/mri/2-simnibs-simu-left/0021/simulations/simulation_FTAF-left_a0a7d87a/subject_overlays/rh.0021_TDCS_1_scalar.central.J.tangent  ->  rh.001-0020-RN_TDCS_1_scalar.central.J.tangent
  /network/iss/levy/valerocabre/stimSD/Data/derivatives/mri/2-simnibs-simu-left/0021/simulations/simulation_FTAF-left_a0a7d87a/subject_overlays/rh.0021_TDCS_1_scalar.central.J.angle  ->  rh.001-0020-RN_TDCS_1_scalar.central.J.angle
  /network/iss/levy/valerocabre/stimSD/Data/derivatives/mri/2-simnibs-simu-left/0021/simulations/simulation_FTAF-left_a0a7d87a/subject_overlays/0021_TDCS_1_scalar_central.msh  ->  001-0020-RN_TDCS_1_scalar_central.msh
  /network/iss/levy/valerocabre/stimSD/Data/derivatives/mri/2-simnibs-simu-left/0021/simulations/simulation_FTAF-left_a0a7d87a/subject_overlays/0021_TDCS_1_scalar_central.msh.opt  ->  001-0020-RN_TDCS_1_scalar_central.msh.opt
  /network/iss/levy/valerocabre/stimSD/Data/derivatives/mri/2-simnibs-simu-left/0021/simulations/simulation_FTAF-left_a0a7d87a/subject_volumes/0021_TDCS_1_scalar_E.nii.gz  ->  001-0020-RN_TDCS_1_scalar_E.nii.gz
  /network/iss/levy/valerocabre/stimSD/Data/derivatives/mri/2-simnibs-simu-left/0021/simulations/simulation_FTAF-left_a0a7d87a/subject_volumes/0021_TDCS_1_scalar_magnE.nii.gz  ->  001-0020-RN_TDCS_1_scalar_magnE.nii.gz
  /network/iss/levy/valerocabre/stimSD/Data/derivatives/mri/2-simnibs-simu-left/0021/simulations/simulation_FTAF-left_a0a7d87a/subject_volumes/0021_TDCS_1_scalar_J.nii.gz  ->  001-0020-RN_TDCS_1_scalar_J.nii.gz
  /network/iss/levy/valerocabre/stimSD/Data/derivatives/mri/2-simnibs-simu-left/0021/simulations/simulation_FTAF-left_a0a7d87a/subject_volumes/0021_TDCS_1_scalar_magnJ.nii.gz  ->  001-0020-RN_TDCS_1_scalar_magnJ.nii.gz
  /network/iss/levy/valerocabre/stimSD/Data/derivatives/mri/2-simnibs-simu-left/0021/simulations/simulation_FTAF-left_a0a7d87a/mni_volumes/0021_TDCS_1_scalar_MNI_E.nii.gz  ->  001-0020-RN_TDCS_1_scalar_MNI_E.nii.gz
  /network/iss/levy/valerocabre/stimSD/Data/derivatives/mri/2-simnibs-simu-left/0021/simulations/simulation_FTAF-left_a0a7d87a/mni_volumes/0021_TDCS_1_scalar_MNI_magnE.nii.gz  ->  001-0020-RN_TDCS_1_scalar_MNI_magnE.nii.gz
  /network/iss/levy/valerocabre/stimSD/Data/derivatives/mri/2-simnibs-simu-left/0021/simulations/simulation_FTAF-left_a0a7d87a/mni_volumes/0021_TDCS_1_scalar_MNI_J.nii.gz  ->  001-0020-RN_TDCS_1_scalar_MNI_J.nii.gz
  /network/iss/levy/valerocabre/stimSD/Data/derivatives/mri/2-simnibs-simu-left/0021/simulations/simulation_FTAF-left_a0a7d87a/mni_volumes/0021_TDCS_1_scalar_MNI_magnJ.nii.gz  ->  001-0020-RN_TDCS_1_scalar_MNI_magnJ.nii.gz
  /network/iss/levy/valerocabre/stimSD/Data/derivatives/mri/2-simnibs-simu-left/0021/simulations/simulation_FTAF-left_a0a7d87a/mni_volumes/0021_TDCS_1_scalar_MNI_magnE_FTAF-left_masked.nii.gz  ->  001-0020-RN_TDCS_1_scalar_MNI_magnE_FTAF-left_masked.nii.gz
  /network/iss/levy/valerocabre/stimSD/Data/derivatives/mri/2-simnibs-simu-left/0021/simulations/simulation_FTAF-left_a0a7d87a/mni_volumes/0021_TDCS_1_scalar_MNI_magnE_FTAF-left_cleaned.nii.gz  ->  001-0020-RN_TDCS_1_scalar_MNI_magnE_FTAF-left_cleaned.nii.gz
  /network/iss/levy/valerocabre/stimSD/Data/derivatives/mri/2-simnibs-simu-left/0021/simulations/simulation_FTAF-left_a0a7d87a/mni_volumes/0021_TDCS_1_scalar_MNI_magnE_extra_FTAF-left_masked.nii.gz  ->  001-0020-RN_TDCS_1_scalar_MNI_magnE_extra_FTAF-left_masked.nii.gz
  /network/iss/levy/valerocabre/stimSD/Data/derivatives/mri/2-simnibs-simu-left/0021/simulations/simulation_FTAF-left_a0a7d87a/mni_volumes/0021_TDCS_1_scalar_MNI_magnE_extra_FTAF-left_cleaned.nii.gz  ->  001-0020-RN_TDCS_1_scalar_MNI_magnE_extra_FTAF-left_cleaned.nii.gz
  /network/iss/levy/valerocabre/stimSD/Data/derivatives/mri/2-simnibs-simu-left/0023/simulations/simulation_AFFT-left_8dbde024/subject_overlays/lh.0023_TDCS_1_scalar.central.E.magn  ->  lh.001-0022-LM_TDCS_1_scalar.central.E.magn
  /network/iss/levy/valerocabre/stimSD/Data/derivatives/mri/2-simnibs-simu-left/0023/simulations/simulation_AFFT-left_8dbde024/subject_overlays/lh.0023_TDCS_1_scalar.central.E.normal  ->  lh.001-0022-LM_TDCS_1_scalar.central.E.normal
  /network/iss/levy/valerocabre/stimSD/Data/derivatives/mri/2-simnibs-simu-left/0023/simulations/simulation_AFFT-left_8dbde024/subject_overlays/lh.0023_TDCS_1_scalar.central.E.tangent  ->  lh.001-0022-LM_TDCS_1_scalar.central.E.tangent
  /network/iss/levy/valerocabre/stimSD/Data/derivatives/mri/2-simnibs-simu-left/0023/simulations/simulation_AFFT-left_8dbde024/subject_overlays/lh.0023_TDCS_1_scalar.central.E.angle  ->  lh.001-0022-LM_TDCS_1_scalar.central.E.angle
  /network/iss/levy/valerocabre/stimSD/Data/derivatives/mri/2-simnibs-simu-left/0023/simulations/simulation_AFFT-left_8dbde024/subject_overlays/rh.0023_TDCS_1_scalar.central.E.magn  ->  rh.001-0022-LM_TDCS_1_scalar.central.E.magn
  /network/iss/levy/valerocabre/stimSD/Data/derivatives/mri/2-simnibs-simu-left/0023/simulations/simulation_AFFT-left_8dbde024/subject_overlays/rh.0023_TDCS_1_scalar.central.E.normal  ->  rh.001-0022-LM_TDCS_1_scalar.central.E.normal
  /network/iss/levy/valerocabre/stimSD/Data/derivatives/mri/2-simnibs-simu-left/0023/simulations/simulation_AFFT-left_8dbde024/subject_overlays/rh.0023_TDCS_1_scalar.central.E.tangent  ->  rh.001-0022-LM_TDCS_1_scalar.central.E.tangent
  /network/iss/levy/valerocabre/stimSD/Data/derivatives/mri/2-simnibs-simu-left/0023/simulations/simulation_AFFT-left_8dbde024/subject_overlays/rh.0023_TDCS_1_scalar.central.E.angle  ->  rh.001-0022-LM_TDCS_1_scalar.central.E.angle
  /network/iss/levy/valerocabre/stimSD/Data/derivatives/mri/2-simnibs-simu-left/0023/simulations/simulation_AFFT-left_8dbde024/subject_overlays/lh.0023_TDCS_1_scalar.central.J.magn  ->  lh.001-0022-LM_TDCS_1_scalar.central.J.magn
  /network/iss/levy/valerocabre/stimSD/Data/derivatives/mri/2-simnibs-simu-left/0023/simulations/simulation_AFFT-left_8dbde024/subject_overlays/lh.0023_TDCS_1_scalar.central.J.normal  ->  lh.001-0022-LM_TDCS_1_scalar.central.J.normal
  /network/iss/levy/valerocabre/stimSD/Data/derivatives/mri/2-simnibs-simu-left/0023/simulations/simulation_AFFT-left_8dbde024/subject_overlays/lh.0023_TDCS_1_scalar.central.J.tangent  ->  lh.001-0022-LM_TDCS_1_scalar.central.J.tangent
  /network/iss/levy/valerocabre/stimSD/Data/derivatives/mri/2-simnibs-simu-left/0023/simulations/simulation_AFFT-left_8dbde024/subject_overlays/lh.0023_TDCS_1_scalar.central.J.angle  ->  lh.001-0022-LM_TDCS_1_scalar.central.J.angle
  /network/iss/levy/valerocabre/stimSD/Data/derivatives/mri/2-simnibs-simu-left/0023/simulations/simulation_AFFT-left_8dbde024/subject_overlays/rh.0023_TDCS_1_scalar.central.J.magn  ->  rh.001-0022-LM_TDCS_1_scalar.central.J.magn
  /network/iss/levy/valerocabre/stimSD/Data/derivatives/mri/2-simnibs-simu-left/0023/simulations/simulation_AFFT-left_8dbde024/subject_overlays/rh.0023_TDCS_1_scalar.central.J.normal  ->  rh.001-0022-LM_TDCS_1_scalar.central.J.normal
  /network/iss/levy/valerocabre/stimSD/Data/derivatives/mri/2-simnibs-simu-left/0023/simulations/simulation_AFFT-left_8dbde024/subject_overlays/rh.0023_TDCS_1_scalar.central.J.tangent  ->  rh.001-0022-LM_TDCS_1_scalar.central.J.tangent
  /network/iss/levy/valerocabre/stimSD/Data/derivatives/mri/2-simnibs-simu-left/0023/simulations/simulation_AFFT-left_8dbde024/subject_overlays/rh.0023_TDCS_1_scalar.central.J.angle  ->  rh.001-0022-LM_TDCS_1_scalar.central.J.angle
  /network/iss/levy/valerocabre/stimSD/Data/derivatives/mri/2-simnibs-simu-left/0023/simulations/simulation_AFFT-left_8dbde024/subject_overlays/0023_TDCS_1_scalar_central.msh  ->  001-0022-LM_TDCS_1_scalar_central.msh
  /network/iss/levy/valerocabre/stimSD/Data/derivatives/mri/2-simnibs-simu-left/0023/simulations/simulation_AFFT-left_8dbde024/subject_overlays/0023_TDCS_1_scalar_central.msh.opt  ->  001-0022-LM_TDCS_1_scalar_central.msh.opt
  /network/iss/levy/valerocabre/stimSD/Data/derivatives/mri/2-simnibs-simu-left/0023/simulations/simulation_AFFT-left_8dbde024/subject_volumes/0023_TDCS_1_scalar_E.nii.gz  ->  001-0022-LM_TDCS_1_scalar_E.nii.gz
  /network/iss/levy/valerocabre/stimSD/Data/derivatives/mri/2-simnibs-simu-left/0023/simulations/simulation_AFFT-left_8dbde024/subject_volumes/0023_TDCS_1_scalar_magnE.nii.gz  ->  001-0022-LM_TDCS_1_scalar_magnE.nii.gz
  /network/iss/levy/valerocabre/stimSD/Data/derivatives/mri/2-simnibs-simu-left/0023/simulations/simulation_AFFT-left_8dbde024/subject_volumes/0023_TDCS_1_scalar_J.nii.gz  ->  001-0022-LM_TDCS_1_scalar_J.nii.gz
  /network/iss/levy/valerocabre/stimSD/Data/derivatives/mri/2-simnibs-simu-left/0023/simulations/simulation_AFFT-left_8dbde024/subject_volumes/0023_TDCS_1_scalar_magnJ.nii.gz  ->  001-0022-LM_TDCS_1_scalar_magnJ.nii.gz
  /network/iss/levy/valerocabre/stimSD/Data/derivatives/mri/2-simnibs-simu-left/0023/simulations/simulation_AFFT-left_8dbde024/mni_volumes/0023_TDCS_1_scalar_MNI_E.nii.gz  ->  001-0022-LM_TDCS_1_scalar_MNI_E.nii.gz
  /network/iss/levy/valerocabre/stimSD/Data/derivatives/mri/2-simnibs-simu-left/0023/simulations/simulation_AFFT-left_8dbde024/mni_volumes/0023_TDCS_1_scalar_MNI_magnE.nii.gz  ->  001-0022-LM_TDCS_1_scalar_MNI_magnE.nii.gz
  /network/iss/levy/valerocabre/stimSD/Data/derivatives/mri/2-simnibs-simu-left/0023/simulations/simulation_AFFT-left_8dbde024/mni_volumes/0023_TDCS_1_scalar_MNI_J.nii.gz  ->  001-0022-LM_TDCS_1_scalar_MNI_J.nii.gz
  /network/iss/levy/valerocabre/stimSD/Data/derivatives/mri/2-simnibs-simu-left/0023/simulations/simulation_AFFT-left_8dbde024/mni_volumes/0023_TDCS_1_scalar_MNI_magnJ.nii.gz  ->  001-0022-LM_TDCS_1_scalar_MNI_magnJ.nii.gz
  /network/iss/levy/valerocabre/stimSD/Data/derivatives/mri/2-simnibs-simu-left/0023/simulations/simulation_AFFT-left_8dbde024/mni_volumes/0023_TDCS_1_scalar_MNI_magnE_AFFT-left_masked.nii.gz  ->  001-0022-LM_TDCS_1_scalar_MNI_magnE_AFFT-left_masked.nii.gz
  /network/iss/levy/valerocabre/stimSD/Data/derivatives/mri/2-simnibs-simu-left/0023/simulations/simulation_AFFT-left_8dbde024/mni_volumes/0023_TDCS_1_scalar_MNI_magnE_AFFT-left_cleaned.nii.gz  ->  001-0022-LM_TDCS_1_scalar_MNI_magnE_AFFT-left_cleaned.nii.gz
  /network/iss/levy/valerocabre/stimSD/Data/derivatives/mri/2-simnibs-simu-left/0023/simulations/simulation_AFFT-left_8dbde024/mni_volumes/0023_TDCS_1_scalar_MNI_magnE_extra_AFFT-left_masked.nii.gz  ->  001-0022-LM_TDCS_1_scalar_MNI_magnE_extra_AFFT-left_masked.nii.gz
  /network/iss/levy/valerocabre/stimSD/Data/derivatives/mri/2-simnibs-simu-left/0023/simulations/simulation_AFFT-left_8dbde024/mni_volumes/0023_TDCS_1_scalar_MNI_magnE_extra_AFFT-left_cleaned.nii.gz  ->  001-0022-LM_TDCS_1_scalar_MNI_magnE_extra_AFFT-left_cleaned.nii.gz
  /network/iss/levy/valerocabre/stimSD/Data/derivatives/mri/2-simnibs-simu-left/0023/simulations/simulation_FTAF-left_a0a7d87a/subject_overlays/lh.0023_TDCS_1_scalar.central.E.magn  ->  lh.001-0022-LM_TDCS_1_scalar.central.E.magn
  /network/iss/levy/valerocabre/stimSD/Data/derivatives/mri/2-simnibs-simu-left/0023/simulations/simulation_FTAF-left_a0a7d87a/subject_overlays/lh.0023_TDCS_1_scalar.central.E.normal  ->  lh.001-0022-LM_TDCS_1_scalar.central.E.normal
  /network/iss/levy/valerocabre/stimSD/Data/derivatives/mri/2-simnibs-simu-left/0023/simulations/simulation_FTAF-left_a0a7d87a/subject_overlays/lh.0023_TDCS_1_scalar.central.E.tangent  ->  lh.001-0022-LM_TDCS_1_scalar.central.E.tangent
  /network/iss/levy/valerocabre/stimSD/Data/derivatives/mri/2-simnibs-simu-left/0023/simulations/simulation_FTAF-left_a0a7d87a/subject_overlays/lh.0023_TDCS_1_scalar.central.E.angle  ->  lh.001-0022-LM_TDCS_1_scalar.central.E.angle
  /network/iss/levy/valerocabre/stimSD/Data/derivatives/mri/2-simnibs-simu-left/0023/simulations/simulation_FTAF-left_a0a7d87a/subject_overlays/rh.0023_TDCS_1_scalar.central.E.magn  ->  rh.001-0022-LM_TDCS_1_scalar.central.E.magn
  /network/iss/levy/valerocabre/stimSD/Data/derivatives/mri/2-simnibs-simu-left/0023/simulations/simulation_FTAF-left_a0a7d87a/subject_overlays/rh.0023_TDCS_1_scalar.central.E.normal  ->  rh.001-0022-LM_TDCS_1_scalar.central.E.normal
  /network/iss/levy/valerocabre/stimSD/Data/derivatives/mri/2-simnibs-simu-left/0023/simulations/simulation_FTAF-left_a0a7d87a/subject_overlays/rh.0023_TDCS_1_scalar.central.E.tangent  ->  rh.001-0022-LM_TDCS_1_scalar.central.E.tangent
  /network/iss/levy/valerocabre/stimSD/Data/derivatives/mri/2-simnibs-simu-left/0023/simulations/simulation_FTAF-left_a0a7d87a/subject_overlays/rh.0023_TDCS_1_scalar.central.E.angle  ->  rh.001-0022-LM_TDCS_1_scalar.central.E.angle
  /network/iss/levy/valerocabre/stimSD/Data/derivatives/mri/2-simnibs-simu-left/0023/simulations/simulation_FTAF-left_a0a7d87a/subject_overlays/lh.0023_TDCS_1_scalar.central.J.magn  ->  lh.001-0022-LM_TDCS_1_scalar.central.J.magn
  /network/iss/levy/valerocabre/stimSD/Data/derivatives/mri/2-simnibs-simu-left/0023/simulations/simulation_FTAF-left_a0a7d87a/subject_overlays/lh.0023_TDCS_1_scalar.central.J.normal  ->  lh.001-0022-LM_TDCS_1_scalar.central.J.normal
  /network/iss/levy/valerocabre/stimSD/Data/derivatives/mri/2-simnibs-simu-left/0023/simulations/simulation_FTAF-left_a0a7d87a/subject_overlays/lh.0023_TDCS_1_scalar.central.J.tangent  ->  lh.001-0022-LM_TDCS_1_scalar.central.J.tangent
  /network/iss/levy/valerocabre/stimSD/Data/derivatives/mri/2-simnibs-simu-left/0023/simulations/simulation_FTAF-left_a0a7d87a/subject_overlays/lh.0023_TDCS_1_scalar.central.J.angle  ->  lh.001-0022-LM_TDCS_1_scalar.central.J.angle
  /network/iss/levy/valerocabre/stimSD/Data/derivatives/mri/2-simnibs-simu-left/0023/simulations/simulation_FTAF-left_a0a7d87a/subject_overlays/rh.0023_TDCS_1_scalar.central.J.magn  ->  rh.001-0022-LM_TDCS_1_scalar.central.J.magn
  /network/iss/levy/valerocabre/stimSD/Data/derivatives/mri/2-simnibs-simu-left/0023/simulations/simulation_FTAF-left_a0a7d87a/subject_overlays/rh.0023_TDCS_1_scalar.central.J.normal  ->  rh.001-0022-LM_TDCS_1_scalar.central.J.normal
  /network/iss/levy/valerocabre/stimSD/Data/derivatives/mri/2-simnibs-simu-left/0023/simulations/simulation_FTAF-left_a0a7d87a/subject_overlays/rh.0023_TDCS_1_scalar.central.J.tangent  ->  rh.001-0022-LM_TDCS_1_scalar.central.J.tangent
  /network/iss/levy/valerocabre/stimSD/Data/derivatives/mri/2-simnibs-simu-left/0023/simulations/simulation_FTAF-left_a0a7d87a/subject_overlays/rh.0023_TDCS_1_scalar.central.J.angle  ->  rh.001-0022-LM_TDCS_1_scalar.central.J.angle
  /network/iss/levy/valerocabre/stimSD/Data/derivatives/mri/2-simnibs-simu-left/0023/simulations/simulation_FTAF-left_a0a7d87a/subject_overlays/0023_TDCS_1_scalar_central.msh  ->  001-0022-LM_TDCS_1_scalar_central.msh
  /network/iss/levy/valerocabre/stimSD/Data/derivatives/mri/2-simnibs-simu-left/0023/simulations/simulation_FTAF-left_a0a7d87a/subject_overlays/0023_TDCS_1_scalar_central.msh.opt  ->  001-0022-LM_TDCS_1_scalar_central.msh.opt
  /network/iss/levy/valerocabre/stimSD/Data/derivatives/mri/2-simnibs-simu-left/0023/simulations/simulation_FTAF-left_a0a7d87a/subject_volumes/0023_TDCS_1_scalar_E.nii.gz  ->  001-0022-LM_TDCS_1_scalar_E.nii.gz
  /network/iss/levy/valerocabre/stimSD/Data/derivatives/mri/2-simnibs-simu-left/0023/simulations/simulation_FTAF-left_a0a7d87a/subject_volumes/0023_TDCS_1_scalar_magnE.nii.gz  ->  001-0022-LM_TDCS_1_scalar_magnE.nii.gz
  /network/iss/levy/valerocabre/stimSD/Data/derivatives/mri/2-simnibs-simu-left/0023/simulations/simulation_FTAF-left_a0a7d87a/subject_volumes/0023_TDCS_1_scalar_J.nii.gz  ->  001-0022-LM_TDCS_1_scalar_J.nii.gz
  /network/iss/levy/valerocabre/stimSD/Data/derivatives/mri/2-simnibs-simu-left/0023/simulations/simulation_FTAF-left_a0a7d87a/subject_volumes/0023_TDCS_1_scalar_magnJ.nii.gz  ->  001-0022-LM_TDCS_1_scalar_magnJ.nii.gz
  /network/iss/levy/valerocabre/stimSD/Data/derivatives/mri/2-simnibs-simu-left/0023/simulations/simulation_FTAF-left_a0a7d87a/mni_volumes/0023_TDCS_1_scalar_MNI_E.nii.gz  ->  001-0022-LM_TDCS_1_scalar_MNI_E.nii.gz
  /network/iss/levy/valerocabre/stimSD/Data/derivatives/mri/2-simnibs-simu-left/0023/simulations/simulation_FTAF-left_a0a7d87a/mni_volumes/0023_TDCS_1_scalar_MNI_magnE.nii.gz  ->  001-0022-LM_TDCS_1_scalar_MNI_magnE.nii.gz
  /network/iss/levy/valerocabre/stimSD/Data/derivatives/mri/2-simnibs-simu-left/0023/simulations/simulation_FTAF-left_a0a7d87a/mni_volumes/0023_TDCS_1_scalar_MNI_J.nii.gz  ->  001-0022-LM_TDCS_1_scalar_MNI_J.nii.gz
  /network/iss/levy/valerocabre/stimSD/Data/derivatives/mri/2-simnibs-simu-left/0023/simulations/simulation_FTAF-left_a0a7d87a/mni_volumes/0023_TDCS_1_scalar_MNI_magnJ.nii.gz  ->  001-0022-LM_TDCS_1_scalar_MNI_magnJ.nii.gz
  /network/iss/levy/valerocabre/stimSD/Data/derivatives/mri/2-simnibs-simu-left/0023/simulations/simulation_FTAF-left_a0a7d87a/mni_volumes/0023_TDCS_1_scalar_MNI_magnE_FTAF-left_masked.nii.gz  ->  001-0022-LM_TDCS_1_scalar_MNI_magnE_FTAF-left_masked.nii.gz
  /network/iss/levy/valerocabre/stimSD/Data/derivatives/mri/2-simnibs-simu-left/0023/simulations/simulation_FTAF-left_a0a7d87a/mni_volumes/0023_TDCS_1_scalar_MNI_magnE_FTAF-left_cleaned.nii.gz  ->  001-0022-LM_TDCS_1_scalar_MNI_magnE_FTAF-left_cleaned.nii.gz
  /network/iss/levy/valerocabre/stimSD/Data/derivatives/mri/2-simnibs-simu-left/0023/simulations/simulation_FTAF-left_a0a7d87a/mni_volumes/0023_TDCS_1_scalar_MNI_magnE_extra_FTAF-left_masked.nii.gz  ->  001-0022-LM_TDCS_1_scalar_MNI_magnE_extra_FTAF-left_masked.nii.gz
  /network/iss/levy/valerocabre/stimSD/Data/derivatives/mri/2-simnibs-simu-left/0023/simulations/simulation_FTAF-left_a0a7d87a/mni_volumes/0023_TDCS_1_scalar_MNI_magnE_extra_FTAF-left_cleaned.nii.gz  ->  001-0022-LM_TDCS_1_scalar_MNI_magnE_extra_FTAF-left_cleaned.nii.gz
  /network/iss/levy/valerocabre/stimSD/Data/derivatives/mri/2-simnibs-simu-left/0031/simulations/simulation_AFFT-left_8dbde024/subject_overlays/lh.0031_TDCS_1_scalar.central.E.magn  ->  lh.001-0030-GE_TDCS_1_scalar.central.E.magn
  /network/iss/levy/valerocabre/stimSD/Data/derivatives/mri/2-simnibs-simu-left/0031/simulations/simulation_AFFT-left_8dbde024/subject_overlays/lh.0031_TDCS_1_scalar.central.E.normal  ->  lh.001-0030-GE_TDCS_1_scalar.central.E.normal
  /network/iss/levy/valerocabre/stimSD/Data/derivatives/mri/2-simnibs-simu-left/0031/simulations/simulation_AFFT-left_8dbde024/subject_overlays/lh.0031_TDCS_1_scalar.central.E.tangent  ->  lh.001-0030-GE_TDCS_1_scalar.central.E.tangent
  /network/iss/levy/valerocabre/stimSD/Data/derivatives/mri/2-simnibs-simu-left/0031/simulations/simulation_AFFT-left_8dbde024/subject_overlays/lh.0031_TDCS_1_scalar.central.E.angle  ->  lh.001-0030-GE_TDCS_1_scalar.central.E.angle
  /network/iss/levy/valerocabre/stimSD/Data/derivatives/mri/2-simnibs-simu-left/0031/simulations/simulation_AFFT-left_8dbde024/subject_overlays/rh.0031_TDCS_1_scalar.central.E.magn  ->  rh.001-0030-GE_TDCS_1_scalar.central.E.magn
  /network/iss/levy/valerocabre/stimSD/Data/derivatives/mri/2-simnibs-simu-left/0031/simulations/simulation_AFFT-left_8dbde024/subject_overlays/rh.0031_TDCS_1_scalar.central.E.normal  ->  rh.001-0030-GE_TDCS_1_scalar.central.E.normal
  /network/iss/levy/valerocabre/stimSD/Data/derivatives/mri/2-simnibs-simu-left/0031/simulations/simulation_AFFT-left_8dbde024/subject_overlays/rh.0031_TDCS_1_scalar.central.E.tangent  ->  rh.001-0030-GE_TDCS_1_scalar.central.E.tangent
  /network/iss/levy/valerocabre/stimSD/Data/derivatives/mri/2-simnibs-simu-left/0031/simulations/simulation_AFFT-left_8dbde024/subject_overlays/rh.0031_TDCS_1_scalar.central.E.angle  ->  rh.001-0030-GE_TDCS_1_scalar.central.E.angle
  /network/iss/levy/valerocabre/stimSD/Data/derivatives/mri/2-simnibs-simu-left/0031/simulations/simulation_AFFT-left_8dbde024/subject_overlays/lh.0031_TDCS_1_scalar.central.J.magn  ->  lh.001-0030-GE_TDCS_1_scalar.central.J.magn
  /network/iss/levy/valerocabre/stimSD/Data/derivatives/mri/2-simnibs-simu-left/0031/simulations/simulation_AFFT-left_8dbde024/subject_overlays/lh.0031_TDCS_1_scalar.central.J.normal  ->  lh.001-0030-GE_TDCS_1_scalar.central.J.normal
  /network/iss/levy/valerocabre/stimSD/Data/derivatives/mri/2-simnibs-simu-left/0031/simulations/simulation_AFFT-left_8dbde024/subject_overlays/lh.0031_TDCS_1_scalar.central.J.tangent  ->  lh.001-0030-GE_TDCS_1_scalar.central.J.tangent
  /network/iss/levy/valerocabre/stimSD/Data/derivatives/mri/2-simnibs-simu-left/0031/simulations/simulation_AFFT-left_8dbde024/subject_overlays/lh.0031_TDCS_1_scalar.central.J.angle  ->  lh.001-0030-GE_TDCS_1_scalar.central.J.angle
  /network/iss/levy/valerocabre/stimSD/Data/derivatives/mri/2-simnibs-simu-left/0031/simulations/simulation_AFFT-left_8dbde024/subject_overlays/rh.0031_TDCS_1_scalar.central.J.magn  ->  rh.001-0030-GE_TDCS_1_scalar.central.J.magn
  /network/iss/levy/valerocabre/stimSD/Data/derivatives/mri/2-simnibs-simu-left/0031/simulations/simulation_AFFT-left_8dbde024/subject_overlays/rh.0031_TDCS_1_scalar.central.J.normal  ->  rh.001-0030-GE_TDCS_1_scalar.central.J.normal
  /network/iss/levy/valerocabre/stimSD/Data/derivatives/mri/2-simnibs-simu-left/0031/simulations/simulation_AFFT-left_8dbde024/subject_overlays/rh.0031_TDCS_1_scalar.central.J.tangent  ->  rh.001-0030-GE_TDCS_1_scalar.central.J.tangent
  /network/iss/levy/valerocabre/stimSD/Data/derivatives/mri/2-simnibs-simu-left/0031/simulations/simulation_AFFT-left_8dbde024/subject_overlays/rh.0031_TDCS_1_scalar.central.J.angle  ->  rh.001-0030-GE_TDCS_1_scalar.central.J.angle
  /network/iss/levy/valerocabre/stimSD/Data/derivatives/mri/2-simnibs-simu-left/0031/simulations/simulation_AFFT-left_8dbde024/subject_overlays/0031_TDCS_1_scalar_central.msh  ->  001-0030-GE_TDCS_1_scalar_central.msh
  /network/iss/levy/valerocabre/stimSD/Data/derivatives/mri/2-simnibs-simu-left/0031/simulations/simulation_AFFT-left_8dbde024/subject_overlays/0031_TDCS_1_scalar_central.msh.opt  ->  001-0030-GE_TDCS_1_scalar_central.msh.opt
  /network/iss/levy/valerocabre/stimSD/Data/derivatives/mri/2-simnibs-simu-left/0031/simulations/simulation_AFFT-left_8dbde024/subject_volumes/0031_TDCS_1_scalar_E.nii.gz  ->  001-0030-GE_TDCS_1_scalar_E.nii.gz
  /network/iss/levy/valerocabre/stimSD/Data/derivatives/mri/2-simnibs-simu-left/0031/simulations/simulation_AFFT-left_8dbde024/subject_volumes/0031_TDCS_1_scalar_magnE.nii.gz  ->  001-0030-GE_TDCS_1_scalar_magnE.nii.gz
  /network/iss/levy/valerocabre/stimSD/Data/derivatives/mri/2-simnibs-simu-left/0031/simulations/simulation_AFFT-left_8dbde024/subject_volumes/0031_TDCS_1_scalar_J.nii.gz  ->  001-0030-GE_TDCS_1_scalar_J.nii.gz
  /network/iss/levy/valerocabre/stimSD/Data/derivatives/mri/2-simnibs-simu-left/0031/simulations/simulation_AFFT-left_8dbde024/subject_volumes/0031_TDCS_1_scalar_magnJ.nii.gz  ->  001-0030-GE_TDCS_1_scalar_magnJ.nii.gz
  /network/iss/levy/valerocabre/stimSD/Data/derivatives/mri/2-simnibs-simu-left/0031/simulations/simulation_AFFT-left_8dbde024/mni_volumes/0031_TDCS_1_scalar_MNI_E.nii.gz  ->  001-0030-GE_TDCS_1_scalar_MNI_E.nii.gz
  /network/iss/levy/valerocabre/stimSD/Data/derivatives/mri/2-simnibs-simu-left/0031/simulations/simulation_AFFT-left_8dbde024/mni_volumes/0031_TDCS_1_scalar_MNI_magnE.nii.gz  ->  001-0030-GE_TDCS_1_scalar_MNI_magnE.nii.gz
  /network/iss/levy/valerocabre/stimSD/Data/derivatives/mri/2-simnibs-simu-left/0031/simulations/simulation_AFFT-left_8dbde024/mni_volumes/0031_TDCS_1_scalar_MNI_J.nii.gz  ->  001-0030-GE_TDCS_1_scalar_MNI_J.nii.gz
  /network/iss/levy/valerocabre/stimSD/Data/derivatives/mri/2-simnibs-simu-left/0031/simulations/simulation_AFFT-left_8dbde024/mni_volumes/0031_TDCS_1_scalar_MNI_magnJ.nii.gz  ->  001-0030-GE_TDCS_1_scalar_MNI_magnJ.nii.gz
  /network/iss/levy/valerocabre/stimSD/Data/derivatives/mri/2-simnibs-simu-left/0031/simulations/simulation_AFFT-left_8dbde024/mni_volumes/0031_TDCS_1_scalar_MNI_magnE_AFFT-left_masked.nii.gz  ->  001-0030-GE_TDCS_1_scalar_MNI_magnE_AFFT-left_masked.nii.gz
  /network/iss/levy/valerocabre/stimSD/Data/derivatives/mri/2-simnibs-simu-left/0031/simulations/simulation_AFFT-left_8dbde024/mni_volumes/0031_TDCS_1_scalar_MNI_magnE_AFFT-left_cleaned.nii.gz  ->  001-0030-GE_TDCS_1_scalar_MNI_magnE_AFFT-left_cleaned.nii.gz
  /network/iss/levy/valerocabre/stimSD/Data/derivatives/mri/2-simnibs-simu-left/0031/simulations/simulation_AFFT-left_8dbde024/mni_volumes/0031_TDCS_1_scalar_MNI_magnE_extra_AFFT-left_masked.nii.gz  ->  001-0030-GE_TDCS_1_scalar_MNI_magnE_extra_AFFT-left_masked.nii.gz
  /network/iss/levy/valerocabre/stimSD/Data/derivatives/mri/2-simnibs-simu-left/0031/simulations/simulation_AFFT-left_8dbde024/mni_volumes/0031_TDCS_1_scalar_MNI_magnE_extra_AFFT-left_cleaned.nii.gz  ->  001-0030-GE_TDCS_1_scalar_MNI_magnE_extra_AFFT-left_cleaned.nii.gz
  /network/iss/levy/valerocabre/stimSD/Data/derivatives/mri/2-simnibs-simu-left/0031/simulations/simulation_FTAF-left_a0a7d87a/subject_overlays/lh.0031_TDCS_1_scalar.central.E.magn  ->  lh.001-0030-GE_TDCS_1_scalar.central.E.magn
  /network/iss/levy/valerocabre/stimSD/Data/derivatives/mri/2-simnibs-simu-left/0031/simulations/simulation_FTAF-left_a0a7d87a/subject_overlays/lh.0031_TDCS_1_scalar.central.E.normal  ->  lh.001-0030-GE_TDCS_1_scalar.central.E.normal
  /network/iss/levy/valerocabre/stimSD/Data/derivatives/mri/2-simnibs-simu-left/0031/simulations/simulation_FTAF-left_a0a7d87a/subject_overlays/lh.0031_TDCS_1_scalar.central.E.tangent  ->  lh.001-0030-GE_TDCS_1_scalar.central.E.tangent
  /network/iss/levy/valerocabre/stimSD/Data/derivatives/mri/2-simnibs-simu-left/0031/simulations/simulation_FTAF-left_a0a7d87a/subject_overlays/lh.0031_TDCS_1_scalar.central.E.angle  ->  lh.001-0030-GE_TDCS_1_scalar.central.E.angle
  /network/iss/levy/valerocabre/stimSD/Data/derivatives/mri/2-simnibs-simu-left/0031/simulations/simulation_FTAF-left_a0a7d87a/subject_overlays/rh.0031_TDCS_1_scalar.central.E.magn  ->  rh.001-0030-GE_TDCS_1_scalar.central.E.magn
  /network/iss/levy/valerocabre/stimSD/Data/derivatives/mri/2-simnibs-simu-left/0031/simulations/simulation_FTAF-left_a0a7d87a/subject_overlays/rh.0031_TDCS_1_scalar.central.E.normal  ->  rh.001-0030-GE_TDCS_1_scalar.central.E.normal
  /network/iss/levy/valerocabre/stimSD/Data/derivatives/mri/2-simnibs-simu-left/0031/simulations/simulation_FTAF-left_a0a7d87a/subject_overlays/rh.0031_TDCS_1_scalar.central.E.tangent  ->  rh.001-0030-GE_TDCS_1_scalar.central.E.tangent
  /network/iss/levy/valerocabre/stimSD/Data/derivatives/mri/2-simnibs-simu-left/0031/simulations/simulation_FTAF-left_a0a7d87a/subject_overlays/rh.0031_TDCS_1_scalar.central.E.angle  ->  rh.001-0030-GE_TDCS_1_scalar.central.E.angle
  /network/iss/levy/valerocabre/stimSD/Data/derivatives/mri/2-simnibs-simu-left/0031/simulations/simulation_FTAF-left_a0a7d87a/subject_overlays/lh.0031_TDCS_1_scalar.central.J.magn  ->  lh.001-0030-GE_TDCS_1_scalar.central.J.magn
  /network/iss/levy/valerocabre/stimSD/Data/derivatives/mri/2-simnibs-simu-left/0031/simulations/simulation_FTAF-left_a0a7d87a/subject_overlays/lh.0031_TDCS_1_scalar.central.J.normal  ->  lh.001-0030-GE_TDCS_1_scalar.central.J.normal
  /network/iss/levy/valerocabre/stimSD/Data/derivatives/mri/2-simnibs-simu-left/0031/simulations/simulation_FTAF-left_a0a7d87a/subject_overlays/lh.0031_TDCS_1_scalar.central.J.tangent  ->  lh.001-0030-GE_TDCS_1_scalar.central.J.tangent
  /network/iss/levy/valerocabre/stimSD/Data/derivatives/mri/2-simnibs-simu-left/0031/simulations/simulation_FTAF-left_a0a7d87a/subject_overlays/lh.0031_TDCS_1_scalar.central.J.angle  ->  lh.001-0030-GE_TDCS_1_scalar.central.J.angle
  /network/iss/levy/valerocabre/stimSD/Data/derivatives/mri/2-simnibs-simu-left/0031/simulations/simulation_FTAF-left_a0a7d87a/subject_overlays/rh.0031_TDCS_1_scalar.central.J.magn  ->  rh.001-0030-GE_TDCS_1_scalar.central.J.magn
  /network/iss/levy/valerocabre/stimSD/Data/derivatives/mri/2-simnibs-simu-left/0031/simulations/simulation_FTAF-left_a0a7d87a/subject_overlays/rh.0031_TDCS_1_scalar.central.J.normal  ->  rh.001-0030-GE_TDCS_1_scalar.central.J.normal
  /network/iss/levy/valerocabre/stimSD/Data/derivatives/mri/2-simnibs-simu-left/0031/simulations/simulation_FTAF-left_a0a7d87a/subject_overlays/rh.0031_TDCS_1_scalar.central.J.tangent  ->  rh.001-0030-GE_TDCS_1_scalar.central.J.tangent
  /network/iss/levy/valerocabre/stimSD/Data/derivatives/mri/2-simnibs-simu-left/0031/simulations/simulation_FTAF-left_a0a7d87a/subject_overlays/rh.0031_TDCS_1_scalar.central.J.angle  ->  rh.001-0030-GE_TDCS_1_scalar.central.J.angle
  /network/iss/levy/valerocabre/stimSD/Data/derivatives/mri/2-simnibs-simu-left/0031/simulations/simulation_FTAF-left_a0a7d87a/subject_overlays/0031_TDCS_1_scalar_central.msh  ->  001-0030-GE_TDCS_1_scalar_central.msh
  /network/iss/levy/valerocabre/stimSD/Data/derivatives/mri/2-simnibs-simu-left/0031/simulations/simulation_FTAF-left_a0a7d87a/subject_overlays/0031_TDCS_1_scalar_central.msh.opt  ->  001-0030-GE_TDCS_1_scalar_central.msh.opt
  /network/iss/levy/valerocabre/stimSD/Data/derivatives/mri/2-simnibs-simu-left/0031/simulations/simulation_FTAF-left_a0a7d87a/subject_volumes/0031_TDCS_1_scalar_E.nii.gz  ->  001-0030-GE_TDCS_1_scalar_E.nii.gz
  /network/iss/levy/valerocabre/stimSD/Data/derivatives/mri/2-simnibs-simu-left/0031/simulations/simulation_FTAF-left_a0a7d87a/subject_volumes/0031_TDCS_1_scalar_magnE.nii.gz  ->  001-0030-GE_TDCS_1_scalar_magnE.nii.gz
  /network/iss/levy/valerocabre/stimSD/Data/derivatives/mri/2-simnibs-simu-left/0031/simulations/simulation_FTAF-left_a0a7d87a/subject_volumes/0031_TDCS_1_scalar_J.nii.gz  ->  001-0030-GE_TDCS_1_scalar_J.nii.gz
  /network/iss/levy/valerocabre/stimSD/Data/derivatives/mri/2-simnibs-simu-left/0031/simulations/simulation_FTAF-left_a0a7d87a/subject_volumes/0031_TDCS_1_scalar_magnJ.nii.gz  ->  001-0030-GE_TDCS_1_scalar_magnJ.nii.gz
  /network/iss/levy/valerocabre/stimSD/Data/derivatives/mri/2-simnibs-simu-left/0031/simulations/simulation_FTAF-left_a0a7d87a/mni_volumes/0031_TDCS_1_scalar_MNI_E.nii.gz  ->  001-0030-GE_TDCS_1_scalar_MNI_E.nii.gz
  /network/iss/levy/valerocabre/stimSD/Data/derivatives/mri/2-simnibs-simu-left/0031/simulations/simulation_FTAF-left_a0a7d87a/mni_volumes/0031_TDCS_1_scalar_MNI_magnE.nii.gz  ->  001-0030-GE_TDCS_1_scalar_MNI_magnE.nii.gz
  /network/iss/levy/valerocabre/stimSD/Data/derivatives/mri/2-simnibs-simu-left/0031/simulations/simulation_FTAF-left_a0a7d87a/mni_volumes/0031_TDCS_1_scalar_MNI_J.nii.gz  ->  001-0030-GE_TDCS_1_scalar_MNI_J.nii.gz
  /network/iss/levy/valerocabre/stimSD/Data/derivatives/mri/2-simnibs-simu-left/0031/simulations/simulation_FTAF-left_a0a7d87a/mni_volumes/0031_TDCS_1_scalar_MNI_magnJ.nii.gz  ->  001-0030-GE_TDCS_1_scalar_MNI_magnJ.nii.gz
  /network/iss/levy/valerocabre/stimSD/Data/derivatives/mri/2-simnibs-simu-left/0031/simulations/simulation_FTAF-left_a0a7d87a/mni_volumes/0031_TDCS_1_scalar_MNI_magnE_FTAF-left_masked.nii.gz  ->  001-0030-GE_TDCS_1_scalar_MNI_magnE_FTAF-left_masked.nii.gz
  /network/iss/levy/valerocabre/stimSD/Data/derivatives/mri/2-simnibs-simu-left/0031/simulations/simulation_FTAF-left_a0a7d87a/mni_volumes/0031_TDCS_1_scalar_MNI_magnE_FTAF-left_cleaned.nii.gz  ->  001-0030-GE_TDCS_1_scalar_MNI_magnE_FTAF-left_cleaned.nii.gz
  /network/iss/levy/valerocabre/stimSD/Data/derivatives/mri/2-simnibs-simu-left/0031/simulations/simulation_FTAF-left_a0a7d87a/mni_volumes/0031_TDCS_1_scalar_MNI_magnE_extra_FTAF-left_masked.nii.gz  ->  001-0030-GE_TDCS_1_scalar_MNI_magnE_extra_FTAF-left_masked.nii.gz
  /network/iss/levy/valerocabre/stimSD/Data/derivatives/mri/2-simnibs-simu-left/0031/simulations/simulation_FTAF-left_a0a7d87a/mni_volumes/0031_TDCS_1_scalar_MNI_magnE_extra_FTAF-left_cleaned.nii.gz  ->  001-0030-GE_TDCS_1_scalar_MNI_magnE_extra_FTAF-left_cleaned.nii.gz
  /network/iss/levy/valerocabre/stimSD/Data/derivatives/mri/2-simnibs-simu-left/0035/simulations/simulation_AFFT-left_8dbde024/subject_overlays/lh.0035_TDCS_1_scalar.central.E.magn  ->  lh.001-0033-PM_TDCS_1_scalar.central.E.magn
  /network/iss/levy/valerocabre/stimSD/Data/derivatives/mri/2-simnibs-simu-left/0035/simulations/simulation_AFFT-left_8dbde024/subject_overlays/lh.0035_TDCS_1_scalar.central.E.normal  ->  lh.001-0033-PM_TDCS_1_scalar.central.E.normal
  /network/iss/levy/valerocabre/stimSD/Data/derivatives/mri/2-simnibs-simu-left/0035/simulations/simulation_AFFT-left_8dbde024/subject_overlays/lh.0035_TDCS_1_scalar.central.E.tangent  ->  lh.001-0033-PM_TDCS_1_scalar.central.E.tangent
  /network/iss/levy/valerocabre/stimSD/Data/derivatives/mri/2-simnibs-simu-left/0035/simulations/simulation_AFFT-left_8dbde024/subject_overlays/lh.0035_TDCS_1_scalar.central.E.angle  ->  lh.001-0033-PM_TDCS_1_scalar.central.E.angle
  /network/iss/levy/valerocabre/stimSD/Data/derivatives/mri/2-simnibs-simu-left/0035/simulations/simulation_AFFT-left_8dbde024/subject_overlays/rh.0035_TDCS_1_scalar.central.E.magn  ->  rh.001-0033-PM_TDCS_1_scalar.central.E.magn
  /network/iss/levy/valerocabre/stimSD/Data/derivatives/mri/2-simnibs-simu-left/0035/simulations/simulation_AFFT-left_8dbde024/subject_overlays/rh.0035_TDCS_1_scalar.central.E.normal  ->  rh.001-0033-PM_TDCS_1_scalar.central.E.normal
  /network/iss/levy/valerocabre/stimSD/Data/derivatives/mri/2-simnibs-simu-left/0035/simulations/simulation_AFFT-left_8dbde024/subject_overlays/rh.0035_TDCS_1_scalar.central.E.tangent  ->  rh.001-0033-PM_TDCS_1_scalar.central.E.tangent
  /network/iss/levy/valerocabre/stimSD/Data/derivatives/mri/2-simnibs-simu-left/0035/simulations/simulation_AFFT-left_8dbde024/subject_overlays/rh.0035_TDCS_1_scalar.central.E.angle  ->  rh.001-0033-PM_TDCS_1_scalar.central.E.angle
  /network/iss/levy/valerocabre/stimSD/Data/derivatives/mri/2-simnibs-simu-left/0035/simulations/simulation_AFFT-left_8dbde024/subject_overlays/lh.0035_TDCS_1_scalar.central.J.magn  ->  lh.001-0033-PM_TDCS_1_scalar.central.J.magn
  /network/iss/levy/valerocabre/stimSD/Data/derivatives/mri/2-simnibs-simu-left/0035/simulations/simulation_AFFT-left_8dbde024/subject_overlays/lh.0035_TDCS_1_scalar.central.J.normal  ->  lh.001-0033-PM_TDCS_1_scalar.central.J.normal
  /network/iss/levy/valerocabre/stimSD/Data/derivatives/mri/2-simnibs-simu-left/0035/simulations/simulation_AFFT-left_8dbde024/subject_overlays/lh.0035_TDCS_1_scalar.central.J.tangent  ->  lh.001-0033-PM_TDCS_1_scalar.central.J.tangent
  /network/iss/levy/valerocabre/stimSD/Data/derivatives/mri/2-simnibs-simu-left/0035/simulations/simulation_AFFT-left_8dbde024/subject_overlays/lh.0035_TDCS_1_scalar.central.J.angle  ->  lh.001-0033-PM_TDCS_1_scalar.central.J.angle
  /network/iss/levy/valerocabre/stimSD/Data/derivatives/mri/2-simnibs-simu-left/0035/simulations/simulation_AFFT-left_8dbde024/subject_overlays/rh.0035_TDCS_1_scalar.central.J.magn  ->  rh.001-0033-PM_TDCS_1_scalar.central.J.magn
  /network/iss/levy/valerocabre/stimSD/Data/derivatives/mri/2-simnibs-simu-left/0035/simulations/simulation_AFFT-left_8dbde024/subject_overlays/rh.0035_TDCS_1_scalar.central.J.normal  ->  rh.001-0033-PM_TDCS_1_scalar.central.J.normal
  /network/iss/levy/valerocabre/stimSD/Data/derivatives/mri/2-simnibs-simu-left/0035/simulations/simulation_AFFT-left_8dbde024/subject_overlays/rh.0035_TDCS_1_scalar.central.J.tangent  ->  rh.001-0033-PM_TDCS_1_scalar.central.J.tangent
  /network/iss/levy/valerocabre/stimSD/Data/derivatives/mri/2-simnibs-simu-left/0035/simulations/simulation_AFFT-left_8dbde024/subject_overlays/rh.0035_TDCS_1_scalar.central.J.angle  ->  rh.001-0033-PM_TDCS_1_scalar.central.J.angle
  /network/iss/levy/valerocabre/stimSD/Data/derivatives/mri/2-simnibs-simu-left/0035/simulations/simulation_AFFT-left_8dbde024/subject_overlays/0035_TDCS_1_scalar_central.msh  ->  001-0033-PM_TDCS_1_scalar_central.msh
  /network/iss/levy/valerocabre/stimSD/Data/derivatives/mri/2-simnibs-simu-left/0035/simulations/simulation_AFFT-left_8dbde024/subject_overlays/0035_TDCS_1_scalar_central.msh.opt  ->  001-0033-PM_TDCS_1_scalar_central.msh.opt
  /network/iss/levy/valerocabre/stimSD/Data/derivatives/mri/2-simnibs-simu-left/0035/simulations/simulation_AFFT-left_8dbde024/subject_volumes/0035_TDCS_1_scalar_E.nii.gz  ->  001-0033-PM_TDCS_1_scalar_E.nii.gz
  /network/iss/levy/valerocabre/stimSD/Data/derivatives/mri/2-simnibs-simu-left/0035/simulations/simulation_AFFT-left_8dbde024/subject_volumes/0035_TDCS_1_scalar_magnE.nii.gz  ->  001-0033-PM_TDCS_1_scalar_magnE.nii.gz
  /network/iss/levy/valerocabre/stimSD/Data/derivatives/mri/2-simnibs-simu-left/0035/simulations/simulation_AFFT-left_8dbde024/subject_volumes/0035_TDCS_1_scalar_J.nii.gz  ->  001-0033-PM_TDCS_1_scalar_J.nii.gz
  /network/iss/levy/valerocabre/stimSD/Data/derivatives/mri/2-simnibs-simu-left/0035/simulations/simulation_AFFT-left_8dbde024/subject_volumes/0035_TDCS_1_scalar_magnJ.nii.gz  ->  001-0033-PM_TDCS_1_scalar_magnJ.nii.gz
  /network/iss/levy/valerocabre/stimSD/Data/derivatives/mri/2-simnibs-simu-left/0035/simulations/simulation_AFFT-left_8dbde024/mni_volumes/0035_TDCS_1_scalar_MNI_E.nii.gz  ->  001-0033-PM_TDCS_1_scalar_MNI_E.nii.gz
  /network/iss/levy/valerocabre/stimSD/Data/derivatives/mri/2-simnibs-simu-left/0035/simulations/simulation_AFFT-left_8dbde024/mni_volumes/0035_TDCS_1_scalar_MNI_magnE.nii.gz  ->  001-0033-PM_TDCS_1_scalar_MNI_magnE.nii.gz
  /network/iss/levy/valerocabre/stimSD/Data/derivatives/mri/2-simnibs-simu-left/0035/simulations/simulation_AFFT-left_8dbde024/mni_volumes/0035_TDCS_1_scalar_MNI_J.nii.gz  ->  001-0033-PM_TDCS_1_scalar_MNI_J.nii.gz
  /network/iss/levy/valerocabre/stimSD/Data/derivatives/mri/2-simnibs-simu-left/0035/simulations/simulation_AFFT-left_8dbde024/mni_volumes/0035_TDCS_1_scalar_MNI_magnJ.nii.gz  ->  001-0033-PM_TDCS_1_scalar_MNI_magnJ.nii.gz
  /network/iss/levy/valerocabre/stimSD/Data/derivatives/mri/2-simnibs-simu-left/0035/simulations/simulation_AFFT-left_8dbde024/mni_volumes/0035_TDCS_1_scalar_MNI_magnE_AFFT-left_masked.nii.gz  ->  001-0033-PM_TDCS_1_scalar_MNI_magnE_AFFT-left_masked.nii.gz
  /network/iss/levy/valerocabre/stimSD/Data/derivatives/mri/2-simnibs-simu-left/0035/simulations/simulation_AFFT-left_8dbde024/mni_volumes/0035_TDCS_1_scalar_MNI_magnE_AFFT-left_cleaned.nii.gz  ->  001-0033-PM_TDCS_1_scalar_MNI_magnE_AFFT-left_cleaned.nii.gz
  /network/iss/levy/valerocabre/stimSD/Data/derivatives/mri/2-simnibs-simu-left/0035/simulations/simulation_AFFT-left_8dbde024/mni_volumes/0035_TDCS_1_scalar_MNI_magnE_extra_AFFT-left_masked.nii.gz  ->  001-0033-PM_TDCS_1_scalar_MNI_magnE_extra_AFFT-left_masked.nii.gz
  /network/iss/levy/valerocabre/stimSD/Data/derivatives/mri/2-simnibs-simu-left/0035/simulations/simulation_AFFT-left_8dbde024/mni_volumes/0035_TDCS_1_scalar_MNI_magnE_extra_AFFT-left_cleaned.nii.gz  ->  001-0033-PM_TDCS_1_scalar_MNI_magnE_extra_AFFT-left_cleaned.nii.gz
  /network/iss/levy/valerocabre/stimSD/Data/derivatives/mri/2-simnibs-simu-left/0035/simulations/simulation_FTAF-left_a0a7d87a/subject_overlays/lh.0035_TDCS_1_scalar.central.E.magn  ->  lh.001-0033-PM_TDCS_1_scalar.central.E.magn
  /network/iss/levy/valerocabre/stimSD/Data/derivatives/mri/2-simnibs-simu-left/0035/simulations/simulation_FTAF-left_a0a7d87a/subject_overlays/lh.0035_TDCS_1_scalar.central.E.normal  ->  lh.001-0033-PM_TDCS_1_scalar.central.E.normal
  /network/iss/levy/valerocabre/stimSD/Data/derivatives/mri/2-simnibs-simu-left/0035/simulations/simulation_FTAF-left_a0a7d87a/subject_overlays/lh.0035_TDCS_1_scalar.central.E.tangent  ->  lh.001-0033-PM_TDCS_1_scalar.central.E.tangent
  /network/iss/levy/valerocabre/stimSD/Data/derivatives/mri/2-simnibs-simu-left/0035/simulations/simulation_FTAF-left_a0a7d87a/subject_overlays/lh.0035_TDCS_1_scalar.central.E.angle  ->  lh.001-0033-PM_TDCS_1_scalar.central.E.angle
  /network/iss/levy/valerocabre/stimSD/Data/derivatives/mri/2-simnibs-simu-left/0035/simulations/simulation_FTAF-left_a0a7d87a/subject_overlays/rh.0035_TDCS_1_scalar.central.E.magn  ->  rh.001-0033-PM_TDCS_1_scalar.central.E.magn
  /network/iss/levy/valerocabre/stimSD/Data/derivatives/mri/2-simnibs-simu-left/0035/simulations/simulation_FTAF-left_a0a7d87a/subject_overlays/rh.0035_TDCS_1_scalar.central.E.normal  ->  rh.001-0033-PM_TDCS_1_scalar.central.E.normal
  /network/iss/levy/valerocabre/stimSD/Data/derivatives/mri/2-simnibs-simu-left/0035/simulations/simulation_FTAF-left_a0a7d87a/subject_overlays/rh.0035_TDCS_1_scalar.central.E.tangent  ->  rh.001-0033-PM_TDCS_1_scalar.central.E.tangent
  /network/iss/levy/valerocabre/stimSD/Data/derivatives/mri/2-simnibs-simu-left/0035/simulations/simulation_FTAF-left_a0a7d87a/subject_overlays/rh.0035_TDCS_1_scalar.central.E.angle  ->  rh.001-0033-PM_TDCS_1_scalar.central.E.angle
  /network/iss/levy/valerocabre/stimSD/Data/derivatives/mri/2-simnibs-simu-left/0035/simulations/simulation_FTAF-left_a0a7d87a/subject_overlays/lh.0035_TDCS_1_scalar.central.J.magn  ->  lh.001-0033-PM_TDCS_1_scalar.central.J.magn
  /network/iss/levy/valerocabre/stimSD/Data/derivatives/mri/2-simnibs-simu-left/0035/simulations/simulation_FTAF-left_a0a7d87a/subject_overlays/lh.0035_TDCS_1_scalar.central.J.normal  ->  lh.001-0033-PM_TDCS_1_scalar.central.J.normal
  /network/iss/levy/valerocabre/stimSD/Data/derivatives/mri/2-simnibs-simu-left/0035/simulations/simulation_FTAF-left_a0a7d87a/subject_overlays/lh.0035_TDCS_1_scalar.central.J.tangent  ->  lh.001-0033-PM_TDCS_1_scalar.central.J.tangent
  /network/iss/levy/valerocabre/stimSD/Data/derivatives/mri/2-simnibs-simu-left/0035/simulations/simulation_FTAF-left_a0a7d87a/subject_overlays/lh.0035_TDCS_1_scalar.central.J.angle  ->  lh.001-0033-PM_TDCS_1_scalar.central.J.angle
  /network/iss/levy/valerocabre/stimSD/Data/derivatives/mri/2-simnibs-simu-left/0035/simulations/simulation_FTAF-left_a0a7d87a/subject_overlays/rh.0035_TDCS_1_scalar.central.J.magn  ->  rh.001-0033-PM_TDCS_1_scalar.central.J.magn
  /network/iss/levy/valerocabre/stimSD/Data/derivatives/mri/2-simnibs-simu-left/0035/simulations/simulation_FTAF-left_a0a7d87a/subject_overlays/rh.0035_TDCS_1_scalar.central.J.normal  ->  rh.001-0033-PM_TDCS_1_scalar.central.J.normal
  /network/iss/levy/valerocabre/stimSD/Data/derivatives/mri/2-simnibs-simu-left/0035/simulations/simulation_FTAF-left_a0a7d87a/subject_overlays/rh.0035_TDCS_1_scalar.central.J.tangent  ->  rh.001-0033-PM_TDCS_1_scalar.central.J.tangent
  /network/iss/levy/valerocabre/stimSD/Data/derivatives/mri/2-simnibs-simu-left/0035/simulations/simulation_FTAF-left_a0a7d87a/subject_overlays/rh.0035_TDCS_1_scalar.central.J.angle  ->  rh.001-0033-PM_TDCS_1_scalar.central.J.angle
  /network/iss/levy/valerocabre/stimSD/Data/derivatives/mri/2-simnibs-simu-left/0035/simulations/simulation_FTAF-left_a0a7d87a/subject_overlays/0035_TDCS_1_scalar_central.msh  ->  001-0033-PM_TDCS_1_scalar_central.msh
  /network/iss/levy/valerocabre/stimSD/Data/derivatives/mri/2-simnibs-simu-left/0035/simulations/simulation_FTAF-left_a0a7d87a/subject_overlays/0035_TDCS_1_scalar_central.msh.opt  ->  001-0033-PM_TDCS_1_scalar_central.msh.opt
  /network/iss/levy/valerocabre/stimSD/Data/derivatives/mri/2-simnibs-simu-left/0035/simulations/simulation_FTAF-left_a0a7d87a/subject_volumes/0035_TDCS_1_scalar_E.nii.gz  ->  001-0033-PM_TDCS_1_scalar_E.nii.gz
  /network/iss/levy/valerocabre/stimSD/Data/derivatives/mri/2-simnibs-simu-left/0035/simulations/simulation_FTAF-left_a0a7d87a/subject_volumes/0035_TDCS_1_scalar_magnE.nii.gz  ->  001-0033-PM_TDCS_1_scalar_magnE.nii.gz
  /network/iss/levy/valerocabre/stimSD/Data/derivatives/mri/2-simnibs-simu-left/0035/simulations/simulation_FTAF-left_a0a7d87a/subject_volumes/0035_TDCS_1_scalar_J.nii.gz  ->  001-0033-PM_TDCS_1_scalar_J.nii.gz
  /network/iss/levy/valerocabre/stimSD/Data/derivatives/mri/2-simnibs-simu-left/0035/simulations/simulation_FTAF-left_a0a7d87a/subject_volumes/0035_TDCS_1_scalar_magnJ.nii.gz  ->  001-0033-PM_TDCS_1_scalar_magnJ.nii.gz
  /network/iss/levy/valerocabre/stimSD/Data/derivatives/mri/2-simnibs-simu-left/0035/simulations/simulation_FTAF-left_a0a7d87a/mni_volumes/0035_TDCS_1_scalar_MNI_E.nii.gz  ->  001-0033-PM_TDCS_1_scalar_MNI_E.nii.gz
  /network/iss/levy/valerocabre/stimSD/Data/derivatives/mri/2-simnibs-simu-left/0035/simulations/simulation_FTAF-left_a0a7d87a/mni_volumes/0035_TDCS_1_scalar_MNI_magnE.nii.gz  ->  001-0033-PM_TDCS_1_scalar_MNI_magnE.nii.gz
  /network/iss/levy/valerocabre/stimSD/Data/derivatives/mri/2-simnibs-simu-left/0035/simulations/simulation_FTAF-left_a0a7d87a/mni_volumes/0035_TDCS_1_scalar_MNI_J.nii.gz  ->  001-0033-PM_TDCS_1_scalar_MNI_J.nii.gz
  /network/iss/levy/valerocabre/stimSD/Data/derivatives/mri/2-simnibs-simu-left/0035/simulations/simulation_FTAF-left_a0a7d87a/mni_volumes/0035_TDCS_1_scalar_MNI_magnJ.nii.gz  ->  001-0033-PM_TDCS_1_scalar_MNI_magnJ.nii.gz
  /network/iss/levy/valerocabre/stimSD/Data/derivatives/mri/2-simnibs-simu-left/0035/simulations/simulation_FTAF-left_a0a7d87a/mni_volumes/0035_TDCS_1_scalar_MNI_magnE_FTAF-left_masked.nii.gz  ->  001-0033-PM_TDCS_1_scalar_MNI_magnE_FTAF-left_masked.nii.gz
  /network/iss/levy/valerocabre/stimSD/Data/derivatives/mri/2-simnibs-simu-left/0035/simulations/simulation_FTAF-left_a0a7d87a/mni_volumes/0035_TDCS_1_scalar_MNI_magnE_FTAF-left_cleaned.nii.gz  ->  001-0033-PM_TDCS_1_scalar_MNI_magnE_FTAF-left_cleaned.nii.gz
  /network/iss/levy/valerocabre/stimSD/Data/derivatives/mri/2-simnibs-simu-left/0035/simulations/simulation_FTAF-left_a0a7d87a/mni_volumes/0035_TDCS_1_scalar_MNI_magnE_extra_FTAF-left_masked.nii.gz  ->  001-0033-PM_TDCS_1_scalar_MNI_magnE_extra_FTAF-left_masked.nii.gz
  /network/iss/levy/valerocabre/stimSD/Data/derivatives/mri/2-simnibs-simu-left/0035/simulations/simulation_FTAF-left_a0a7d87a/mni_volumes/0035_TDCS_1_scalar_MNI_magnE_extra_FTAF-left_cleaned.nii.gz  ->  001-0033-PM_TDCS_1_scalar_MNI_magnE_extra_FTAF-left_cleaned.nii.gz
  /network/iss/levy/valerocabre/stimSD/Data/derivatives/mri/2-simnibs-simu-left/0036/simulations/simulation_AFFT-left_8dbde024/subject_overlays/lh.0036_TDCS_1_scalar.central.E.magn  ->  lh.001-0035-LC_TDCS_1_scalar.central.E.magn
  /network/iss/levy/valerocabre/stimSD/Data/derivatives/mri/2-simnibs-simu-left/0036/simulations/simulation_AFFT-left_8dbde024/subject_overlays/lh.0036_TDCS_1_scalar.central.E.normal  ->  lh.001-0035-LC_TDCS_1_scalar.central.E.normal
  /network/iss/levy/valerocabre/stimSD/Data/derivatives/mri/2-simnibs-simu-left/0036/simulations/simulation_AFFT-left_8dbde024/subject_overlays/lh.0036_TDCS_1_scalar.central.E.tangent  ->  lh.001-0035-LC_TDCS_1_scalar.central.E.tangent
  /network/iss/levy/valerocabre/stimSD/Data/derivatives/mri/2-simnibs-simu-left/0036/simulations/simulation_AFFT-left_8dbde024/subject_overlays/lh.0036_TDCS_1_scalar.central.E.angle  ->  lh.001-0035-LC_TDCS_1_scalar.central.E.angle
  /network/iss/levy/valerocabre/stimSD/Data/derivatives/mri/2-simnibs-simu-left/0036/simulations/simulation_AFFT-left_8dbde024/subject_overlays/rh.0036_TDCS_1_scalar.central.E.magn  ->  rh.001-0035-LC_TDCS_1_scalar.central.E.magn
  /network/iss/levy/valerocabre/stimSD/Data/derivatives/mri/2-simnibs-simu-left/0036/simulations/simulation_AFFT-left_8dbde024/subject_overlays/rh.0036_TDCS_1_scalar.central.E.normal  ->  rh.001-0035-LC_TDCS_1_scalar.central.E.normal
  /network/iss/levy/valerocabre/stimSD/Data/derivatives/mri/2-simnibs-simu-left/0036/simulations/simulation_AFFT-left_8dbde024/subject_overlays/rh.0036_TDCS_1_scalar.central.E.tangent  ->  rh.001-0035-LC_TDCS_1_scalar.central.E.tangent
  /network/iss/levy/valerocabre/stimSD/Data/derivatives/mri/2-simnibs-simu-left/0036/simulations/simulation_AFFT-left_8dbde024/subject_overlays/rh.0036_TDCS_1_scalar.central.E.angle  ->  rh.001-0035-LC_TDCS_1_scalar.central.E.angle
  /network/iss/levy/valerocabre/stimSD/Data/derivatives/mri/2-simnibs-simu-left/0036/simulations/simulation_AFFT-left_8dbde024/subject_overlays/lh.0036_TDCS_1_scalar.central.J.magn  ->  lh.001-0035-LC_TDCS_1_scalar.central.J.magn
  /network/iss/levy/valerocabre/stimSD/Data/derivatives/mri/2-simnibs-simu-left/0036/simulations/simulation_AFFT-left_8dbde024/subject_overlays/lh.0036_TDCS_1_scalar.central.J.normal  ->  lh.001-0035-LC_TDCS_1_scalar.central.J.normal
  /network/iss/levy/valerocabre/stimSD/Data/derivatives/mri/2-simnibs-simu-left/0036/simulations/simulation_AFFT-left_8dbde024/subject_overlays/lh.0036_TDCS_1_scalar.central.J.tangent  ->  lh.001-0035-LC_TDCS_1_scalar.central.J.tangent
  /network/iss/levy/valerocabre/stimSD/Data/derivatives/mri/2-simnibs-simu-left/0036/simulations/simulation_AFFT-left_8dbde024/subject_overlays/lh.0036_TDCS_1_scalar.central.J.angle  ->  lh.001-0035-LC_TDCS_1_scalar.central.J.angle
  /network/iss/levy/valerocabre/stimSD/Data/derivatives/mri/2-simnibs-simu-left/0036/simulations/simulation_AFFT-left_8dbde024/subject_overlays/rh.0036_TDCS_1_scalar.central.J.magn  ->  rh.001-0035-LC_TDCS_1_scalar.central.J.magn
  /network/iss/levy/valerocabre/stimSD/Data/derivatives/mri/2-simnibs-simu-left/0036/simulations/simulation_AFFT-left_8dbde024/subject_overlays/rh.0036_TDCS_1_scalar.central.J.normal  ->  rh.001-0035-LC_TDCS_1_scalar.central.J.normal
  /network/iss/levy/valerocabre/stimSD/Data/derivatives/mri/2-simnibs-simu-left/0036/simulations/simulation_AFFT-left_8dbde024/subject_overlays/rh.0036_TDCS_1_scalar.central.J.tangent  ->  rh.001-0035-LC_TDCS_1_scalar.central.J.tangent
  /network/iss/levy/valerocabre/stimSD/Data/derivatives/mri/2-simnibs-simu-left/0036/simulations/simulation_AFFT-left_8dbde024/subject_overlays/rh.0036_TDCS_1_scalar.central.J.angle  ->  rh.001-0035-LC_TDCS_1_scalar.central.J.angle
  /network/iss/levy/valerocabre/stimSD/Data/derivatives/mri/2-simnibs-simu-left/0036/simulations/simulation_AFFT-left_8dbde024/subject_overlays/0036_TDCS_1_scalar_central.msh  ->  001-0035-LC_TDCS_1_scalar_central.msh
  /network/iss/levy/valerocabre/stimSD/Data/derivatives/mri/2-simnibs-simu-left/0036/simulations/simulation_AFFT-left_8dbde024/subject_overlays/0036_TDCS_1_scalar_central.msh.opt  ->  001-0035-LC_TDCS_1_scalar_central.msh.opt
  /network/iss/levy/valerocabre/stimSD/Data/derivatives/mri/2-simnibs-simu-left/0036/simulations/simulation_AFFT-left_8dbde024/subject_volumes/0036_TDCS_1_scalar_E.nii.gz  ->  001-0035-LC_TDCS_1_scalar_E.nii.gz
  /network/iss/levy/valerocabre/stimSD/Data/derivatives/mri/2-simnibs-simu-left/0036/simulations/simulation_AFFT-left_8dbde024/subject_volumes/0036_TDCS_1_scalar_magnE.nii.gz  ->  001-0035-LC_TDCS_1_scalar_magnE.nii.gz
  /network/iss/levy/valerocabre/stimSD/Data/derivatives/mri/2-simnibs-simu-left/0036/simulations/simulation_AFFT-left_8dbde024/subject_volumes/0036_TDCS_1_scalar_J.nii.gz  ->  001-0035-LC_TDCS_1_scalar_J.nii.gz
  /network/iss/levy/valerocabre/stimSD/Data/derivatives/mri/2-simnibs-simu-left/0036/simulations/simulation_AFFT-left_8dbde024/subject_volumes/0036_TDCS_1_scalar_magnJ.nii.gz  ->  001-0035-LC_TDCS_1_scalar_magnJ.nii.gz
  /network/iss/levy/valerocabre/stimSD/Data/derivatives/mri/2-simnibs-simu-left/0036/simulations/simulation_AFFT-left_8dbde024/mni_volumes/0036_TDCS_1_scalar_MNI_E.nii.gz  ->  001-0035-LC_TDCS_1_scalar_MNI_E.nii.gz
  /network/iss/levy/valerocabre/stimSD/Data/derivatives/mri/2-simnibs-simu-left/0036/simulations/simulation_AFFT-left_8dbde024/mni_volumes/0036_TDCS_1_scalar_MNI_magnE.nii.gz  ->  001-0035-LC_TDCS_1_scalar_MNI_magnE.nii.gz
  /network/iss/levy/valerocabre/stimSD/Data/derivatives/mri/2-simnibs-simu-left/0036/simulations/simulation_AFFT-left_8dbde024/mni_volumes/0036_TDCS_1_scalar_MNI_J.nii.gz  ->  001-0035-LC_TDCS_1_scalar_MNI_J.nii.gz
  /network/iss/levy/valerocabre/stimSD/Data/derivatives/mri/2-simnibs-simu-left/0036/simulations/simulation_AFFT-left_8dbde024/mni_volumes/0036_TDCS_1_scalar_MNI_magnJ.nii.gz  ->  001-0035-LC_TDCS_1_scalar_MNI_magnJ.nii.gz
  /network/iss/levy/valerocabre/stimSD/Data/derivatives/mri/2-simnibs-simu-left/0036/simulations/simulation_AFFT-left_8dbde024/mni_volumes/0036_TDCS_1_scalar_MNI_magnE_AFFT-left_masked.nii.gz  ->  001-0035-LC_TDCS_1_scalar_MNI_magnE_AFFT-left_masked.nii.gz
  /network/iss/levy/valerocabre/stimSD/Data/derivatives/mri/2-simnibs-simu-left/0036/simulations/simulation_AFFT-left_8dbde024/mni_volumes/0036_TDCS_1_scalar_MNI_magnE_AFFT-left_cleaned.nii.gz  ->  001-0035-LC_TDCS_1_scalar_MNI_magnE_AFFT-left_cleaned.nii.gz
  /network/iss/levy/valerocabre/stimSD/Data/derivatives/mri/2-simnibs-simu-left/0036/simulations/simulation_AFFT-left_8dbde024/mni_volumes/0036_TDCS_1_scalar_MNI_magnE_extra_AFFT-left_masked.nii.gz  ->  001-0035-LC_TDCS_1_scalar_MNI_magnE_extra_AFFT-left_masked.nii.gz
  /network/iss/levy/valerocabre/stimSD/Data/derivatives/mri/2-simnibs-simu-left/0036/simulations/simulation_AFFT-left_8dbde024/mni_volumes/0036_TDCS_1_scalar_MNI_magnE_extra_AFFT-left_cleaned.nii.gz  ->  001-0035-LC_TDCS_1_scalar_MNI_magnE_extra_AFFT-left_cleaned.nii.gz
  /network/iss/levy/valerocabre/stimSD/Data/derivatives/mri/2-simnibs-simu-left/0036/simulations/simulation_FTAF-left_a0a7d87a/subject_overlays/lh.0036_TDCS_1_scalar.central.E.magn  ->  lh.001-0035-LC_TDCS_1_scalar.central.E.magn
  /network/iss/levy/valerocabre/stimSD/Data/derivatives/mri/2-simnibs-simu-left/0036/simulations/simulation_FTAF-left_a0a7d87a/subject_overlays/lh.0036_TDCS_1_scalar.central.E.normal  ->  lh.001-0035-LC_TDCS_1_scalar.central.E.normal
  /network/iss/levy/valerocabre/stimSD/Data/derivatives/mri/2-simnibs-simu-left/0036/simulations/simulation_FTAF-left_a0a7d87a/subject_overlays/lh.0036_TDCS_1_scalar.central.E.tangent  ->  lh.001-0035-LC_TDCS_1_scalar.central.E.tangent
  /network/iss/levy/valerocabre/stimSD/Data/derivatives/mri/2-simnibs-simu-left/0036/simulations/simulation_FTAF-left_a0a7d87a/subject_overlays/lh.0036_TDCS_1_scalar.central.E.angle  ->  lh.001-0035-LC_TDCS_1_scalar.central.E.angle
  /network/iss/levy/valerocabre/stimSD/Data/derivatives/mri/2-simnibs-simu-left/0036/simulations/simulation_FTAF-left_a0a7d87a/subject_overlays/rh.0036_TDCS_1_scalar.central.E.magn  ->  rh.001-0035-LC_TDCS_1_scalar.central.E.magn
  /network/iss/levy/valerocabre/stimSD/Data/derivatives/mri/2-simnibs-simu-left/0036/simulations/simulation_FTAF-left_a0a7d87a/subject_overlays/rh.0036_TDCS_1_scalar.central.E.normal  ->  rh.001-0035-LC_TDCS_1_scalar.central.E.normal
  /network/iss/levy/valerocabre/stimSD/Data/derivatives/mri/2-simnibs-simu-left/0036/simulations/simulation_FTAF-left_a0a7d87a/subject_overlays/rh.0036_TDCS_1_scalar.central.E.tangent  ->  rh.001-0035-LC_TDCS_1_scalar.central.E.tangent
  /network/iss/levy/valerocabre/stimSD/Data/derivatives/mri/2-simnibs-simu-left/0036/simulations/simulation_FTAF-left_a0a7d87a/subject_overlays/rh.0036_TDCS_1_scalar.central.E.angle  ->  rh.001-0035-LC_TDCS_1_scalar.central.E.angle
  /network/iss/levy/valerocabre/stimSD/Data/derivatives/mri/2-simnibs-simu-left/0036/simulations/simulation_FTAF-left_a0a7d87a/subject_overlays/lh.0036_TDCS_1_scalar.central.J.magn  ->  lh.001-0035-LC_TDCS_1_scalar.central.J.magn
  /network/iss/levy/valerocabre/stimSD/Data/derivatives/mri/2-simnibs-simu-left/0036/simulations/simulation_FTAF-left_a0a7d87a/subject_overlays/lh.0036_TDCS_1_scalar.central.J.normal  ->  lh.001-0035-LC_TDCS_1_scalar.central.J.normal
  /network/iss/levy/valerocabre/stimSD/Data/derivatives/mri/2-simnibs-simu-left/0036/simulations/simulation_FTAF-left_a0a7d87a/subject_overlays/lh.0036_TDCS_1_scalar.central.J.tangent  ->  lh.001-0035-LC_TDCS_1_scalar.central.J.tangent
  /network/iss/levy/valerocabre/stimSD/Data/derivatives/mri/2-simnibs-simu-left/0036/simulations/simulation_FTAF-left_a0a7d87a/subject_overlays/lh.0036_TDCS_1_scalar.central.J.angle  ->  lh.001-0035-LC_TDCS_1_scalar.central.J.angle
  /network/iss/levy/valerocabre/stimSD/Data/derivatives/mri/2-simnibs-simu-left/0036/simulations/simulation_FTAF-left_a0a7d87a/subject_overlays/rh.0036_TDCS_1_scalar.central.J.magn  ->  rh.001-0035-LC_TDCS_1_scalar.central.J.magn
  /network/iss/levy/valerocabre/stimSD/Data/derivatives/mri/2-simnibs-simu-left/0036/simulations/simulation_FTAF-left_a0a7d87a/subject_overlays/rh.0036_TDCS_1_scalar.central.J.normal  ->  rh.001-0035-LC_TDCS_1_scalar.central.J.normal
  /network/iss/levy/valerocabre/stimSD/Data/derivatives/mri/2-simnibs-simu-left/0036/simulations/simulation_FTAF-left_a0a7d87a/subject_overlays/rh.0036_TDCS_1_scalar.central.J.tangent  ->  rh.001-0035-LC_TDCS_1_scalar.central.J.tangent
  /network/iss/levy/valerocabre/stimSD/Data/derivatives/mri/2-simnibs-simu-left/0036/simulations/simulation_FTAF-left_a0a7d87a/subject_overlays/rh.0036_TDCS_1_scalar.central.J.angle  ->  rh.001-0035-LC_TDCS_1_scalar.central.J.angle
  /network/iss/levy/valerocabre/stimSD/Data/derivatives/mri/2-simnibs-simu-left/0036/simulations/simulation_FTAF-left_a0a7d87a/subject_overlays/0036_TDCS_1_scalar_central.msh  ->  001-0035-LC_TDCS_1_scalar_central.msh
  /network/iss/levy/valerocabre/stimSD/Data/derivatives/mri/2-simnibs-simu-left/0036/simulations/simulation_FTAF-left_a0a7d87a/subject_overlays/0036_TDCS_1_scalar_central.msh.opt  ->  001-0035-LC_TDCS_1_scalar_central.msh.opt
  /network/iss/levy/valerocabre/stimSD/Data/derivatives/mri/2-simnibs-simu-left/0036/simulations/simulation_FTAF-left_a0a7d87a/subject_volumes/0036_TDCS_1_scalar_E.nii.gz  ->  001-0035-LC_TDCS_1_scalar_E.nii.gz
  /network/iss/levy/valerocabre/stimSD/Data/derivatives/mri/2-simnibs-simu-left/0036/simulations/simulation_FTAF-left_a0a7d87a/subject_volumes/0036_TDCS_1_scalar_magnE.nii.gz  ->  001-0035-LC_TDCS_1_scalar_magnE.nii.gz
  /network/iss/levy/valerocabre/stimSD/Data/derivatives/mri/2-simnibs-simu-left/0036/simulations/simulation_FTAF-left_a0a7d87a/subject_volumes/0036_TDCS_1_scalar_J.nii.gz  ->  001-0035-LC_TDCS_1_scalar_J.nii.gz
  /network/iss/levy/valerocabre/stimSD/Data/derivatives/mri/2-simnibs-simu-left/0036/simulations/simulation_FTAF-left_a0a7d87a/subject_volumes/0036_TDCS_1_scalar_magnJ.nii.gz  ->  001-0035-LC_TDCS_1_scalar_magnJ.nii.gz
  /network/iss/levy/valerocabre/stimSD/Data/derivatives/mri/2-simnibs-simu-left/0036/simulations/simulation_FTAF-left_a0a7d87a/mni_volumes/0036_TDCS_1_scalar_MNI_E.nii.gz  ->  001-0035-LC_TDCS_1_scalar_MNI_E.nii.gz
  /network/iss/levy/valerocabre/stimSD/Data/derivatives/mri/2-simnibs-simu-left/0036/simulations/simulation_FTAF-left_a0a7d87a/mni_volumes/0036_TDCS_1_scalar_MNI_magnE.nii.gz  ->  001-0035-LC_TDCS_1_scalar_MNI_magnE.nii.gz
  /network/iss/levy/valerocabre/stimSD/Data/derivatives/mri/2-simnibs-simu-left/0036/simulations/simulation_FTAF-left_a0a7d87a/mni_volumes/0036_TDCS_1_scalar_MNI_J.nii.gz  ->  001-0035-LC_TDCS_1_scalar_MNI_J.nii.gz
  /network/iss/levy/valerocabre/stimSD/Data/derivatives/mri/2-simnibs-simu-left/0036/simulations/simulation_FTAF-left_a0a7d87a/mni_volumes/0036_TDCS_1_scalar_MNI_magnJ.nii.gz  ->  001-0035-LC_TDCS_1_scalar_MNI_magnJ.nii.gz
  /network/iss/levy/valerocabre/stimSD/Data/derivatives/mri/2-simnibs-simu-left/0036/simulations/simulation_FTAF-left_a0a7d87a/mni_volumes/0036_TDCS_1_scalar_MNI_magnE_FTAF-left_masked.nii.gz  ->  001-0035-LC_TDCS_1_scalar_MNI_magnE_FTAF-left_masked.nii.gz
  /network/iss/levy/valerocabre/stimSD/Data/derivatives/mri/2-simnibs-simu-left/0036/simulations/simulation_FTAF-left_a0a7d87a/mni_volumes/0036_TDCS_1_scalar_MNI_magnE_FTAF-left_cleaned.nii.gz  ->  001-0035-LC_TDCS_1_scalar_MNI_magnE_FTAF-left_cleaned.nii.gz
  /network/iss/levy/valerocabre/stimSD/Data/derivatives/mri/2-simnibs-simu-left/0036/simulations/simulation_FTAF-left_a0a7d87a/mni_volumes/0036_TDCS_1_scalar_MNI_magnE_extra_FTAF-left_masked.nii.gz  ->  001-0035-LC_TDCS_1_scalar_MNI_magnE_extra_FTAF-left_masked.nii.gz
  /network/iss/levy/valerocabre/stimSD/Data/derivatives/mri/2-simnibs-simu-left/0036/simulations/simulation_FTAF-left_a0a7d87a/mni_volumes/0036_TDCS_1_scalar_MNI_magnE_extra_FTAF-left_cleaned.nii.gz  ->  001-0035-LC_TDCS_1_scalar_MNI_magnE_extra_FTAF-left_cleaned.nii.gz
  /network/iss/levy/valerocabre/stimSD/Data/derivatives/mri/2-simnibs-simu-left/0034/simulations/simulation_AFFT-left_8dbde024/subject_overlays/lh.0034_TDCS_1_scalar.central.E.magn  ->  lh.001-0032-HB_TDCS_1_scalar.central.E.magn
  /network/iss/levy/valerocabre/stimSD/Data/derivatives/mri/2-simnibs-simu-left/0034/simulations/simulation_AFFT-left_8dbde024/subject_overlays/lh.0034_TDCS_1_scalar.central.E.normal  ->  lh.001-0032-HB_TDCS_1_scalar.central.E.normal
  /network/iss/levy/valerocabre/stimSD/Data/derivatives/mri/2-simnibs-simu-left/0034/simulations/simulation_AFFT-left_8dbde024/subject_overlays/lh.0034_TDCS_1_scalar.central.E.tangent  ->  lh.001-0032-HB_TDCS_1_scalar.central.E.tangent
  /network/iss/levy/valerocabre/stimSD/Data/derivatives/mri/2-simnibs-simu-left/0034/simulations/simulation_AFFT-left_8dbde024/subject_overlays/lh.0034_TDCS_1_scalar.central.E.angle  ->  lh.001-0032-HB_TDCS_1_scalar.central.E.angle
  /network/iss/levy/valerocabre/stimSD/Data/derivatives/mri/2-simnibs-simu-left/0034/simulations/simulation_AFFT-left_8dbde024/subject_overlays/rh.0034_TDCS_1_scalar.central.E.magn  ->  rh.001-0032-HB_TDCS_1_scalar.central.E.magn
  /network/iss/levy/valerocabre/stimSD/Data/derivatives/mri/2-simnibs-simu-left/0034/simulations/simulation_AFFT-left_8dbde024/subject_overlays/rh.0034_TDCS_1_scalar.central.E.normal  ->  rh.001-0032-HB_TDCS_1_scalar.central.E.normal
  /network/iss/levy/valerocabre/stimSD/Data/derivatives/mri/2-simnibs-simu-left/0034/simulations/simulation_AFFT-left_8dbde024/subject_overlays/rh.0034_TDCS_1_scalar.central.E.tangent  ->  rh.001-0032-HB_TDCS_1_scalar.central.E.tangent
  /network/iss/levy/valerocabre/stimSD/Data/derivatives/mri/2-simnibs-simu-left/0034/simulations/simulation_AFFT-left_8dbde024/subject_overlays/rh.0034_TDCS_1_scalar.central.E.angle  ->  rh.001-0032-HB_TDCS_1_scalar.central.E.angle
  /network/iss/levy/valerocabre/stimSD/Data/derivatives/mri/2-simnibs-simu-left/0034/simulations/simulation_AFFT-left_8dbde024/subject_overlays/lh.0034_TDCS_1_scalar.central.J.magn  ->  lh.001-0032-HB_TDCS_1_scalar.central.J.magn
  /network/iss/levy/valerocabre/stimSD/Data/derivatives/mri/2-simnibs-simu-left/0034/simulations/simulation_AFFT-left_8dbde024/subject_overlays/lh.0034_TDCS_1_scalar.central.J.normal  ->  lh.001-0032-HB_TDCS_1_scalar.central.J.normal
  /network/iss/levy/valerocabre/stimSD/Data/derivatives/mri/2-simnibs-simu-left/0034/simulations/simulation_AFFT-left_8dbde024/subject_overlays/lh.0034_TDCS_1_scalar.central.J.tangent  ->  lh.001-0032-HB_TDCS_1_scalar.central.J.tangent
  /network/iss/levy/valerocabre/stimSD/Data/derivatives/mri/2-simnibs-simu-left/0034/simulations/simulation_AFFT-left_8dbde024/subject_overlays/lh.0034_TDCS_1_scalar.central.J.angle  ->  lh.001-0032-HB_TDCS_1_scalar.central.J.angle
  /network/iss/levy/valerocabre/stimSD/Data/derivatives/mri/2-simnibs-simu-left/0034/simulations/simulation_AFFT-left_8dbde024/subject_overlays/rh.0034_TDCS_1_scalar.central.J.magn  ->  rh.001-0032-HB_TDCS_1_scalar.central.J.magn
  /network/iss/levy/valerocabre/stimSD/Data/derivatives/mri/2-simnibs-simu-left/0034/simulations/simulation_AFFT-left_8dbde024/subject_overlays/rh.0034_TDCS_1_scalar.central.J.normal  ->  rh.001-0032-HB_TDCS_1_scalar.central.J.normal
  /network/iss/levy/valerocabre/stimSD/Data/derivatives/mri/2-simnibs-simu-left/0034/simulations/simulation_AFFT-left_8dbde024/subject_overlays/rh.0034_TDCS_1_scalar.central.J.tangent  ->  rh.001-0032-HB_TDCS_1_scalar.central.J.tangent
  /network/iss/levy/valerocabre/stimSD/Data/derivatives/mri/2-simnibs-simu-left/0034/simulations/simulation_AFFT-left_8dbde024/subject_overlays/rh.0034_TDCS_1_scalar.central.J.angle  ->  rh.001-0032-HB_TDCS_1_scalar.central.J.angle
  /network/iss/levy/valerocabre/stimSD/Data/derivatives/mri/2-simnibs-simu-left/0034/simulations/simulation_AFFT-left_8dbde024/subject_overlays/0034_TDCS_1_scalar_central.msh  ->  001-0032-HB_TDCS_1_scalar_central.msh
  /network/iss/levy/valerocabre/stimSD/Data/derivatives/mri/2-simnibs-simu-left/0034/simulations/simulation_AFFT-left_8dbde024/subject_overlays/0034_TDCS_1_scalar_central.msh.opt  ->  001-0032-HB_TDCS_1_scalar_central.msh.opt
  /network/iss/levy/valerocabre/stimSD/Data/derivatives/mri/2-simnibs-simu-left/0034/simulations/simulation_AFFT-left_8dbde024/subject_volumes/0034_TDCS_1_scalar_E.nii.gz  ->  001-0032-HB_TDCS_1_scalar_E.nii.gz
  /network/iss/levy/valerocabre/stimSD/Data/derivatives/mri/2-simnibs-simu-left/0034/simulations/simulation_AFFT-left_8dbde024/subject_volumes/0034_TDCS_1_scalar_magnE.nii.gz  ->  001-0032-HB_TDCS_1_scalar_magnE.nii.gz
  /network/iss/levy/valerocabre/stimSD/Data/derivatives/mri/2-simnibs-simu-left/0034/simulations/simulation_AFFT-left_8dbde024/subject_volumes/0034_TDCS_1_scalar_J.nii.gz  ->  001-0032-HB_TDCS_1_scalar_J.nii.gz
  /network/iss/levy/valerocabre/stimSD/Data/derivatives/mri/2-simnibs-simu-left/0034/simulations/simulation_AFFT-left_8dbde024/subject_volumes/0034_TDCS_1_scalar_magnJ.nii.gz  ->  001-0032-HB_TDCS_1_scalar_magnJ.nii.gz
  /network/iss/levy/valerocabre/stimSD/Data/derivatives/mri/2-simnibs-simu-left/0034/simulations/simulation_AFFT-left_8dbde024/mni_volumes/0034_TDCS_1_scalar_MNI_E.nii.gz  ->  001-0032-HB_TDCS_1_scalar_MNI_E.nii.gz
  /network/iss/levy/valerocabre/stimSD/Data/derivatives/mri/2-simnibs-simu-left/0034/simulations/simulation_AFFT-left_8dbde024/mni_volumes/0034_TDCS_1_scalar_MNI_magnE.nii.gz  ->  001-0032-HB_TDCS_1_scalar_MNI_magnE.nii.gz
  /network/iss/levy/valerocabre/stimSD/Data/derivatives/mri/2-simnibs-simu-left/0034/simulations/simulation_AFFT-left_8dbde024/mni_volumes/0034_TDCS_1_scalar_MNI_J.nii.gz  ->  001-0032-HB_TDCS_1_scalar_MNI_J.nii.gz
  /network/iss/levy/valerocabre/stimSD/Data/derivatives/mri/2-simnibs-simu-left/0034/simulations/simulation_AFFT-left_8dbde024/mni_volumes/0034_TDCS_1_scalar_MNI_magnJ.nii.gz  ->  001-0032-HB_TDCS_1_scalar_MNI_magnJ.nii.gz
  /network/iss/levy/valerocabre/stimSD/Data/derivatives/mri/2-simnibs-simu-left/0034/simulations/simulation_AFFT-left_8dbde024/mni_volumes/0034_TDCS_1_scalar_MNI_magnE_AFFT-left_masked.nii.gz  ->  001-0032-HB_TDCS_1_scalar_MNI_magnE_AFFT-left_masked.nii.gz
  /network/iss/levy/valerocabre/stimSD/Data/derivatives/mri/2-simnibs-simu-left/0034/simulations/simulation_AFFT-left_8dbde024/mni_volumes/0034_TDCS_1_scalar_MNI_magnE_AFFT-left_cleaned.nii.gz  ->  001-0032-HB_TDCS_1_scalar_MNI_magnE_AFFT-left_cleaned.nii.gz
  /network/iss/levy/valerocabre/stimSD/Data/derivatives/mri/2-simnibs-simu-left/0034/simulations/simulation_AFFT-left_8dbde024/mni_volumes/0034_TDCS_1_scalar_MNI_magnE_extra_AFFT-left_masked.nii.gz  ->  001-0032-HB_TDCS_1_scalar_MNI_magnE_extra_AFFT-left_masked.nii.gz
  /network/iss/levy/valerocabre/stimSD/Data/derivatives/mri/2-simnibs-simu-left/0034/simulations/simulation_AFFT-left_8dbde024/mni_volumes/0034_TDCS_1_scalar_MNI_magnE_extra_AFFT-left_cleaned.nii.gz  ->  001-0032-HB_TDCS_1_scalar_MNI_magnE_extra_AFFT-left_cleaned.nii.gz
  /network/iss/levy/valerocabre/stimSD/Data/derivatives/mri/2-simnibs-simu-left/0034/simulations/simulation_FTAF-left_a0a7d87a/subject_overlays/lh.0034_TDCS_1_scalar.central.E.magn  ->  lh.001-0032-HB_TDCS_1_scalar.central.E.magn
  /network/iss/levy/valerocabre/stimSD/Data/derivatives/mri/2-simnibs-simu-left/0034/simulations/simulation_FTAF-left_a0a7d87a/subject_overlays/lh.0034_TDCS_1_scalar.central.E.normal  ->  lh.001-0032-HB_TDCS_1_scalar.central.E.normal
  /network/iss/levy/valerocabre/stimSD/Data/derivatives/mri/2-simnibs-simu-left/0034/simulations/simulation_FTAF-left_a0a7d87a/subject_overlays/lh.0034_TDCS_1_scalar.central.E.tangent  ->  lh.001-0032-HB_TDCS_1_scalar.central.E.tangent
  /network/iss/levy/valerocabre/stimSD/Data/derivatives/mri/2-simnibs-simu-left/0034/simulations/simulation_FTAF-left_a0a7d87a/subject_overlays/lh.0034_TDCS_1_scalar.central.E.angle  ->  lh.001-0032-HB_TDCS_1_scalar.central.E.angle
  /network/iss/levy/valerocabre/stimSD/Data/derivatives/mri/2-simnibs-simu-left/0034/simulations/simulation_FTAF-left_a0a7d87a/subject_overlays/rh.0034_TDCS_1_scalar.central.E.magn  ->  rh.001-0032-HB_TDCS_1_scalar.central.E.magn
  /network/iss/levy/valerocabre/stimSD/Data/derivatives/mri/2-simnibs-simu-left/0034/simulations/simulation_FTAF-left_a0a7d87a/subject_overlays/rh.0034_TDCS_1_scalar.central.E.normal  ->  rh.001-0032-HB_TDCS_1_scalar.central.E.normal
  /network/iss/levy/valerocabre/stimSD/Data/derivatives/mri/2-simnibs-simu-left/0034/simulations/simulation_FTAF-left_a0a7d87a/subject_overlays/rh.0034_TDCS_1_scalar.central.E.tangent  ->  rh.001-0032-HB_TDCS_1_scalar.central.E.tangent
  /network/iss/levy/valerocabre/stimSD/Data/derivatives/mri/2-simnibs-simu-left/0034/simulations/simulation_FTAF-left_a0a7d87a/subject_overlays/rh.0034_TDCS_1_scalar.central.E.angle  ->  rh.001-0032-HB_TDCS_1_scalar.central.E.angle
  /network/iss/levy/valerocabre/stimSD/Data/derivatives/mri/2-simnibs-simu-left/0034/simulations/simulation_FTAF-left_a0a7d87a/subject_overlays/lh.0034_TDCS_1_scalar.central.J.magn  ->  lh.001-0032-HB_TDCS_1_scalar.central.J.magn
  /network/iss/levy/valerocabre/stimSD/Data/derivatives/mri/2-simnibs-simu-left/0034/simulations/simulation_FTAF-left_a0a7d87a/subject_overlays/lh.0034_TDCS_1_scalar.central.J.normal  ->  lh.001-0032-HB_TDCS_1_scalar.central.J.normal
  /network/iss/levy/valerocabre/stimSD/Data/derivatives/mri/2-simnibs-simu-left/0034/simulations/simulation_FTAF-left_a0a7d87a/subject_overlays/lh.0034_TDCS_1_scalar.central.J.tangent  ->  lh.001-0032-HB_TDCS_1_scalar.central.J.tangent
  /network/iss/levy/valerocabre/stimSD/Data/derivatives/mri/2-simnibs-simu-left/0034/simulations/simulation_FTAF-left_a0a7d87a/subject_overlays/lh.0034_TDCS_1_scalar.central.J.angle  ->  lh.001-0032-HB_TDCS_1_scalar.central.J.angle
  /network/iss/levy/valerocabre/stimSD/Data/derivatives/mri/2-simnibs-simu-left/0034/simulations/simulation_FTAF-left_a0a7d87a/subject_overlays/rh.0034_TDCS_1_scalar.central.J.magn  ->  rh.001-0032-HB_TDCS_1_scalar.central.J.magn
  /network/iss/levy/valerocabre/stimSD/Data/derivatives/mri/2-simnibs-simu-left/0034/simulations/simulation_FTAF-left_a0a7d87a/subject_overlays/rh.0034_TDCS_1_scalar.central.J.normal  ->  rh.001-0032-HB_TDCS_1_scalar.central.J.normal
  /network/iss/levy/valerocabre/stimSD/Data/derivatives/mri/2-simnibs-simu-left/0034/simulations/simulation_FTAF-left_a0a7d87a/subject_overlays/rh.0034_TDCS_1_scalar.central.J.tangent  ->  rh.001-0032-HB_TDCS_1_scalar.central.J.tangent
  /network/iss/levy/valerocabre/stimSD/Data/derivatives/mri/2-simnibs-simu-left/0034/simulations/simulation_FTAF-left_a0a7d87a/subject_overlays/rh.0034_TDCS_1_scalar.central.J.angle  ->  rh.001-0032-HB_TDCS_1_scalar.central.J.angle
  /network/iss/levy/valerocabre/stimSD/Data/derivatives/mri/2-simnibs-simu-left/0034/simulations/simulation_FTAF-left_a0a7d87a/subject_overlays/0034_TDCS_1_scalar_central.msh  ->  001-0032-HB_TDCS_1_scalar_central.msh
  /network/iss/levy/valerocabre/stimSD/Data/derivatives/mri/2-simnibs-simu-left/0034/simulations/simulation_FTAF-left_a0a7d87a/subject_overlays/0034_TDCS_1_scalar_central.msh.opt  ->  001-0032-HB_TDCS_1_scalar_central.msh.opt
  /network/iss/levy/valerocabre/stimSD/Data/derivatives/mri/2-simnibs-simu-left/0034/simulations/simulation_FTAF-left_a0a7d87a/subject_volumes/0034_TDCS_1_scalar_E.nii.gz  ->  001-0032-HB_TDCS_1_scalar_E.nii.gz
  /network/iss/levy/valerocabre/stimSD/Data/derivatives/mri/2-simnibs-simu-left/0034/simulations/simulation_FTAF-left_a0a7d87a/subject_volumes/0034_TDCS_1_scalar_magnE.nii.gz  ->  001-0032-HB_TDCS_1_scalar_magnE.nii.gz
  /network/iss/levy/valerocabre/stimSD/Data/derivatives/mri/2-simnibs-simu-left/0034/simulations/simulation_FTAF-left_a0a7d87a/subject_volumes/0034_TDCS_1_scalar_J.nii.gz  ->  001-0032-HB_TDCS_1_scalar_J.nii.gz
  /network/iss/levy/valerocabre/stimSD/Data/derivatives/mri/2-simnibs-simu-left/0034/simulations/simulation_FTAF-left_a0a7d87a/subject_volumes/0034_TDCS_1_scalar_magnJ.nii.gz  ->  001-0032-HB_TDCS_1_scalar_magnJ.nii.gz
  /network/iss/levy/valerocabre/stimSD/Data/derivatives/mri/2-simnibs-simu-left/0034/simulations/simulation_FTAF-left_a0a7d87a/mni_volumes/0034_TDCS_1_scalar_MNI_E.nii.gz  ->  001-0032-HB_TDCS_1_scalar_MNI_E.nii.gz
  /network/iss/levy/valerocabre/stimSD/Data/derivatives/mri/2-simnibs-simu-left/0034/simulations/simulation_FTAF-left_a0a7d87a/mni_volumes/0034_TDCS_1_scalar_MNI_magnE.nii.gz  ->  001-0032-HB_TDCS_1_scalar_MNI_magnE.nii.gz
  /network/iss/levy/valerocabre/stimSD/Data/derivatives/mri/2-simnibs-simu-left/0034/simulations/simulation_FTAF-left_a0a7d87a/mni_volumes/0034_TDCS_1_scalar_MNI_J.nii.gz  ->  001-0032-HB_TDCS_1_scalar_MNI_J.nii.gz
  /network/iss/levy/valerocabre/stimSD/Data/derivatives/mri/2-simnibs-simu-left/0034/simulations/simulation_FTAF-left_a0a7d87a/mni_volumes/0034_TDCS_1_scalar_MNI_magnJ.nii.gz  ->  001-0032-HB_TDCS_1_scalar_MNI_magnJ.nii.gz
  /network/iss/levy/valerocabre/stimSD/Data/derivatives/mri/2-simnibs-simu-left/0034/simulations/simulation_FTAF-left_a0a7d87a/mni_volumes/0034_TDCS_1_scalar_MNI_magnE_FTAF-left_masked.nii.gz  ->  001-0032-HB_TDCS_1_scalar_MNI_magnE_FTAF-left_masked.nii.gz
  /network/iss/levy/valerocabre/stimSD/Data/derivatives/mri/2-simnibs-simu-left/0034/simulations/simulation_FTAF-left_a0a7d87a/mni_volumes/0034_TDCS_1_scalar_MNI_magnE_FTAF-left_cleaned.nii.gz  ->  001-0032-HB_TDCS_1_scalar_MNI_magnE_FTAF-left_cleaned.nii.gz
  /network/iss/levy/valerocabre/stimSD/Data/derivatives/mri/2-simnibs-simu-left/0034/simulations/simulation_FTAF-left_a0a7d87a/mni_volumes/0034_TDCS_1_scalar_MNI_magnE_extra_FTAF-left_masked.nii.gz  ->  001-0032-HB_TDCS_1_scalar_MNI_magnE_extra_FTAF-left_masked.nii.gz
  /network/iss/levy/valerocabre/stimSD/Data/derivatives/mri/2-simnibs-simu-left/0034/simulations/simulation_FTAF-left_a0a7d87a/mni_volumes/0034_TDCS_1_scalar_MNI_magnE_extra_FTAF-left_cleaned.nii.gz  ->  001-0032-HB_TDCS_1_scalar_MNI_magnE_extra_FTAF-left_cleaned.nii.gz
  /network/iss/levy/valerocabre/stimSD/Data/derivatives/mri/2-simnibs-simu-left/0037/simulations/simulation_AFFT-left_8dbde024/subject_overlays/lh.0037_TDCS_1_scalar.central.E.magn  ->  lh.001-0037-TJ_TDCS_1_scalar.central.E.magn
  /network/iss/levy/valerocabre/stimSD/Data/derivatives/mri/2-simnibs-simu-left/0037/simulations/simulation_AFFT-left_8dbde024/subject_overlays/lh.0037_TDCS_1_scalar.central.E.normal  ->  lh.001-0037-TJ_TDCS_1_scalar.central.E.normal
  /network/iss/levy/valerocabre/stimSD/Data/derivatives/mri/2-simnibs-simu-left/0037/simulations/simulation_AFFT-left_8dbde024/subject_overlays/lh.0037_TDCS_1_scalar.central.E.tangent  ->  lh.001-0037-TJ_TDCS_1_scalar.central.E.tangent
  /network/iss/levy/valerocabre/stimSD/Data/derivatives/mri/2-simnibs-simu-left/0037/simulations/simulation_AFFT-left_8dbde024/subject_overlays/lh.0037_TDCS_1_scalar.central.E.angle  ->  lh.001-0037-TJ_TDCS_1_scalar.central.E.angle
  /network/iss/levy/valerocabre/stimSD/Data/derivatives/mri/2-simnibs-simu-left/0037/simulations/simulation_AFFT-left_8dbde024/subject_overlays/rh.0037_TDCS_1_scalar.central.E.magn  ->  rh.001-0037-TJ_TDCS_1_scalar.central.E.magn
  /network/iss/levy/valerocabre/stimSD/Data/derivatives/mri/2-simnibs-simu-left/0037/simulations/simulation_AFFT-left_8dbde024/subject_overlays/rh.0037_TDCS_1_scalar.central.E.normal  ->  rh.001-0037-TJ_TDCS_1_scalar.central.E.normal
  /network/iss/levy/valerocabre/stimSD/Data/derivatives/mri/2-simnibs-simu-left/0037/simulations/simulation_AFFT-left_8dbde024/subject_overlays/rh.0037_TDCS_1_scalar.central.E.tangent  ->  rh.001-0037-TJ_TDCS_1_scalar.central.E.tangent
  /network/iss/levy/valerocabre/stimSD/Data/derivatives/mri/2-simnibs-simu-left/0037/simulations/simulation_AFFT-left_8dbde024/subject_overlays/rh.0037_TDCS_1_scalar.central.E.angle  ->  rh.001-0037-TJ_TDCS_1_scalar.central.E.angle
  /network/iss/levy/valerocabre/stimSD/Data/derivatives/mri/2-simnibs-simu-left/0037/simulations/simulation_AFFT-left_8dbde024/subject_overlays/lh.0037_TDCS_1_scalar.central.J.magn  ->  lh.001-0037-TJ_TDCS_1_scalar.central.J.magn
  /network/iss/levy/valerocabre/stimSD/Data/derivatives/mri/2-simnibs-simu-left/0037/simulations/simulation_AFFT-left_8dbde024/subject_overlays/lh.0037_TDCS_1_scalar.central.J.normal  ->  lh.001-0037-TJ_TDCS_1_scalar.central.J.normal
  /network/iss/levy/valerocabre/stimSD/Data/derivatives/mri/2-simnibs-simu-left/0037/simulations/simulation_AFFT-left_8dbde024/subject_overlays/lh.0037_TDCS_1_scalar.central.J.tangent  ->  lh.001-0037-TJ_TDCS_1_scalar.central.J.tangent
  /network/iss/levy/valerocabre/stimSD/Data/derivatives/mri/2-simnibs-simu-left/0037/simulations/simulation_AFFT-left_8dbde024/subject_overlays/lh.0037_TDCS_1_scalar.central.J.angle  ->  lh.001-0037-TJ_TDCS_1_scalar.central.J.angle
  /network/iss/levy/valerocabre/stimSD/Data/derivatives/mri/2-simnibs-simu-left/0037/simulations/simulation_AFFT-left_8dbde024/subject_overlays/rh.0037_TDCS_1_scalar.central.J.magn  ->  rh.001-0037-TJ_TDCS_1_scalar.central.J.magn
  /network/iss/levy/valerocabre/stimSD/Data/derivatives/mri/2-simnibs-simu-left/0037/simulations/simulation_AFFT-left_8dbde024/subject_overlays/rh.0037_TDCS_1_scalar.central.J.normal  ->  rh.001-0037-TJ_TDCS_1_scalar.central.J.normal
  /network/iss/levy/valerocabre/stimSD/Data/derivatives/mri/2-simnibs-simu-left/0037/simulations/simulation_AFFT-left_8dbde024/subject_overlays/rh.0037_TDCS_1_scalar.central.J.tangent  ->  rh.001-0037-TJ_TDCS_1_scalar.central.J.tangent
  /network/iss/levy/valerocabre/stimSD/Data/derivatives/mri/2-simnibs-simu-left/0037/simulations/simulation_AFFT-left_8dbde024/subject_overlays/rh.0037_TDCS_1_scalar.central.J.angle  ->  rh.001-0037-TJ_TDCS_1_scalar.central.J.angle
  /network/iss/levy/valerocabre/stimSD/Data/derivatives/mri/2-simnibs-simu-left/0037/simulations/simulation_AFFT-left_8dbde024/subject_overlays/0037_TDCS_1_scalar_central.msh  ->  001-0037-TJ_TDCS_1_scalar_central.msh
  /network/iss/levy/valerocabre/stimSD/Data/derivatives/mri/2-simnibs-simu-left/0037/simulations/simulation_AFFT-left_8dbde024/subject_overlays/0037_TDCS_1_scalar_central.msh.opt  ->  001-0037-TJ_TDCS_1_scalar_central.msh.opt
  /network/iss/levy/valerocabre/stimSD/Data/derivatives/mri/2-simnibs-simu-left/0037/simulations/simulation_AFFT-left_8dbde024/subject_volumes/0037_TDCS_1_scalar_E.nii.gz  ->  001-0037-TJ_TDCS_1_scalar_E.nii.gz
  /network/iss/levy/valerocabre/stimSD/Data/derivatives/mri/2-simnibs-simu-left/0037/simulations/simulation_AFFT-left_8dbde024/subject_volumes/0037_TDCS_1_scalar_magnE.nii.gz  ->  001-0037-TJ_TDCS_1_scalar_magnE.nii.gz
  /network/iss/levy/valerocabre/stimSD/Data/derivatives/mri/2-simnibs-simu-left/0037/simulations/simulation_AFFT-left_8dbde024/subject_volumes/0037_TDCS_1_scalar_J.nii.gz  ->  001-0037-TJ_TDCS_1_scalar_J.nii.gz
  /network/iss/levy/valerocabre/stimSD/Data/derivatives/mri/2-simnibs-simu-left/0037/simulations/simulation_AFFT-left_8dbde024/subject_volumes/0037_TDCS_1_scalar_magnJ.nii.gz  ->  001-0037-TJ_TDCS_1_scalar_magnJ.nii.gz
  /network/iss/levy/valerocabre/stimSD/Data/derivatives/mri/2-simnibs-simu-left/0037/simulations/simulation_AFFT-left_8dbde024/mni_volumes/0037_TDCS_1_scalar_MNI_E.nii.gz  ->  001-0037-TJ_TDCS_1_scalar_MNI_E.nii.gz
  /network/iss/levy/valerocabre/stimSD/Data/derivatives/mri/2-simnibs-simu-left/0037/simulations/simulation_AFFT-left_8dbde024/mni_volumes/0037_TDCS_1_scalar_MNI_magnE.nii.gz  ->  001-0037-TJ_TDCS_1_scalar_MNI_magnE.nii.gz
  /network/iss/levy/valerocabre/stimSD/Data/derivatives/mri/2-simnibs-simu-left/0037/simulations/simulation_AFFT-left_8dbde024/mni_volumes/0037_TDCS_1_scalar_MNI_J.nii.gz  ->  001-0037-TJ_TDCS_1_scalar_MNI_J.nii.gz
  /network/iss/levy/valerocabre/stimSD/Data/derivatives/mri/2-simnibs-simu-left/0037/simulations/simulation_AFFT-left_8dbde024/mni_volumes/0037_TDCS_1_scalar_MNI_magnJ.nii.gz  ->  001-0037-TJ_TDCS_1_scalar_MNI_magnJ.nii.gz
  /network/iss/levy/valerocabre/stimSD/Data/derivatives/mri/2-simnibs-simu-left/0037/simulations/simulation_AFFT-left_8dbde024/mni_volumes/0037_TDCS_1_scalar_MNI_magnE_AFFT-left_masked.nii.gz  ->  001-0037-TJ_TDCS_1_scalar_MNI_magnE_AFFT-left_masked.nii.gz
  /network/iss/levy/valerocabre/stimSD/Data/derivatives/mri/2-simnibs-simu-left/0037/simulations/simulation_AFFT-left_8dbde024/mni_volumes/0037_TDCS_1_scalar_MNI_magnE_AFFT-left_cleaned.nii.gz  ->  001-0037-TJ_TDCS_1_scalar_MNI_magnE_AFFT-left_cleaned.nii.gz
  /network/iss/levy/valerocabre/stimSD/Data/derivatives/mri/2-simnibs-simu-left/0037/simulations/simulation_AFFT-left_8dbde024/mni_volumes/0037_TDCS_1_scalar_MNI_magnE_extra_AFFT-left_masked.nii.gz  ->  001-0037-TJ_TDCS_1_scalar_MNI_magnE_extra_AFFT-left_masked.nii.gz
  /network/iss/levy/valerocabre/stimSD/Data/derivatives/mri/2-simnibs-simu-left/0037/simulations/simulation_AFFT-left_8dbde024/mni_volumes/0037_TDCS_1_scalar_MNI_magnE_extra_AFFT-left_cleaned.nii.gz  ->  001-0037-TJ_TDCS_1_scalar_MNI_magnE_extra_AFFT-left_cleaned.nii.gz
  /network/iss/levy/valerocabre/stimSD/Data/derivatives/mri/2-simnibs-simu-left/0037/simulations/simulation_FTAF-left_a0a7d87a/subject_overlays/lh.0037_TDCS_1_scalar.central.E.magn  ->  lh.001-0037-TJ_TDCS_1_scalar.central.E.magn
  /network/iss/levy/valerocabre/stimSD/Data/derivatives/mri/2-simnibs-simu-left/0037/simulations/simulation_FTAF-left_a0a7d87a/subject_overlays/lh.0037_TDCS_1_scalar.central.E.normal  ->  lh.001-0037-TJ_TDCS_1_scalar.central.E.normal
  /network/iss/levy/valerocabre/stimSD/Data/derivatives/mri/2-simnibs-simu-left/0037/simulations/simulation_FTAF-left_a0a7d87a/subject_overlays/lh.0037_TDCS_1_scalar.central.E.tangent  ->  lh.001-0037-TJ_TDCS_1_scalar.central.E.tangent
  /network/iss/levy/valerocabre/stimSD/Data/derivatives/mri/2-simnibs-simu-left/0037/simulations/simulation_FTAF-left_a0a7d87a/subject_overlays/lh.0037_TDCS_1_scalar.central.E.angle  ->  lh.001-0037-TJ_TDCS_1_scalar.central.E.angle
  /network/iss/levy/valerocabre/stimSD/Data/derivatives/mri/2-simnibs-simu-left/0037/simulations/simulation_FTAF-left_a0a7d87a/subject_overlays/rh.0037_TDCS_1_scalar.central.E.magn  ->  rh.001-0037-TJ_TDCS_1_scalar.central.E.magn
  /network/iss/levy/valerocabre/stimSD/Data/derivatives/mri/2-simnibs-simu-left/0037/simulations/simulation_FTAF-left_a0a7d87a/subject_overlays/rh.0037_TDCS_1_scalar.central.E.normal  ->  rh.001-0037-TJ_TDCS_1_scalar.central.E.normal
  /network/iss/levy/valerocabre/stimSD/Data/derivatives/mri/2-simnibs-simu-left/0037/simulations/simulation_FTAF-left_a0a7d87a/subject_overlays/rh.0037_TDCS_1_scalar.central.E.tangent  ->  rh.001-0037-TJ_TDCS_1_scalar.central.E.tangent
  /network/iss/levy/valerocabre/stimSD/Data/derivatives/mri/2-simnibs-simu-left/0037/simulations/simulation_FTAF-left_a0a7d87a/subject_overlays/rh.0037_TDCS_1_scalar.central.E.angle  ->  rh.001-0037-TJ_TDCS_1_scalar.central.E.angle
  /network/iss/levy/valerocabre/stimSD/Data/derivatives/mri/2-simnibs-simu-left/0037/simulations/simulation_FTAF-left_a0a7d87a/subject_overlays/lh.0037_TDCS_1_scalar.central.J.magn  ->  lh.001-0037-TJ_TDCS_1_scalar.central.J.magn
  /network/iss/levy/valerocabre/stimSD/Data/derivatives/mri/2-simnibs-simu-left/0037/simulations/simulation_FTAF-left_a0a7d87a/subject_overlays/lh.0037_TDCS_1_scalar.central.J.normal  ->  lh.001-0037-TJ_TDCS_1_scalar.central.J.normal
  /network/iss/levy/valerocabre/stimSD/Data/derivatives/mri/2-simnibs-simu-left/0037/simulations/simulation_FTAF-left_a0a7d87a/subject_overlays/lh.0037_TDCS_1_scalar.central.J.tangent  ->  lh.001-0037-TJ_TDCS_1_scalar.central.J.tangent
  /network/iss/levy/valerocabre/stimSD/Data/derivatives/mri/2-simnibs-simu-left/0037/simulations/simulation_FTAF-left_a0a7d87a/subject_overlays/lh.0037_TDCS_1_scalar.central.J.angle  ->  lh.001-0037-TJ_TDCS_1_scalar.central.J.angle
  /network/iss/levy/valerocabre/stimSD/Data/derivatives/mri/2-simnibs-simu-left/0037/simulations/simulation_FTAF-left_a0a7d87a/subject_overlays/rh.0037_TDCS_1_scalar.central.J.magn  ->  rh.001-0037-TJ_TDCS_1_scalar.central.J.magn
  /network/iss/levy/valerocabre/stimSD/Data/derivatives/mri/2-simnibs-simu-left/0037/simulations/simulation_FTAF-left_a0a7d87a/subject_overlays/rh.0037_TDCS_1_scalar.central.J.normal  ->  rh.001-0037-TJ_TDCS_1_scalar.central.J.normal
  /network/iss/levy/valerocabre/stimSD/Data/derivatives/mri/2-simnibs-simu-left/0037/simulations/simulation_FTAF-left_a0a7d87a/subject_overlays/rh.0037_TDCS_1_scalar.central.J.tangent  ->  rh.001-0037-TJ_TDCS_1_scalar.central.J.tangent
  /network/iss/levy/valerocabre/stimSD/Data/derivatives/mri/2-simnibs-simu-left/0037/simulations/simulation_FTAF-left_a0a7d87a/subject_overlays/rh.0037_TDCS_1_scalar.central.J.angle  ->  rh.001-0037-TJ_TDCS_1_scalar.central.J.angle
  /network/iss/levy/valerocabre/stimSD/Data/derivatives/mri/2-simnibs-simu-left/0037/simulations/simulation_FTAF-left_a0a7d87a/subject_overlays/0037_TDCS_1_scalar_central.msh  ->  001-0037-TJ_TDCS_1_scalar_central.msh
  /network/iss/levy/valerocabre/stimSD/Data/derivatives/mri/2-simnibs-simu-left/0037/simulations/simulation_FTAF-left_a0a7d87a/subject_overlays/0037_TDCS_1_scalar_central.msh.opt  ->  001-0037-TJ_TDCS_1_scalar_central.msh.opt
  /network/iss/levy/valerocabre/stimSD/Data/derivatives/mri/2-simnibs-simu-left/0037/simulations/simulation_FTAF-left_a0a7d87a/subject_volumes/0037_TDCS_1_scalar_E.nii.gz  ->  001-0037-TJ_TDCS_1_scalar_E.nii.gz
  /network/iss/levy/valerocabre/stimSD/Data/derivatives/mri/2-simnibs-simu-left/0037/simulations/simulation_FTAF-left_a0a7d87a/subject_volumes/0037_TDCS_1_scalar_magnE.nii.gz  ->  001-0037-TJ_TDCS_1_scalar_magnE.nii.gz
  /network/iss/levy/valerocabre/stimSD/Data/derivatives/mri/2-simnibs-simu-left/0037/simulations/simulation_FTAF-left_a0a7d87a/subject_volumes/0037_TDCS_1_scalar_J.nii.gz  ->  001-0037-TJ_TDCS_1_scalar_J.nii.gz
  /network/iss/levy/valerocabre/stimSD/Data/derivatives/mri/2-simnibs-simu-left/0037/simulations/simulation_FTAF-left_a0a7d87a/subject_volumes/0037_TDCS_1_scalar_magnJ.nii.gz  ->  001-0037-TJ_TDCS_1_scalar_magnJ.nii.gz
  /network/iss/levy/valerocabre/stimSD/Data/derivatives/mri/2-simnibs-simu-left/0037/simulations/simulation_FTAF-left_a0a7d87a/mni_volumes/0037_TDCS_1_scalar_MNI_E.nii.gz  ->  001-0037-TJ_TDCS_1_scalar_MNI_E.nii.gz
  /network/iss/levy/valerocabre/stimSD/Data/derivatives/mri/2-simnibs-simu-left/0037/simulations/simulation_FTAF-left_a0a7d87a/mni_volumes/0037_TDCS_1_scalar_MNI_magnE.nii.gz  ->  001-0037-TJ_TDCS_1_scalar_MNI_magnE.nii.gz
  /network/iss/levy/valerocabre/stimSD/Data/derivatives/mri/2-simnibs-simu-left/0037/simulations/simulation_FTAF-left_a0a7d87a/mni_volumes/0037_TDCS_1_scalar_MNI_J.nii.gz  ->  001-0037-TJ_TDCS_1_scalar_MNI_J.nii.gz
  /network/iss/levy/valerocabre/stimSD/Data/derivatives/mri/2-simnibs-simu-left/0037/simulations/simulation_FTAF-left_a0a7d87a/mni_volumes/0037_TDCS_1_scalar_MNI_magnJ.nii.gz  ->  001-0037-TJ_TDCS_1_scalar_MNI_magnJ.nii.gz
  /network/iss/levy/valerocabre/stimSD/Data/derivatives/mri/2-simnibs-simu-left/0037/simulations/simulation_FTAF-left_a0a7d87a/mni_volumes/0037_TDCS_1_scalar_MNI_magnE_FTAF-left_masked.nii.gz  ->  001-0037-TJ_TDCS_1_scalar_MNI_magnE_FTAF-left_masked.nii.gz
  /network/iss/levy/valerocabre/stimSD/Data/derivatives/mri/2-simnibs-simu-left/0037/simulations/simulation_FTAF-left_a0a7d87a/mni_volumes/0037_TDCS_1_scalar_MNI_magnE_FTAF-left_cleaned.nii.gz  ->  001-0037-TJ_TDCS_1_scalar_MNI_magnE_FTAF-left_cleaned.nii.gz
  /network/iss/levy/valerocabre/stimSD/Data/derivatives/mri/2-simnibs-simu-left/0037/simulations/simulation_FTAF-left_a0a7d87a/mni_volumes/0037_TDCS_1_scalar_MNI_magnE_extra_FTAF-left_masked.nii.gz  ->  001-0037-TJ_TDCS_1_scalar_MNI_magnE_extra_FTAF-left_masked.nii.gz
  /network/iss/levy/valerocabre/stimSD/Data/derivatives/mri/2-simnibs-simu-left/0037/simulations/simulation_FTAF-left_a0a7d87a/mni_volumes/0037_TDCS_1_scalar_MNI_magnE_extra_FTAF-left_cleaned.nii.gz  ->  001-0037-TJ_TDCS_1_scalar_MNI_magnE_extra_FTAF-left_cleaned.nii.gz
  /network/iss/levy/valerocabre/stimSD/Data/derivatives/mri/2-simnibs-simu-left/0046/simulations/simulation_AFFT-left_8dbde024/subject_overlays/lh.0046_TDCS_1_scalar.central.E.magn  ->  lh.001-0046-OP_TDCS_1_scalar.central.E.magn
  /network/iss/levy/valerocabre/stimSD/Data/derivatives/mri/2-simnibs-simu-left/0046/simulations/simulation_AFFT-left_8dbde024/subject_overlays/lh.0046_TDCS_1_scalar.central.E.normal  ->  lh.001-0046-OP_TDCS_1_scalar.central.E.normal
  /network/iss/levy/valerocabre/stimSD/Data/derivatives/mri/2-simnibs-simu-left/0046/simulations/simulation_AFFT-left_8dbde024/subject_overlays/lh.0046_TDCS_1_scalar.central.E.tangent  ->  lh.001-0046-OP_TDCS_1_scalar.central.E.tangent
  /network/iss/levy/valerocabre/stimSD/Data/derivatives/mri/2-simnibs-simu-left/0046/simulations/simulation_AFFT-left_8dbde024/subject_overlays/lh.0046_TDCS_1_scalar.central.E.angle  ->  lh.001-0046-OP_TDCS_1_scalar.central.E.angle
  /network/iss/levy/valerocabre/stimSD/Data/derivatives/mri/2-simnibs-simu-left/0046/simulations/simulation_AFFT-left_8dbde024/subject_overlays/rh.0046_TDCS_1_scalar.central.E.magn  ->  rh.001-0046-OP_TDCS_1_scalar.central.E.magn
  /network/iss/levy/valerocabre/stimSD/Data/derivatives/mri/2-simnibs-simu-left/0046/simulations/simulation_AFFT-left_8dbde024/subject_overlays/rh.0046_TDCS_1_scalar.central.E.normal  ->  rh.001-0046-OP_TDCS_1_scalar.central.E.normal
  /network/iss/levy/valerocabre/stimSD/Data/derivatives/mri/2-simnibs-simu-left/0046/simulations/simulation_AFFT-left_8dbde024/subject_overlays/rh.0046_TDCS_1_scalar.central.E.tangent  ->  rh.001-0046-OP_TDCS_1_scalar.central.E.tangent
  /network/iss/levy/valerocabre/stimSD/Data/derivatives/mri/2-simnibs-simu-left/0046/simulations/simulation_AFFT-left_8dbde024/subject_overlays/rh.0046_TDCS_1_scalar.central.E.angle  ->  rh.001-0046-OP_TDCS_1_scalar.central.E.angle
  /network/iss/levy/valerocabre/stimSD/Data/derivatives/mri/2-simnibs-simu-left/0046/simulations/simulation_AFFT-left_8dbde024/subject_overlays/lh.0046_TDCS_1_scalar.central.J.magn  ->  lh.001-0046-OP_TDCS_1_scalar.central.J.magn
  /network/iss/levy/valerocabre/stimSD/Data/derivatives/mri/2-simnibs-simu-left/0046/simulations/simulation_AFFT-left_8dbde024/subject_overlays/lh.0046_TDCS_1_scalar.central.J.normal  ->  lh.001-0046-OP_TDCS_1_scalar.central.J.normal
  /network/iss/levy/valerocabre/stimSD/Data/derivatives/mri/2-simnibs-simu-left/0046/simulations/simulation_AFFT-left_8dbde024/subject_overlays/lh.0046_TDCS_1_scalar.central.J.tangent  ->  lh.001-0046-OP_TDCS_1_scalar.central.J.tangent
  /network/iss/levy/valerocabre/stimSD/Data/derivatives/mri/2-simnibs-simu-left/0046/simulations/simulation_AFFT-left_8dbde024/subject_overlays/lh.0046_TDCS_1_scalar.central.J.angle  ->  lh.001-0046-OP_TDCS_1_scalar.central.J.angle
  /network/iss/levy/valerocabre/stimSD/Data/derivatives/mri/2-simnibs-simu-left/0046/simulations/simulation_AFFT-left_8dbde024/subject_overlays/rh.0046_TDCS_1_scalar.central.J.magn  ->  rh.001-0046-OP_TDCS_1_scalar.central.J.magn
  /network/iss/levy/valerocabre/stimSD/Data/derivatives/mri/2-simnibs-simu-left/0046/simulations/simulation_AFFT-left_8dbde024/subject_overlays/rh.0046_TDCS_1_scalar.central.J.normal  ->  rh.001-0046-OP_TDCS_1_scalar.central.J.normal
  /network/iss/levy/valerocabre/stimSD/Data/derivatives/mri/2-simnibs-simu-left/0046/simulations/simulation_AFFT-left_8dbde024/subject_overlays/rh.0046_TDCS_1_scalar.central.J.tangent  ->  rh.001-0046-OP_TDCS_1_scalar.central.J.tangent
  /network/iss/levy/valerocabre/stimSD/Data/derivatives/mri/2-simnibs-simu-left/0046/simulations/simulation_AFFT-left_8dbde024/subject_overlays/rh.0046_TDCS_1_scalar.central.J.angle  ->  rh.001-0046-OP_TDCS_1_scalar.central.J.angle
  /network/iss/levy/valerocabre/stimSD/Data/derivatives/mri/2-simnibs-simu-left/0046/simulations/simulation_AFFT-left_8dbde024/subject_overlays/0046_TDCS_1_scalar_central.msh  ->  001-0046-OP_TDCS_1_scalar_central.msh
  /network/iss/levy/valerocabre/stimSD/Data/derivatives/mri/2-simnibs-simu-left/0046/simulations/simulation_AFFT-left_8dbde024/subject_overlays/0046_TDCS_1_scalar_central.msh.opt  ->  001-0046-OP_TDCS_1_scalar_central.msh.opt
  /network/iss/levy/valerocabre/stimSD/Data/derivatives/mri/2-simnibs-simu-left/0046/simulations/simulation_AFFT-left_8dbde024/subject_volumes/0046_TDCS_1_scalar_E.nii.gz  ->  001-0046-OP_TDCS_1_scalar_E.nii.gz
  /network/iss/levy/valerocabre/stimSD/Data/derivatives/mri/2-simnibs-simu-left/0046/simulations/simulation_AFFT-left_8dbde024/subject_volumes/0046_TDCS_1_scalar_magnE.nii.gz  ->  001-0046-OP_TDCS_1_scalar_magnE.nii.gz
  /network/iss/levy/valerocabre/stimSD/Data/derivatives/mri/2-simnibs-simu-left/0046/simulations/simulation_AFFT-left_8dbde024/subject_volumes/0046_TDCS_1_scalar_J.nii.gz  ->  001-0046-OP_TDCS_1_scalar_J.nii.gz
  /network/iss/levy/valerocabre/stimSD/Data/derivatives/mri/2-simnibs-simu-left/0046/simulations/simulation_AFFT-left_8dbde024/subject_volumes/0046_TDCS_1_scalar_magnJ.nii.gz  ->  001-0046-OP_TDCS_1_scalar_magnJ.nii.gz
  /network/iss/levy/valerocabre/stimSD/Data/derivatives/mri/2-simnibs-simu-left/0046/simulations/simulation_AFFT-left_8dbde024/mni_volumes/0046_TDCS_1_scalar_MNI_E.nii.gz  ->  001-0046-OP_TDCS_1_scalar_MNI_E.nii.gz
  /network/iss/levy/valerocabre/stimSD/Data/derivatives/mri/2-simnibs-simu-left/0046/simulations/simulation_AFFT-left_8dbde024/mni_volumes/0046_TDCS_1_scalar_MNI_magnE.nii.gz  ->  001-0046-OP_TDCS_1_scalar_MNI_magnE.nii.gz
  /network/iss/levy/valerocabre/stimSD/Data/derivatives/mri/2-simnibs-simu-left/0046/simulations/simulation_AFFT-left_8dbde024/mni_volumes/0046_TDCS_1_scalar_MNI_J.nii.gz  ->  001-0046-OP_TDCS_1_scalar_MNI_J.nii.gz
  /network/iss/levy/valerocabre/stimSD/Data/derivatives/mri/2-simnibs-simu-left/0046/simulations/simulation_AFFT-left_8dbde024/mni_volumes/0046_TDCS_1_scalar_MNI_magnJ.nii.gz  ->  001-0046-OP_TDCS_1_scalar_MNI_magnJ.nii.gz
  /network/iss/levy/valerocabre/stimSD/Data/derivatives/mri/2-simnibs-simu-left/0046/simulations/simulation_AFFT-left_8dbde024/mni_volumes/0046_TDCS_1_scalar_MNI_magnE_AFFT-left_masked.nii.gz  ->  001-0046-OP_TDCS_1_scalar_MNI_magnE_AFFT-left_masked.nii.gz
  /network/iss/levy/valerocabre/stimSD/Data/derivatives/mri/2-simnibs-simu-left/0046/simulations/simulation_AFFT-left_8dbde024/mni_volumes/0046_TDCS_1_scalar_MNI_magnE_AFFT-left_cleaned.nii.gz  ->  001-0046-OP_TDCS_1_scalar_MNI_magnE_AFFT-left_cleaned.nii.gz
  /network/iss/levy/valerocabre/stimSD/Data/derivatives/mri/2-simnibs-simu-left/0046/simulations/simulation_AFFT-left_8dbde024/mni_volumes/0046_TDCS_1_scalar_MNI_magnE_extra_AFFT-left_masked.nii.gz  ->  001-0046-OP_TDCS_1_scalar_MNI_magnE_extra_AFFT-left_masked.nii.gz
  /network/iss/levy/valerocabre/stimSD/Data/derivatives/mri/2-simnibs-simu-left/0046/simulations/simulation_AFFT-left_8dbde024/mni_volumes/0046_TDCS_1_scalar_MNI_magnE_extra_AFFT-left_cleaned.nii.gz  ->  001-0046-OP_TDCS_1_scalar_MNI_magnE_extra_AFFT-left_cleaned.nii.gz
  /network/iss/levy/valerocabre/stimSD/Data/derivatives/mri/2-simnibs-simu-left/0046/simulations/simulation_FTAF-left_a0a7d87a/subject_overlays/lh.0046_TDCS_1_scalar.central.E.magn  ->  lh.001-0046-OP_TDCS_1_scalar.central.E.magn
  /network/iss/levy/valerocabre/stimSD/Data/derivatives/mri/2-simnibs-simu-left/0046/simulations/simulation_FTAF-left_a0a7d87a/subject_overlays/lh.0046_TDCS_1_scalar.central.E.normal  ->  lh.001-0046-OP_TDCS_1_scalar.central.E.normal
  /network/iss/levy/valerocabre/stimSD/Data/derivatives/mri/2-simnibs-simu-left/0046/simulations/simulation_FTAF-left_a0a7d87a/subject_overlays/lh.0046_TDCS_1_scalar.central.E.tangent  ->  lh.001-0046-OP_TDCS_1_scalar.central.E.tangent
  /network/iss/levy/valerocabre/stimSD/Data/derivatives/mri/2-simnibs-simu-left/0046/simulations/simulation_FTAF-left_a0a7d87a/subject_overlays/lh.0046_TDCS_1_scalar.central.E.angle  ->  lh.001-0046-OP_TDCS_1_scalar.central.E.angle
  /network/iss/levy/valerocabre/stimSD/Data/derivatives/mri/2-simnibs-simu-left/0046/simulations/simulation_FTAF-left_a0a7d87a/subject_overlays/rh.0046_TDCS_1_scalar.central.E.magn  ->  rh.001-0046-OP_TDCS_1_scalar.central.E.magn
  /network/iss/levy/valerocabre/stimSD/Data/derivatives/mri/2-simnibs-simu-left/0046/simulations/simulation_FTAF-left_a0a7d87a/subject_overlays/rh.0046_TDCS_1_scalar.central.E.normal  ->  rh.001-0046-OP_TDCS_1_scalar.central.E.normal
  /network/iss/levy/valerocabre/stimSD/Data/derivatives/mri/2-simnibs-simu-left/0046/simulations/simulation_FTAF-left_a0a7d87a/subject_overlays/rh.0046_TDCS_1_scalar.central.E.tangent  ->  rh.001-0046-OP_TDCS_1_scalar.central.E.tangent
  /network/iss/levy/valerocabre/stimSD/Data/derivatives/mri/2-simnibs-simu-left/0046/simulations/simulation_FTAF-left_a0a7d87a/subject_overlays/rh.0046_TDCS_1_scalar.central.E.angle  ->  rh.001-0046-OP_TDCS_1_scalar.central.E.angle
  /network/iss/levy/valerocabre/stimSD/Data/derivatives/mri/2-simnibs-simu-left/0046/simulations/simulation_FTAF-left_a0a7d87a/subject_overlays/lh.0046_TDCS_1_scalar.central.J.magn  ->  lh.001-0046-OP_TDCS_1_scalar.central.J.magn
  /network/iss/levy/valerocabre/stimSD/Data/derivatives/mri/2-simnibs-simu-left/0046/simulations/simulation_FTAF-left_a0a7d87a/subject_overlays/lh.0046_TDCS_1_scalar.central.J.normal  ->  lh.001-0046-OP_TDCS_1_scalar.central.J.normal
  /network/iss/levy/valerocabre/stimSD/Data/derivatives/mri/2-simnibs-simu-left/0046/simulations/simulation_FTAF-left_a0a7d87a/subject_overlays/lh.0046_TDCS_1_scalar.central.J.tangent  ->  lh.001-0046-OP_TDCS_1_scalar.central.J.tangent
  /network/iss/levy/valerocabre/stimSD/Data/derivatives/mri/2-simnibs-simu-left/0046/simulations/simulation_FTAF-left_a0a7d87a/subject_overlays/lh.0046_TDCS_1_scalar.central.J.angle  ->  lh.001-0046-OP_TDCS_1_scalar.central.J.angle
  /network/iss/levy/valerocabre/stimSD/Data/derivatives/mri/2-simnibs-simu-left/0046/simulations/simulation_FTAF-left_a0a7d87a/subject_overlays/rh.0046_TDCS_1_scalar.central.J.magn  ->  rh.001-0046-OP_TDCS_1_scalar.central.J.magn
  /network/iss/levy/valerocabre/stimSD/Data/derivatives/mri/2-simnibs-simu-left/0046/simulations/simulation_FTAF-left_a0a7d87a/subject_overlays/rh.0046_TDCS_1_scalar.central.J.normal  ->  rh.001-0046-OP_TDCS_1_scalar.central.J.normal
  /network/iss/levy/valerocabre/stimSD/Data/derivatives/mri/2-simnibs-simu-left/0046/simulations/simulation_FTAF-left_a0a7d87a/subject_overlays/rh.0046_TDCS_1_scalar.central.J.tangent  ->  rh.001-0046-OP_TDCS_1_scalar.central.J.tangent
  /network/iss/levy/valerocabre/stimSD/Data/derivatives/mri/2-simnibs-simu-left/0046/simulations/simulation_FTAF-left_a0a7d87a/subject_overlays/rh.0046_TDCS_1_scalar.central.J.angle  ->  rh.001-0046-OP_TDCS_1_scalar.central.J.angle
  /network/iss/levy/valerocabre/stimSD/Data/derivatives/mri/2-simnibs-simu-left/0046/simulations/simulation_FTAF-left_a0a7d87a/subject_overlays/0046_TDCS_1_scalar_central.msh  ->  001-0046-OP_TDCS_1_scalar_central.msh
  /network/iss/levy/valerocabre/stimSD/Data/derivatives/mri/2-simnibs-simu-left/0046/simulations/simulation_FTAF-left_a0a7d87a/subject_overlays/0046_TDCS_1_scalar_central.msh.opt  ->  001-0046-OP_TDCS_1_scalar_central.msh.opt
  /network/iss/levy/valerocabre/stimSD/Data/derivatives/mri/2-simnibs-simu-left/0046/simulations/simulation_FTAF-left_a0a7d87a/subject_volumes/0046_TDCS_1_scalar_E.nii.gz  ->  001-0046-OP_TDCS_1_scalar_E.nii.gz
  /network/iss/levy/valerocabre/stimSD/Data/derivatives/mri/2-simnibs-simu-left/0046/simulations/simulation_FTAF-left_a0a7d87a/subject_volumes/0046_TDCS_1_scalar_magnE.nii.gz  ->  001-0046-OP_TDCS_1_scalar_magnE.nii.gz
  /network/iss/levy/valerocabre/stimSD/Data/derivatives/mri/2-simnibs-simu-left/0046/simulations/simulation_FTAF-left_a0a7d87a/subject_volumes/0046_TDCS_1_scalar_J.nii.gz  ->  001-0046-OP_TDCS_1_scalar_J.nii.gz
  /network/iss/levy/valerocabre/stimSD/Data/derivatives/mri/2-simnibs-simu-left/0046/simulations/simulation_FTAF-left_a0a7d87a/subject_volumes/0046_TDCS_1_scalar_magnJ.nii.gz  ->  001-0046-OP_TDCS_1_scalar_magnJ.nii.gz
  /network/iss/levy/valerocabre/stimSD/Data/derivatives/mri/2-simnibs-simu-left/0046/simulations/simulation_FTAF-left_a0a7d87a/mni_volumes/0046_TDCS_1_scalar_MNI_E.nii.gz  ->  001-0046-OP_TDCS_1_scalar_MNI_E.nii.gz
  /network/iss/levy/valerocabre/stimSD/Data/derivatives/mri/2-simnibs-simu-left/0046/simulations/simulation_FTAF-left_a0a7d87a/mni_volumes/0046_TDCS_1_scalar_MNI_magnE.nii.gz  ->  001-0046-OP_TDCS_1_scalar_MNI_magnE.nii.gz
  /network/iss/levy/valerocabre/stimSD/Data/derivatives/mri/2-simnibs-simu-left/0046/simulations/simulation_FTAF-left_a0a7d87a/mni_volumes/0046_TDCS_1_scalar_MNI_J.nii.gz  ->  001-0046-OP_TDCS_1_scalar_MNI_J.nii.gz
  /network/iss/levy/valerocabre/stimSD/Data/derivatives/mri/2-simnibs-simu-left/0046/simulations/simulation_FTAF-left_a0a7d87a/mni_volumes/0046_TDCS_1_scalar_MNI_magnJ.nii.gz  ->  001-0046-OP_TDCS_1_scalar_MNI_magnJ.nii.gz
  /network/iss/levy/valerocabre/stimSD/Data/derivatives/mri/2-simnibs-simu-left/0046/simulations/simulation_FTAF-left_a0a7d87a/mni_volumes/0046_TDCS_1_scalar_MNI_magnE_FTAF-left_masked.nii.gz  ->  001-0046-OP_TDCS_1_scalar_MNI_magnE_FTAF-left_masked.nii.gz
  /network/iss/levy/valerocabre/stimSD/Data/derivatives/mri/2-simnibs-simu-left/0046/simulations/simulation_FTAF-left_a0a7d87a/mni_volumes/0046_TDCS_1_scalar_MNI_magnE_FTAF-left_cleaned.nii.gz  ->  001-0046-OP_TDCS_1_scalar_MNI_magnE_FTAF-left_cleaned.nii.gz
  /network/iss/levy/valerocabre/stimSD/Data/derivatives/mri/2-simnibs-simu-left/0046/simulations/simulation_FTAF-left_a0a7d87a/mni_volumes/0046_TDCS_1_scalar_MNI_magnE_extra_FTAF-left_masked.nii.gz  ->  001-0046-OP_TDCS_1_scalar_MNI_magnE_extra_FTAF-left_masked.nii.gz
  /network/iss/levy/valerocabre/stimSD/Data/derivatives/mri/2-simnibs-simu-left/0046/simulations/simulation_FTAF-left_a0a7d87a/mni_volumes/0046_TDCS_1_scalar_MNI_magnE_extra_FTAF-left_cleaned.nii.gz  ->  001-0046-OP_TDCS_1_scalar_MNI_magnE_extra_FTAF-left_cleaned.nii.gz
  /network/iss/levy/valerocabre/stimSD/Data/derivatives/mri/2-simnibs-simu-left/0043/simulations/simulation_AFFT-left_8dbde024/subject_overlays/lh.0043_TDCS_1_scalar.central.E.magn  ->  lh.001-0041-PE_TDCS_1_scalar.central.E.magn
  /network/iss/levy/valerocabre/stimSD/Data/derivatives/mri/2-simnibs-simu-left/0043/simulations/simulation_AFFT-left_8dbde024/subject_overlays/lh.0043_TDCS_1_scalar.central.E.normal  ->  lh.001-0041-PE_TDCS_1_scalar.central.E.normal
  /network/iss/levy/valerocabre/stimSD/Data/derivatives/mri/2-simnibs-simu-left/0043/simulations/simulation_AFFT-left_8dbde024/subject_overlays/lh.0043_TDCS_1_scalar.central.E.tangent  ->  lh.001-0041-PE_TDCS_1_scalar.central.E.tangent
  /network/iss/levy/valerocabre/stimSD/Data/derivatives/mri/2-simnibs-simu-left/0043/simulations/simulation_AFFT-left_8dbde024/subject_overlays/lh.0043_TDCS_1_scalar.central.E.angle  ->  lh.001-0041-PE_TDCS_1_scalar.central.E.angle
  /network/iss/levy/valerocabre/stimSD/Data/derivatives/mri/2-simnibs-simu-left/0043/simulations/simulation_AFFT-left_8dbde024/subject_overlays/rh.0043_TDCS_1_scalar.central.E.magn  ->  rh.001-0041-PE_TDCS_1_scalar.central.E.magn
  /network/iss/levy/valerocabre/stimSD/Data/derivatives/mri/2-simnibs-simu-left/0043/simulations/simulation_AFFT-left_8dbde024/subject_overlays/rh.0043_TDCS_1_scalar.central.E.normal  ->  rh.001-0041-PE_TDCS_1_scalar.central.E.normal
  /network/iss/levy/valerocabre/stimSD/Data/derivatives/mri/2-simnibs-simu-left/0043/simulations/simulation_AFFT-left_8dbde024/subject_overlays/rh.0043_TDCS_1_scalar.central.E.tangent  ->  rh.001-0041-PE_TDCS_1_scalar.central.E.tangent
  /network/iss/levy/valerocabre/stimSD/Data/derivatives/mri/2-simnibs-simu-left/0043/simulations/simulation_AFFT-left_8dbde024/subject_overlays/rh.0043_TDCS_1_scalar.central.E.angle  ->  rh.001-0041-PE_TDCS_1_scalar.central.E.angle
  /network/iss/levy/valerocabre/stimSD/Data/derivatives/mri/2-simnibs-simu-left/0043/simulations/simulation_AFFT-left_8dbde024/subject_overlays/lh.0043_TDCS_1_scalar.central.J.magn  ->  lh.001-0041-PE_TDCS_1_scalar.central.J.magn
  /network/iss/levy/valerocabre/stimSD/Data/derivatives/mri/2-simnibs-simu-left/0043/simulations/simulation_AFFT-left_8dbde024/subject_overlays/lh.0043_TDCS_1_scalar.central.J.normal  ->  lh.001-0041-PE_TDCS_1_scalar.central.J.normal
  /network/iss/levy/valerocabre/stimSD/Data/derivatives/mri/2-simnibs-simu-left/0043/simulations/simulation_AFFT-left_8dbde024/subject_overlays/lh.0043_TDCS_1_scalar.central.J.tangent  ->  lh.001-0041-PE_TDCS_1_scalar.central.J.tangent
  /network/iss/levy/valerocabre/stimSD/Data/derivatives/mri/2-simnibs-simu-left/0043/simulations/simulation_AFFT-left_8dbde024/subject_overlays/lh.0043_TDCS_1_scalar.central.J.angle  ->  lh.001-0041-PE_TDCS_1_scalar.central.J.angle
  /network/iss/levy/valerocabre/stimSD/Data/derivatives/mri/2-simnibs-simu-left/0043/simulations/simulation_AFFT-left_8dbde024/subject_overlays/rh.0043_TDCS_1_scalar.central.J.magn  ->  rh.001-0041-PE_TDCS_1_scalar.central.J.magn
  /network/iss/levy/valerocabre/stimSD/Data/derivatives/mri/2-simnibs-simu-left/0043/simulations/simulation_AFFT-left_8dbde024/subject_overlays/rh.0043_TDCS_1_scalar.central.J.normal  ->  rh.001-0041-PE_TDCS_1_scalar.central.J.normal
  /network/iss/levy/valerocabre/stimSD/Data/derivatives/mri/2-simnibs-simu-left/0043/simulations/simulation_AFFT-left_8dbde024/subject_overlays/rh.0043_TDCS_1_scalar.central.J.tangent  ->  rh.001-0041-PE_TDCS_1_scalar.central.J.tangent
  /network/iss/levy/valerocabre/stimSD/Data/derivatives/mri/2-simnibs-simu-left/0043/simulations/simulation_AFFT-left_8dbde024/subject_overlays/rh.0043_TDCS_1_scalar.central.J.angle  ->  rh.001-0041-PE_TDCS_1_scalar.central.J.angle
  /network/iss/levy/valerocabre/stimSD/Data/derivatives/mri/2-simnibs-simu-left/0043/simulations/simulation_AFFT-left_8dbde024/subject_overlays/0043_TDCS_1_scalar_central.msh  ->  001-0041-PE_TDCS_1_scalar_central.msh
  /network/iss/levy/valerocabre/stimSD/Data/derivatives/mri/2-simnibs-simu-left/0043/simulations/simulation_AFFT-left_8dbde024/subject_overlays/0043_TDCS_1_scalar_central.msh.opt  ->  001-0041-PE_TDCS_1_scalar_central.msh.opt
  /network/iss/levy/valerocabre/stimSD/Data/derivatives/mri/2-simnibs-simu-left/0043/simulations/simulation_AFFT-left_8dbde024/subject_volumes/0043_TDCS_1_scalar_E.nii.gz  ->  001-0041-PE_TDCS_1_scalar_E.nii.gz
  /network/iss/levy/valerocabre/stimSD/Data/derivatives/mri/2-simnibs-simu-left/0043/simulations/simulation_AFFT-left_8dbde024/subject_volumes/0043_TDCS_1_scalar_magnE.nii.gz  ->  001-0041-PE_TDCS_1_scalar_magnE.nii.gz
  /network/iss/levy/valerocabre/stimSD/Data/derivatives/mri/2-simnibs-simu-left/0043/simulations/simulation_AFFT-left_8dbde024/subject_volumes/0043_TDCS_1_scalar_J.nii.gz  ->  001-0041-PE_TDCS_1_scalar_J.nii.gz
  /network/iss/levy/valerocabre/stimSD/Data/derivatives/mri/2-simnibs-simu-left/0043/simulations/simulation_AFFT-left_8dbde024/subject_volumes/0043_TDCS_1_scalar_magnJ.nii.gz  ->  001-0041-PE_TDCS_1_scalar_magnJ.nii.gz
  /network/iss/levy/valerocabre/stimSD/Data/derivatives/mri/2-simnibs-simu-left/0043/simulations/simulation_AFFT-left_8dbde024/mni_volumes/0043_TDCS_1_scalar_MNI_E.nii.gz  ->  001-0041-PE_TDCS_1_scalar_MNI_E.nii.gz
  /network/iss/levy/valerocabre/stimSD/Data/derivatives/mri/2-simnibs-simu-left/0043/simulations/simulation_AFFT-left_8dbde024/mni_volumes/0043_TDCS_1_scalar_MNI_magnE.nii.gz  ->  001-0041-PE_TDCS_1_scalar_MNI_magnE.nii.gz
  /network/iss/levy/valerocabre/stimSD/Data/derivatives/mri/2-simnibs-simu-left/0043/simulations/simulation_AFFT-left_8dbde024/mni_volumes/0043_TDCS_1_scalar_MNI_J.nii.gz  ->  001-0041-PE_TDCS_1_scalar_MNI_J.nii.gz
  /network/iss/levy/valerocabre/stimSD/Data/derivatives/mri/2-simnibs-simu-left/0043/simulations/simulation_AFFT-left_8dbde024/mni_volumes/0043_TDCS_1_scalar_MNI_magnJ.nii.gz  ->  001-0041-PE_TDCS_1_scalar_MNI_magnJ.nii.gz
  /network/iss/levy/valerocabre/stimSD/Data/derivatives/mri/2-simnibs-simu-left/0043/simulations/simulation_AFFT-left_8dbde024/mni_volumes/0043_TDCS_1_scalar_MNI_magnE_AFFT-left_masked.nii.gz  ->  001-0041-PE_TDCS_1_scalar_MNI_magnE_AFFT-left_masked.nii.gz
  /network/iss/levy/valerocabre/stimSD/Data/derivatives/mri/2-simnibs-simu-left/0043/simulations/simulation_AFFT-left_8dbde024/mni_volumes/0043_TDCS_1_scalar_MNI_magnE_AFFT-left_cleaned.nii.gz  ->  001-0041-PE_TDCS_1_scalar_MNI_magnE_AFFT-left_cleaned.nii.gz
  /network/iss/levy/valerocabre/stimSD/Data/derivatives/mri/2-simnibs-simu-left/0043/simulations/simulation_AFFT-left_8dbde024/mni_volumes/0043_TDCS_1_scalar_MNI_magnE_extra_AFFT-left_masked.nii.gz  ->  001-0041-PE_TDCS_1_scalar_MNI_magnE_extra_AFFT-left_masked.nii.gz
  /network/iss/levy/valerocabre/stimSD/Data/derivatives/mri/2-simnibs-simu-left/0043/simulations/simulation_AFFT-left_8dbde024/mni_volumes/0043_TDCS_1_scalar_MNI_magnE_extra_AFFT-left_cleaned.nii.gz  ->  001-0041-PE_TDCS_1_scalar_MNI_magnE_extra_AFFT-left_cleaned.nii.gz
  /network/iss/levy/valerocabre/stimSD/Data/derivatives/mri/2-simnibs-simu-left/0043/simulations/simulation_FTAF-left_a0a7d87a/subject_overlays/lh.0043_TDCS_1_scalar.central.E.magn  ->  lh.001-0041-PE_TDCS_1_scalar.central.E.magn
  /network/iss/levy/valerocabre/stimSD/Data/derivatives/mri/2-simnibs-simu-left/0043/simulations/simulation_FTAF-left_a0a7d87a/subject_overlays/lh.0043_TDCS_1_scalar.central.E.normal  ->  lh.001-0041-PE_TDCS_1_scalar.central.E.normal
  /network/iss/levy/valerocabre/stimSD/Data/derivatives/mri/2-simnibs-simu-left/0043/simulations/simulation_FTAF-left_a0a7d87a/subject_overlays/lh.0043_TDCS_1_scalar.central.E.tangent  ->  lh.001-0041-PE_TDCS_1_scalar.central.E.tangent
  /network/iss/levy/valerocabre/stimSD/Data/derivatives/mri/2-simnibs-simu-left/0043/simulations/simulation_FTAF-left_a0a7d87a/subject_overlays/lh.0043_TDCS_1_scalar.central.E.angle  ->  lh.001-0041-PE_TDCS_1_scalar.central.E.angle
  /network/iss/levy/valerocabre/stimSD/Data/derivatives/mri/2-simnibs-simu-left/0043/simulations/simulation_FTAF-left_a0a7d87a/subject_overlays/rh.0043_TDCS_1_scalar.central.E.magn  ->  rh.001-0041-PE_TDCS_1_scalar.central.E.magn
  /network/iss/levy/valerocabre/stimSD/Data/derivatives/mri/2-simnibs-simu-left/0043/simulations/simulation_FTAF-left_a0a7d87a/subject_overlays/rh.0043_TDCS_1_scalar.central.E.normal  ->  rh.001-0041-PE_TDCS_1_scalar.central.E.normal
  /network/iss/levy/valerocabre/stimSD/Data/derivatives/mri/2-simnibs-simu-left/0043/simulations/simulation_FTAF-left_a0a7d87a/subject_overlays/rh.0043_TDCS_1_scalar.central.E.tangent  ->  rh.001-0041-PE_TDCS_1_scalar.central.E.tangent
  /network/iss/levy/valerocabre/stimSD/Data/derivatives/mri/2-simnibs-simu-left/0043/simulations/simulation_FTAF-left_a0a7d87a/subject_overlays/rh.0043_TDCS_1_scalar.central.E.angle  ->  rh.001-0041-PE_TDCS_1_scalar.central.E.angle
  /network/iss/levy/valerocabre/stimSD/Data/derivatives/mri/2-simnibs-simu-left/0043/simulations/simulation_FTAF-left_a0a7d87a/subject_overlays/lh.0043_TDCS_1_scalar.central.J.magn  ->  lh.001-0041-PE_TDCS_1_scalar.central.J.magn
  /network/iss/levy/valerocabre/stimSD/Data/derivatives/mri/2-simnibs-simu-left/0043/simulations/simulation_FTAF-left_a0a7d87a/subject_overlays/lh.0043_TDCS_1_scalar.central.J.normal  ->  lh.001-0041-PE_TDCS_1_scalar.central.J.normal
  /network/iss/levy/valerocabre/stimSD/Data/derivatives/mri/2-simnibs-simu-left/0043/simulations/simulation_FTAF-left_a0a7d87a/subject_overlays/lh.0043_TDCS_1_scalar.central.J.tangent  ->  lh.001-0041-PE_TDCS_1_scalar.central.J.tangent
  /network/iss/levy/valerocabre/stimSD/Data/derivatives/mri/2-simnibs-simu-left/0043/simulations/simulation_FTAF-left_a0a7d87a/subject_overlays/lh.0043_TDCS_1_scalar.central.J.angle  ->  lh.001-0041-PE_TDCS_1_scalar.central.J.angle
  /network/iss/levy/valerocabre/stimSD/Data/derivatives/mri/2-simnibs-simu-left/0043/simulations/simulation_FTAF-left_a0a7d87a/subject_overlays/rh.0043_TDCS_1_scalar.central.J.magn  ->  rh.001-0041-PE_TDCS_1_scalar.central.J.magn
  /network/iss/levy/valerocabre/stimSD/Data/derivatives/mri/2-simnibs-simu-left/0043/simulations/simulation_FTAF-left_a0a7d87a/subject_overlays/rh.0043_TDCS_1_scalar.central.J.normal  ->  rh.001-0041-PE_TDCS_1_scalar.central.J.normal
  /network/iss/levy/valerocabre/stimSD/Data/derivatives/mri/2-simnibs-simu-left/0043/simulations/simulation_FTAF-left_a0a7d87a/subject_overlays/rh.0043_TDCS_1_scalar.central.J.tangent  ->  rh.001-0041-PE_TDCS_1_scalar.central.J.tangent
  /network/iss/levy/valerocabre/stimSD/Data/derivatives/mri/2-simnibs-simu-left/0043/simulations/simulation_FTAF-left_a0a7d87a/subject_overlays/rh.0043_TDCS_1_scalar.central.J.angle  ->  rh.001-0041-PE_TDCS_1_scalar.central.J.angle
  /network/iss/levy/valerocabre/stimSD/Data/derivatives/mri/2-simnibs-simu-left/0043/simulations/simulation_FTAF-left_a0a7d87a/subject_overlays/0043_TDCS_1_scalar_central.msh  ->  001-0041-PE_TDCS_1_scalar_central.msh
  /network/iss/levy/valerocabre/stimSD/Data/derivatives/mri/2-simnibs-simu-left/0043/simulations/simulation_FTAF-left_a0a7d87a/subject_overlays/0043_TDCS_1_scalar_central.msh.opt  ->  001-0041-PE_TDCS_1_scalar_central.msh.opt
  /network/iss/levy/valerocabre/stimSD/Data/derivatives/mri/2-simnibs-simu-left/0043/simulations/simulation_FTAF-left_a0a7d87a/subject_volumes/0043_TDCS_1_scalar_E.nii.gz  ->  001-0041-PE_TDCS_1_scalar_E.nii.gz
  /network/iss/levy/valerocabre/stimSD/Data/derivatives/mri/2-simnibs-simu-left/0043/simulations/simulation_FTAF-left_a0a7d87a/subject_volumes/0043_TDCS_1_scalar_magnE.nii.gz  ->  001-0041-PE_TDCS_1_scalar_magnE.nii.gz
  /network/iss/levy/valerocabre/stimSD/Data/derivatives/mri/2-simnibs-simu-left/0043/simulations/simulation_FTAF-left_a0a7d87a/subject_volumes/0043_TDCS_1_scalar_J.nii.gz  ->  001-0041-PE_TDCS_1_scalar_J.nii.gz
  /network/iss/levy/valerocabre/stimSD/Data/derivatives/mri/2-simnibs-simu-left/0043/simulations/simulation_FTAF-left_a0a7d87a/subject_volumes/0043_TDCS_1_scalar_magnJ.nii.gz  ->  001-0041-PE_TDCS_1_scalar_magnJ.nii.gz
  /network/iss/levy/valerocabre/stimSD/Data/derivatives/mri/2-simnibs-simu-left/0043/simulations/simulation_FTAF-left_a0a7d87a/mni_volumes/0043_TDCS_1_scalar_MNI_E.nii.gz  ->  001-0041-PE_TDCS_1_scalar_MNI_E.nii.gz
  /network/iss/levy/valerocabre/stimSD/Data/derivatives/mri/2-simnibs-simu-left/0043/simulations/simulation_FTAF-left_a0a7d87a/mni_volumes/0043_TDCS_1_scalar_MNI_magnE.nii.gz  ->  001-0041-PE_TDCS_1_scalar_MNI_magnE.nii.gz
  /network/iss/levy/valerocabre/stimSD/Data/derivatives/mri/2-simnibs-simu-left/0043/simulations/simulation_FTAF-left_a0a7d87a/mni_volumes/0043_TDCS_1_scalar_MNI_J.nii.gz  ->  001-0041-PE_TDCS_1_scalar_MNI_J.nii.gz
  /network/iss/levy/valerocabre/stimSD/Data/derivatives/mri/2-simnibs-simu-left/0043/simulations/simulation_FTAF-left_a0a7d87a/mni_volumes/0043_TDCS_1_scalar_MNI_magnJ.nii.gz  ->  001-0041-PE_TDCS_1_scalar_MNI_magnJ.nii.gz
  /network/iss/levy/valerocabre/stimSD/Data/derivatives/mri/2-simnibs-simu-left/0043/simulations/simulation_FTAF-left_a0a7d87a/mni_volumes/0043_TDCS_1_scalar_MNI_magnE_FTAF-left_masked.nii.gz  ->  001-0041-PE_TDCS_1_scalar_MNI_magnE_FTAF-left_masked.nii.gz
  /network/iss/levy/valerocabre/stimSD/Data/derivatives/mri/2-simnibs-simu-left/0043/simulations/simulation_FTAF-left_a0a7d87a/mni_volumes/0043_TDCS_1_scalar_MNI_magnE_FTAF-left_cleaned.nii.gz  ->  001-0041-PE_TDCS_1_scalar_MNI_magnE_FTAF-left_cleaned.nii.gz
  /network/iss/levy/valerocabre/stimSD/Data/derivatives/mri/2-simnibs-simu-left/0043/simulations/simulation_FTAF-left_a0a7d87a/mni_volumes/0043_TDCS_1_scalar_MNI_magnE_extra_FTAF-left_masked.nii.gz  ->  001-0041-PE_TDCS_1_scalar_MNI_magnE_extra_FTAF-left_masked.nii.gz
  /network/iss/levy/valerocabre/stimSD/Data/derivatives/mri/2-simnibs-simu-left/0043/simulations/simulation_FTAF-left_a0a7d87a/mni_volumes/0043_TDCS_1_scalar_MNI_magnE_extra_FTAF-left_cleaned.nii.gz  ->  001-0041-PE_TDCS_1_scalar_MNI_magnE_extra_FTAF-left_cleaned.nii.gz
  /network/iss/levy/valerocabre/stimSD/Data/derivatives/mri/2-simnibs-simu-left/0048/simulations/simulation_AFFT-left_8dbde024/subject_overlays/lh.0048_TDCS_1_scalar.central.E.magn  ->  lh.001-0047-HJ_TDCS_1_scalar.central.E.magn
  /network/iss/levy/valerocabre/stimSD/Data/derivatives/mri/2-simnibs-simu-left/0048/simulations/simulation_AFFT-left_8dbde024/subject_overlays/lh.0048_TDCS_1_scalar.central.E.normal  ->  lh.001-0047-HJ_TDCS_1_scalar.central.E.normal
  /network/iss/levy/valerocabre/stimSD/Data/derivatives/mri/2-simnibs-simu-left/0048/simulations/simulation_AFFT-left_8dbde024/subject_overlays/lh.0048_TDCS_1_scalar.central.E.tangent  ->  lh.001-0047-HJ_TDCS_1_scalar.central.E.tangent
  /network/iss/levy/valerocabre/stimSD/Data/derivatives/mri/2-simnibs-simu-left/0048/simulations/simulation_AFFT-left_8dbde024/subject_overlays/lh.0048_TDCS_1_scalar.central.E.angle  ->  lh.001-0047-HJ_TDCS_1_scalar.central.E.angle
  /network/iss/levy/valerocabre/stimSD/Data/derivatives/mri/2-simnibs-simu-left/0048/simulations/simulation_AFFT-left_8dbde024/subject_overlays/rh.0048_TDCS_1_scalar.central.E.magn  ->  rh.001-0047-HJ_TDCS_1_scalar.central.E.magn
  /network/iss/levy/valerocabre/stimSD/Data/derivatives/mri/2-simnibs-simu-left/0048/simulations/simulation_AFFT-left_8dbde024/subject_overlays/rh.0048_TDCS_1_scalar.central.E.normal  ->  rh.001-0047-HJ_TDCS_1_scalar.central.E.normal
  /network/iss/levy/valerocabre/stimSD/Data/derivatives/mri/2-simnibs-simu-left/0048/simulations/simulation_AFFT-left_8dbde024/subject_overlays/rh.0048_TDCS_1_scalar.central.E.tangent  ->  rh.001-0047-HJ_TDCS_1_scalar.central.E.tangent
  /network/iss/levy/valerocabre/stimSD/Data/derivatives/mri/2-simnibs-simu-left/0048/simulations/simulation_AFFT-left_8dbde024/subject_overlays/rh.0048_TDCS_1_scalar.central.E.angle  ->  rh.001-0047-HJ_TDCS_1_scalar.central.E.angle
  /network/iss/levy/valerocabre/stimSD/Data/derivatives/mri/2-simnibs-simu-left/0048/simulations/simulation_AFFT-left_8dbde024/subject_overlays/lh.0048_TDCS_1_scalar.central.J.magn  ->  lh.001-0047-HJ_TDCS_1_scalar.central.J.magn
  /network/iss/levy/valerocabre/stimSD/Data/derivatives/mri/2-simnibs-simu-left/0048/simulations/simulation_AFFT-left_8dbde024/subject_overlays/lh.0048_TDCS_1_scalar.central.J.normal  ->  lh.001-0047-HJ_TDCS_1_scalar.central.J.normal
  /network/iss/levy/valerocabre/stimSD/Data/derivatives/mri/2-simnibs-simu-left/0048/simulations/simulation_AFFT-left_8dbde024/subject_overlays/lh.0048_TDCS_1_scalar.central.J.tangent  ->  lh.001-0047-HJ_TDCS_1_scalar.central.J.tangent
  /network/iss/levy/valerocabre/stimSD/Data/derivatives/mri/2-simnibs-simu-left/0048/simulations/simulation_AFFT-left_8dbde024/subject_overlays/lh.0048_TDCS_1_scalar.central.J.angle  ->  lh.001-0047-HJ_TDCS_1_scalar.central.J.angle
  /network/iss/levy/valerocabre/stimSD/Data/derivatives/mri/2-simnibs-simu-left/0048/simulations/simulation_AFFT-left_8dbde024/subject_overlays/rh.0048_TDCS_1_scalar.central.J.magn  ->  rh.001-0047-HJ_TDCS_1_scalar.central.J.magn
  /network/iss/levy/valerocabre/stimSD/Data/derivatives/mri/2-simnibs-simu-left/0048/simulations/simulation_AFFT-left_8dbde024/subject_overlays/rh.0048_TDCS_1_scalar.central.J.normal  ->  rh.001-0047-HJ_TDCS_1_scalar.central.J.normal
  /network/iss/levy/valerocabre/stimSD/Data/derivatives/mri/2-simnibs-simu-left/0048/simulations/simulation_AFFT-left_8dbde024/subject_overlays/rh.0048_TDCS_1_scalar.central.J.tangent  ->  rh.001-0047-HJ_TDCS_1_scalar.central.J.tangent
  /network/iss/levy/valerocabre/stimSD/Data/derivatives/mri/2-simnibs-simu-left/0048/simulations/simulation_AFFT-left_8dbde024/subject_overlays/rh.0048_TDCS_1_scalar.central.J.angle  ->  rh.001-0047-HJ_TDCS_1_scalar.central.J.angle
  /network/iss/levy/valerocabre/stimSD/Data/derivatives/mri/2-simnibs-simu-left/0048/simulations/simulation_AFFT-left_8dbde024/subject_overlays/0048_TDCS_1_scalar_central.msh  ->  001-0047-HJ_TDCS_1_scalar_central.msh
  /network/iss/levy/valerocabre/stimSD/Data/derivatives/mri/2-simnibs-simu-left/0048/simulations/simulation_AFFT-left_8dbde024/subject_overlays/0048_TDCS_1_scalar_central.msh.opt  ->  001-0047-HJ_TDCS_1_scalar_central.msh.opt
  /network/iss/levy/valerocabre/stimSD/Data/derivatives/mri/2-simnibs-simu-left/0048/simulations/simulation_AFFT-left_8dbde024/subject_volumes/0048_TDCS_1_scalar_E.nii.gz  ->  001-0047-HJ_TDCS_1_scalar_E.nii.gz
  /network/iss/levy/valerocabre/stimSD/Data/derivatives/mri/2-simnibs-simu-left/0048/simulations/simulation_AFFT-left_8dbde024/subject_volumes/0048_TDCS_1_scalar_magnE.nii.gz  ->  001-0047-HJ_TDCS_1_scalar_magnE.nii.gz
  /network/iss/levy/valerocabre/stimSD/Data/derivatives/mri/2-simnibs-simu-left/0048/simulations/simulation_AFFT-left_8dbde024/subject_volumes/0048_TDCS_1_scalar_J.nii.gz  ->  001-0047-HJ_TDCS_1_scalar_J.nii.gz
  /network/iss/levy/valerocabre/stimSD/Data/derivatives/mri/2-simnibs-simu-left/0048/simulations/simulation_AFFT-left_8dbde024/subject_volumes/0048_TDCS_1_scalar_magnJ.nii.gz  ->  001-0047-HJ_TDCS_1_scalar_magnJ.nii.gz
  /network/iss/levy/valerocabre/stimSD/Data/derivatives/mri/2-simnibs-simu-left/0048/simulations/simulation_AFFT-left_8dbde024/mni_volumes/0048_TDCS_1_scalar_MNI_E.nii.gz  ->  001-0047-HJ_TDCS_1_scalar_MNI_E.nii.gz
  /network/iss/levy/valerocabre/stimSD/Data/derivatives/mri/2-simnibs-simu-left/0048/simulations/simulation_AFFT-left_8dbde024/mni_volumes/0048_TDCS_1_scalar_MNI_magnE.nii.gz  ->  001-0047-HJ_TDCS_1_scalar_MNI_magnE.nii.gz
  /network/iss/levy/valerocabre/stimSD/Data/derivatives/mri/2-simnibs-simu-left/0048/simulations/simulation_AFFT-left_8dbde024/mni_volumes/0048_TDCS_1_scalar_MNI_J.nii.gz  ->  001-0047-HJ_TDCS_1_scalar_MNI_J.nii.gz
  /network/iss/levy/valerocabre/stimSD/Data/derivatives/mri/2-simnibs-simu-left/0048/simulations/simulation_AFFT-left_8dbde024/mni_volumes/0048_TDCS_1_scalar_MNI_magnJ.nii.gz  ->  001-0047-HJ_TDCS_1_scalar_MNI_magnJ.nii.gz
  /network/iss/levy/valerocabre/stimSD/Data/derivatives/mri/2-simnibs-simu-left/0048/simulations/simulation_AFFT-left_8dbde024/mni_volumes/0048_TDCS_1_scalar_MNI_magnE_AFFT-left_masked.nii.gz  ->  001-0047-HJ_TDCS_1_scalar_MNI_magnE_AFFT-left_masked.nii.gz
  /network/iss/levy/valerocabre/stimSD/Data/derivatives/mri/2-simnibs-simu-left/0048/simulations/simulation_AFFT-left_8dbde024/mni_volumes/0048_TDCS_1_scalar_MNI_magnE_AFFT-left_cleaned.nii.gz  ->  001-0047-HJ_TDCS_1_scalar_MNI_magnE_AFFT-left_cleaned.nii.gz
  /network/iss/levy/valerocabre/stimSD/Data/derivatives/mri/2-simnibs-simu-left/0048/simulations/simulation_AFFT-left_8dbde024/mni_volumes/0048_TDCS_1_scalar_MNI_magnE_extra_AFFT-left_masked.nii.gz  ->  001-0047-HJ_TDCS_1_scalar_MNI_magnE_extra_AFFT-left_masked.nii.gz
  /network/iss/levy/valerocabre/stimSD/Data/derivatives/mri/2-simnibs-simu-left/0048/simulations/simulation_AFFT-left_8dbde024/mni_volumes/0048_TDCS_1_scalar_MNI_magnE_extra_AFFT-left_cleaned.nii.gz  ->  001-0047-HJ_TDCS_1_scalar_MNI_magnE_extra_AFFT-left_cleaned.nii.gz
  /network/iss/levy/valerocabre/stimSD/Data/derivatives/mri/2-simnibs-simu-left/0048/simulations/simulation_FTAF-left_a0a7d87a/subject_overlays/lh.0048_TDCS_1_scalar.central.E.magn  ->  lh.001-0047-HJ_TDCS_1_scalar.central.E.magn
  /network/iss/levy/valerocabre/stimSD/Data/derivatives/mri/2-simnibs-simu-left/0048/simulations/simulation_FTAF-left_a0a7d87a/subject_overlays/lh.0048_TDCS_1_scalar.central.E.normal  ->  lh.001-0047-HJ_TDCS_1_scalar.central.E.normal
  /network/iss/levy/valerocabre/stimSD/Data/derivatives/mri/2-simnibs-simu-left/0048/simulations/simulation_FTAF-left_a0a7d87a/subject_overlays/lh.0048_TDCS_1_scalar.central.E.tangent  ->  lh.001-0047-HJ_TDCS_1_scalar.central.E.tangent
  /network/iss/levy/valerocabre/stimSD/Data/derivatives/mri/2-simnibs-simu-left/0048/simulations/simulation_FTAF-left_a0a7d87a/subject_overlays/lh.0048_TDCS_1_scalar.central.E.angle  ->  lh.001-0047-HJ_TDCS_1_scalar.central.E.angle
  /network/iss/levy/valerocabre/stimSD/Data/derivatives/mri/2-simnibs-simu-left/0048/simulations/simulation_FTAF-left_a0a7d87a/subject_overlays/rh.0048_TDCS_1_scalar.central.E.magn  ->  rh.001-0047-HJ_TDCS_1_scalar.central.E.magn
  /network/iss/levy/valerocabre/stimSD/Data/derivatives/mri/2-simnibs-simu-left/0048/simulations/simulation_FTAF-left_a0a7d87a/subject_overlays/rh.0048_TDCS_1_scalar.central.E.normal  ->  rh.001-0047-HJ_TDCS_1_scalar.central.E.normal
  /network/iss/levy/valerocabre/stimSD/Data/derivatives/mri/2-simnibs-simu-left/0048/simulations/simulation_FTAF-left_a0a7d87a/subject_overlays/rh.0048_TDCS_1_scalar.central.E.tangent  ->  rh.001-0047-HJ_TDCS_1_scalar.central.E.tangent
  /network/iss/levy/valerocabre/stimSD/Data/derivatives/mri/2-simnibs-simu-left/0048/simulations/simulation_FTAF-left_a0a7d87a/subject_overlays/rh.0048_TDCS_1_scalar.central.E.angle  ->  rh.001-0047-HJ_TDCS_1_scalar.central.E.angle
  /network/iss/levy/valerocabre/stimSD/Data/derivatives/mri/2-simnibs-simu-left/0048/simulations/simulation_FTAF-left_a0a7d87a/subject_overlays/lh.0048_TDCS_1_scalar.central.J.magn  ->  lh.001-0047-HJ_TDCS_1_scalar.central.J.magn
  /network/iss/levy/valerocabre/stimSD/Data/derivatives/mri/2-simnibs-simu-left/0048/simulations/simulation_FTAF-left_a0a7d87a/subject_overlays/lh.0048_TDCS_1_scalar.central.J.normal  ->  lh.001-0047-HJ_TDCS_1_scalar.central.J.normal
  /network/iss/levy/valerocabre/stimSD/Data/derivatives/mri/2-simnibs-simu-left/0048/simulations/simulation_FTAF-left_a0a7d87a/subject_overlays/lh.0048_TDCS_1_scalar.central.J.tangent  ->  lh.001-0047-HJ_TDCS_1_scalar.central.J.tangent
  /network/iss/levy/valerocabre/stimSD/Data/derivatives/mri/2-simnibs-simu-left/0048/simulations/simulation_FTAF-left_a0a7d87a/subject_overlays/lh.0048_TDCS_1_scalar.central.J.angle  ->  lh.001-0047-HJ_TDCS_1_scalar.central.J.angle
  /network/iss/levy/valerocabre/stimSD/Data/derivatives/mri/2-simnibs-simu-left/0048/simulations/simulation_FTAF-left_a0a7d87a/subject_overlays/rh.0048_TDCS_1_scalar.central.J.magn  ->  rh.001-0047-HJ_TDCS_1_scalar.central.J.magn
  /network/iss/levy/valerocabre/stimSD/Data/derivatives/mri/2-simnibs-simu-left/0048/simulations/simulation_FTAF-left_a0a7d87a/subject_overlays/rh.0048_TDCS_1_scalar.central.J.normal  ->  rh.001-0047-HJ_TDCS_1_scalar.central.J.normal
  /network/iss/levy/valerocabre/stimSD/Data/derivatives/mri/2-simnibs-simu-left/0048/simulations/simulation_FTAF-left_a0a7d87a/subject_overlays/rh.0048_TDCS_1_scalar.central.J.tangent  ->  rh.001-0047-HJ_TDCS_1_scalar.central.J.tangent
  /network/iss/levy/valerocabre/stimSD/Data/derivatives/mri/2-simnibs-simu-left/0048/simulations/simulation_FTAF-left_a0a7d87a/subject_overlays/rh.0048_TDCS_1_scalar.central.J.angle  ->  rh.001-0047-HJ_TDCS_1_scalar.central.J.angle
  /network/iss/levy/valerocabre/stimSD/Data/derivatives/mri/2-simnibs-simu-left/0048/simulations/simulation_FTAF-left_a0a7d87a/subject_overlays/0048_TDCS_1_scalar_central.msh  ->  001-0047-HJ_TDCS_1_scalar_central.msh
  /network/iss/levy/valerocabre/stimSD/Data/derivatives/mri/2-simnibs-simu-left/0048/simulations/simulation_FTAF-left_a0a7d87a/subject_overlays/0048_TDCS_1_scalar_central.msh.opt  ->  001-0047-HJ_TDCS_1_scalar_central.msh.opt
  /network/iss/levy/valerocabre/stimSD/Data/derivatives/mri/2-simnibs-simu-left/0048/simulations/simulation_FTAF-left_a0a7d87a/subject_volumes/0048_TDCS_1_scalar_E.nii.gz  ->  001-0047-HJ_TDCS_1_scalar_E.nii.gz
  /network/iss/levy/valerocabre/stimSD/Data/derivatives/mri/2-simnibs-simu-left/0048/simulations/simulation_FTAF-left_a0a7d87a/subject_volumes/0048_TDCS_1_scalar_magnE.nii.gz  ->  001-0047-HJ_TDCS_1_scalar_magnE.nii.gz
  /network/iss/levy/valerocabre/stimSD/Data/derivatives/mri/2-simnibs-simu-left/0048/simulations/simulation_FTAF-left_a0a7d87a/subject_volumes/0048_TDCS_1_scalar_J.nii.gz  ->  001-0047-HJ_TDCS_1_scalar_J.nii.gz
  /network/iss/levy/valerocabre/stimSD/Data/derivatives/mri/2-simnibs-simu-left/0048/simulations/simulation_FTAF-left_a0a7d87a/subject_volumes/0048_TDCS_1_scalar_magnJ.nii.gz  ->  001-0047-HJ_TDCS_1_scalar_magnJ.nii.gz
  /network/iss/levy/valerocabre/stimSD/Data/derivatives/mri/2-simnibs-simu-left/0048/simulations/simulation_FTAF-left_a0a7d87a/mni_volumes/0048_TDCS_1_scalar_MNI_E.nii.gz  ->  001-0047-HJ_TDCS_1_scalar_MNI_E.nii.gz
  /network/iss/levy/valerocabre/stimSD/Data/derivatives/mri/2-simnibs-simu-left/0048/simulations/simulation_FTAF-left_a0a7d87a/mni_volumes/0048_TDCS_1_scalar_MNI_magnE.nii.gz  ->  001-0047-HJ_TDCS_1_scalar_MNI_magnE.nii.gz
  /network/iss/levy/valerocabre/stimSD/Data/derivatives/mri/2-simnibs-simu-left/0048/simulations/simulation_FTAF-left_a0a7d87a/mni_volumes/0048_TDCS_1_scalar_MNI_J.nii.gz  ->  001-0047-HJ_TDCS_1_scalar_MNI_J.nii.gz
  /network/iss/levy/valerocabre/stimSD/Data/derivatives/mri/2-simnibs-simu-left/0048/simulations/simulation_FTAF-left_a0a7d87a/mni_volumes/0048_TDCS_1_scalar_MNI_magnJ.nii.gz  ->  001-0047-HJ_TDCS_1_scalar_MNI_magnJ.nii.gz
  /network/iss/levy/valerocabre/stimSD/Data/derivatives/mri/2-simnibs-simu-left/0048/simulations/simulation_FTAF-left_a0a7d87a/mni_volumes/0048_TDCS_1_scalar_MNI_magnE_FTAF-left_masked.nii.gz  ->  001-0047-HJ_TDCS_1_scalar_MNI_magnE_FTAF-left_masked.nii.gz
  /network/iss/levy/valerocabre/stimSD/Data/derivatives/mri/2-simnibs-simu-left/0048/simulations/simulation_FTAF-left_a0a7d87a/mni_volumes/0048_TDCS_1_scalar_MNI_magnE_FTAF-left_cleaned.nii.gz  ->  001-0047-HJ_TDCS_1_scalar_MNI_magnE_FTAF-left_cleaned.nii.gz
  /network/iss/levy/valerocabre/stimSD/Data/derivatives/mri/2-simnibs-simu-left/0048/simulations/simulation_FTAF-left_a0a7d87a/mni_volumes/0048_TDCS_1_scalar_MNI_magnE_extra_FTAF-left_masked.nii.gz  ->  001-0047-HJ_TDCS_1_scalar_MNI_magnE_extra_FTAF-left_masked.nii.gz
  /network/iss/levy/valerocabre/stimSD/Data/derivatives/mri/2-simnibs-simu-left/0048/simulations/simulation_FTAF-left_a0a7d87a/mni_volumes/0048_TDCS_1_scalar_MNI_magnE_extra_FTAF-left_cleaned.nii.gz  ->  001-0047-HJ_TDCS_1_scalar_MNI_magnE_extra_FTAF-left_cleaned.nii.gz
  /network/iss/levy/valerocabre/stimSD/Data/derivatives/mri/2-simnibs-simu-left/0050/simulations/simulation_AFFT-left_8dbde024/subject_overlays/lh.0050_TDCS_1_scalar.central.E.magn  ->  lh.001-0049-GM_TDCS_1_scalar.central.E.magn
  /network/iss/levy/valerocabre/stimSD/Data/derivatives/mri/2-simnibs-simu-left/0050/simulations/simulation_AFFT-left_8dbde024/subject_overlays/lh.0050_TDCS_1_scalar.central.E.normal  ->  lh.001-0049-GM_TDCS_1_scalar.central.E.normal
  /network/iss/levy/valerocabre/stimSD/Data/derivatives/mri/2-simnibs-simu-left/0050/simulations/simulation_AFFT-left_8dbde024/subject_overlays/lh.0050_TDCS_1_scalar.central.E.tangent  ->  lh.001-0049-GM_TDCS_1_scalar.central.E.tangent
  /network/iss/levy/valerocabre/stimSD/Data/derivatives/mri/2-simnibs-simu-left/0050/simulations/simulation_AFFT-left_8dbde024/subject_overlays/lh.0050_TDCS_1_scalar.central.E.angle  ->  lh.001-0049-GM_TDCS_1_scalar.central.E.angle
  /network/iss/levy/valerocabre/stimSD/Data/derivatives/mri/2-simnibs-simu-left/0050/simulations/simulation_AFFT-left_8dbde024/subject_overlays/rh.0050_TDCS_1_scalar.central.E.magn  ->  rh.001-0049-GM_TDCS_1_scalar.central.E.magn
  /network/iss/levy/valerocabre/stimSD/Data/derivatives/mri/2-simnibs-simu-left/0050/simulations/simulation_AFFT-left_8dbde024/subject_overlays/rh.0050_TDCS_1_scalar.central.E.normal  ->  rh.001-0049-GM_TDCS_1_scalar.central.E.normal
  /network/iss/levy/valerocabre/stimSD/Data/derivatives/mri/2-simnibs-simu-left/0050/simulations/simulation_AFFT-left_8dbde024/subject_overlays/rh.0050_TDCS_1_scalar.central.E.tangent  ->  rh.001-0049-GM_TDCS_1_scalar.central.E.tangent
  /network/iss/levy/valerocabre/stimSD/Data/derivatives/mri/2-simnibs-simu-left/0050/simulations/simulation_AFFT-left_8dbde024/subject_overlays/rh.0050_TDCS_1_scalar.central.E.angle  ->  rh.001-0049-GM_TDCS_1_scalar.central.E.angle
  /network/iss/levy/valerocabre/stimSD/Data/derivatives/mri/2-simnibs-simu-left/0050/simulations/simulation_AFFT-left_8dbde024/subject_overlays/lh.0050_TDCS_1_scalar.central.J.magn  ->  lh.001-0049-GM_TDCS_1_scalar.central.J.magn
  /network/iss/levy/valerocabre/stimSD/Data/derivatives/mri/2-simnibs-simu-left/0050/simulations/simulation_AFFT-left_8dbde024/subject_overlays/lh.0050_TDCS_1_scalar.central.J.normal  ->  lh.001-0049-GM_TDCS_1_scalar.central.J.normal
  /network/iss/levy/valerocabre/stimSD/Data/derivatives/mri/2-simnibs-simu-left/0050/simulations/simulation_AFFT-left_8dbde024/subject_overlays/lh.0050_TDCS_1_scalar.central.J.tangent  ->  lh.001-0049-GM_TDCS_1_scalar.central.J.tangent
  /network/iss/levy/valerocabre/stimSD/Data/derivatives/mri/2-simnibs-simu-left/0050/simulations/simulation_AFFT-left_8dbde024/subject_overlays/lh.0050_TDCS_1_scalar.central.J.angle  ->  lh.001-0049-GM_TDCS_1_scalar.central.J.angle
  /network/iss/levy/valerocabre/stimSD/Data/derivatives/mri/2-simnibs-simu-left/0050/simulations/simulation_AFFT-left_8dbde024/subject_overlays/rh.0050_TDCS_1_scalar.central.J.magn  ->  rh.001-0049-GM_TDCS_1_scalar.central.J.magn
  /network/iss/levy/valerocabre/stimSD/Data/derivatives/mri/2-simnibs-simu-left/0050/simulations/simulation_AFFT-left_8dbde024/subject_overlays/rh.0050_TDCS_1_scalar.central.J.normal  ->  rh.001-0049-GM_TDCS_1_scalar.central.J.normal
  /network/iss/levy/valerocabre/stimSD/Data/derivatives/mri/2-simnibs-simu-left/0050/simulations/simulation_AFFT-left_8dbde024/subject_overlays/rh.0050_TDCS_1_scalar.central.J.tangent  ->  rh.001-0049-GM_TDCS_1_scalar.central.J.tangent
  /network/iss/levy/valerocabre/stimSD/Data/derivatives/mri/2-simnibs-simu-left/0050/simulations/simulation_AFFT-left_8dbde024/subject_overlays/rh.0050_TDCS_1_scalar.central.J.angle  ->  rh.001-0049-GM_TDCS_1_scalar.central.J.angle
  /network/iss/levy/valerocabre/stimSD/Data/derivatives/mri/2-simnibs-simu-left/0050/simulations/simulation_AFFT-left_8dbde024/subject_overlays/0050_TDCS_1_scalar_central.msh  ->  001-0049-GM_TDCS_1_scalar_central.msh
  /network/iss/levy/valerocabre/stimSD/Data/derivatives/mri/2-simnibs-simu-left/0050/simulations/simulation_AFFT-left_8dbde024/subject_overlays/0050_TDCS_1_scalar_central.msh.opt  ->  001-0049-GM_TDCS_1_scalar_central.msh.opt
  /network/iss/levy/valerocabre/stimSD/Data/derivatives/mri/2-simnibs-simu-left/0050/simulations/simulation_AFFT-left_8dbde024/subject_volumes/0050_TDCS_1_scalar_E.nii.gz  ->  001-0049-GM_TDCS_1_scalar_E.nii.gz
  /network/iss/levy/valerocabre/stimSD/Data/derivatives/mri/2-simnibs-simu-left/0050/simulations/simulation_AFFT-left_8dbde024/subject_volumes/0050_TDCS_1_scalar_magnE.nii.gz  ->  001-0049-GM_TDCS_1_scalar_magnE.nii.gz
  /network/iss/levy/valerocabre/stimSD/Data/derivatives/mri/2-simnibs-simu-left/0050/simulations/simulation_AFFT-left_8dbde024/subject_volumes/0050_TDCS_1_scalar_J.nii.gz  ->  001-0049-GM_TDCS_1_scalar_J.nii.gz
  /network/iss/levy/valerocabre/stimSD/Data/derivatives/mri/2-simnibs-simu-left/0050/simulations/simulation_AFFT-left_8dbde024/subject_volumes/0050_TDCS_1_scalar_magnJ.nii.gz  ->  001-0049-GM_TDCS_1_scalar_magnJ.nii.gz
  /network/iss/levy/valerocabre/stimSD/Data/derivatives/mri/2-simnibs-simu-left/0050/simulations/simulation_AFFT-left_8dbde024/mni_volumes/0050_TDCS_1_scalar_MNI_E.nii.gz  ->  001-0049-GM_TDCS_1_scalar_MNI_E.nii.gz
  /network/iss/levy/valerocabre/stimSD/Data/derivatives/mri/2-simnibs-simu-left/0050/simulations/simulation_AFFT-left_8dbde024/mni_volumes/0050_TDCS_1_scalar_MNI_magnE.nii.gz  ->  001-0049-GM_TDCS_1_scalar_MNI_magnE.nii.gz
  /network/iss/levy/valerocabre/stimSD/Data/derivatives/mri/2-simnibs-simu-left/0050/simulations/simulation_AFFT-left_8dbde024/mni_volumes/0050_TDCS_1_scalar_MNI_J.nii.gz  ->  001-0049-GM_TDCS_1_scalar_MNI_J.nii.gz
  /network/iss/levy/valerocabre/stimSD/Data/derivatives/mri/2-simnibs-simu-left/0050/simulations/simulation_AFFT-left_8dbde024/mni_volumes/0050_TDCS_1_scalar_MNI_magnJ.nii.gz  ->  001-0049-GM_TDCS_1_scalar_MNI_magnJ.nii.gz
  /network/iss/levy/valerocabre/stimSD/Data/derivatives/mri/2-simnibs-simu-left/0050/simulations/simulation_AFFT-left_8dbde024/mni_volumes/0050_TDCS_1_scalar_MNI_magnE_AFFT-left_masked.nii.gz  ->  001-0049-GM_TDCS_1_scalar_MNI_magnE_AFFT-left_masked.nii.gz
  /network/iss/levy/valerocabre/stimSD/Data/derivatives/mri/2-simnibs-simu-left/0050/simulations/simulation_AFFT-left_8dbde024/mni_volumes/0050_TDCS_1_scalar_MNI_magnE_AFFT-left_cleaned.nii.gz  ->  001-0049-GM_TDCS_1_scalar_MNI_magnE_AFFT-left_cleaned.nii.gz
  /network/iss/levy/valerocabre/stimSD/Data/derivatives/mri/2-simnibs-simu-left/0050/simulations/simulation_AFFT-left_8dbde024/mni_volumes/0050_TDCS_1_scalar_MNI_magnE_extra_AFFT-left_masked.nii.gz  ->  001-0049-GM_TDCS_1_scalar_MNI_magnE_extra_AFFT-left_masked.nii.gz
  /network/iss/levy/valerocabre/stimSD/Data/derivatives/mri/2-simnibs-simu-left/0050/simulations/simulation_AFFT-left_8dbde024/mni_volumes/0050_TDCS_1_scalar_MNI_magnE_extra_AFFT-left_cleaned.nii.gz  ->  001-0049-GM_TDCS_1_scalar_MNI_magnE_extra_AFFT-left_cleaned.nii.gz
  /network/iss/levy/valerocabre/stimSD/Data/derivatives/mri/2-simnibs-simu-left/0050/simulations/simulation_FTAF-left_a0a7d87a/subject_overlays/lh.0050_TDCS_1_scalar.central.E.magn  ->  lh.001-0049-GM_TDCS_1_scalar.central.E.magn
  /network/iss/levy/valerocabre/stimSD/Data/derivatives/mri/2-simnibs-simu-left/0050/simulations/simulation_FTAF-left_a0a7d87a/subject_overlays/lh.0050_TDCS_1_scalar.central.E.normal  ->  lh.001-0049-GM_TDCS_1_scalar.central.E.normal
  /network/iss/levy/valerocabre/stimSD/Data/derivatives/mri/2-simnibs-simu-left/0050/simulations/simulation_FTAF-left_a0a7d87a/subject_overlays/lh.0050_TDCS_1_scalar.central.E.tangent  ->  lh.001-0049-GM_TDCS_1_scalar.central.E.tangent
  /network/iss/levy/valerocabre/stimSD/Data/derivatives/mri/2-simnibs-simu-left/0050/simulations/simulation_FTAF-left_a0a7d87a/subject_overlays/lh.0050_TDCS_1_scalar.central.E.angle  ->  lh.001-0049-GM_TDCS_1_scalar.central.E.angle
  /network/iss/levy/valerocabre/stimSD/Data/derivatives/mri/2-simnibs-simu-left/0050/simulations/simulation_FTAF-left_a0a7d87a/subject_overlays/rh.0050_TDCS_1_scalar.central.E.magn  ->  rh.001-0049-GM_TDCS_1_scalar.central.E.magn
  /network/iss/levy/valerocabre/stimSD/Data/derivatives/mri/2-simnibs-simu-left/0050/simulations/simulation_FTAF-left_a0a7d87a/subject_overlays/rh.0050_TDCS_1_scalar.central.E.normal  ->  rh.001-0049-GM_TDCS_1_scalar.central.E.normal
  /network/iss/levy/valerocabre/stimSD/Data/derivatives/mri/2-simnibs-simu-left/0050/simulations/simulation_FTAF-left_a0a7d87a/subject_overlays/rh.0050_TDCS_1_scalar.central.E.tangent  ->  rh.001-0049-GM_TDCS_1_scalar.central.E.tangent
  /network/iss/levy/valerocabre/stimSD/Data/derivatives/mri/2-simnibs-simu-left/0050/simulations/simulation_FTAF-left_a0a7d87a/subject_overlays/rh.0050_TDCS_1_scalar.central.E.angle  ->  rh.001-0049-GM_TDCS_1_scalar.central.E.angle
  /network/iss/levy/valerocabre/stimSD/Data/derivatives/mri/2-simnibs-simu-left/0050/simulations/simulation_FTAF-left_a0a7d87a/subject_overlays/lh.0050_TDCS_1_scalar.central.J.magn  ->  lh.001-0049-GM_TDCS_1_scalar.central.J.magn
  /network/iss/levy/valerocabre/stimSD/Data/derivatives/mri/2-simnibs-simu-left/0050/simulations/simulation_FTAF-left_a0a7d87a/subject_overlays/lh.0050_TDCS_1_scalar.central.J.normal  ->  lh.001-0049-GM_TDCS_1_scalar.central.J.normal
  /network/iss/levy/valerocabre/stimSD/Data/derivatives/mri/2-simnibs-simu-left/0050/simulations/simulation_FTAF-left_a0a7d87a/subject_overlays/lh.0050_TDCS_1_scalar.central.J.tangent  ->  lh.001-0049-GM_TDCS_1_scalar.central.J.tangent
  /network/iss/levy/valerocabre/stimSD/Data/derivatives/mri/2-simnibs-simu-left/0050/simulations/simulation_FTAF-left_a0a7d87a/subject_overlays/lh.0050_TDCS_1_scalar.central.J.angle  ->  lh.001-0049-GM_TDCS_1_scalar.central.J.angle
  /network/iss/levy/valerocabre/stimSD/Data/derivatives/mri/2-simnibs-simu-left/0050/simulations/simulation_FTAF-left_a0a7d87a/subject_overlays/rh.0050_TDCS_1_scalar.central.J.magn  ->  rh.001-0049-GM_TDCS_1_scalar.central.J.magn
  /network/iss/levy/valerocabre/stimSD/Data/derivatives/mri/2-simnibs-simu-left/0050/simulations/simulation_FTAF-left_a0a7d87a/subject_overlays/rh.0050_TDCS_1_scalar.central.J.normal  ->  rh.001-0049-GM_TDCS_1_scalar.central.J.normal
  /network/iss/levy/valerocabre/stimSD/Data/derivatives/mri/2-simnibs-simu-left/0050/simulations/simulation_FTAF-left_a0a7d87a/subject_overlays/rh.0050_TDCS_1_scalar.central.J.tangent  ->  rh.001-0049-GM_TDCS_1_scalar.central.J.tangent
  /network/iss/levy/valerocabre/stimSD/Data/derivatives/mri/2-simnibs-simu-left/0050/simulations/simulation_FTAF-left_a0a7d87a/subject_overlays/rh.0050_TDCS_1_scalar.central.J.angle  ->  rh.001-0049-GM_TDCS_1_scalar.central.J.angle
  /network/iss/levy/valerocabre/stimSD/Data/derivatives/mri/2-simnibs-simu-left/0050/simulations/simulation_FTAF-left_a0a7d87a/subject_overlays/0050_TDCS_1_scalar_central.msh  ->  001-0049-GM_TDCS_1_scalar_central.msh
  /network/iss/levy/valerocabre/stimSD/Data/derivatives/mri/2-simnibs-simu-left/0050/simulations/simulation_FTAF-left_a0a7d87a/subject_overlays/0050_TDCS_1_scalar_central.msh.opt  ->  001-0049-GM_TDCS_1_scalar_central.msh.opt
  /network/iss/levy/valerocabre/stimSD/Data/derivatives/mri/2-simnibs-simu-left/0050/simulations/simulation_FTAF-left_a0a7d87a/subject_volumes/0050_TDCS_1_scalar_E.nii.gz  ->  001-0049-GM_TDCS_1_scalar_E.nii.gz
  /network/iss/levy/valerocabre/stimSD/Data/derivatives/mri/2-simnibs-simu-left/0050/simulations/simulation_FTAF-left_a0a7d87a/subject_volumes/0050_TDCS_1_scalar_magnE.nii.gz  ->  001-0049-GM_TDCS_1_scalar_magnE.nii.gz
  /network/iss/levy/valerocabre/stimSD/Data/derivatives/mri/2-simnibs-simu-left/0050/simulations/simulation_FTAF-left_a0a7d87a/subject_volumes/0050_TDCS_1_scalar_J.nii.gz  ->  001-0049-GM_TDCS_1_scalar_J.nii.gz
  /network/iss/levy/valerocabre/stimSD/Data/derivatives/mri/2-simnibs-simu-left/0050/simulations/simulation_FTAF-left_a0a7d87a/subject_volumes/0050_TDCS_1_scalar_magnJ.nii.gz  ->  001-0049-GM_TDCS_1_scalar_magnJ.nii.gz
  /network/iss/levy/valerocabre/stimSD/Data/derivatives/mri/2-simnibs-simu-left/0050/simulations/simulation_FTAF-left_a0a7d87a/mni_volumes/0050_TDCS_1_scalar_MNI_E.nii.gz  ->  001-0049-GM_TDCS_1_scalar_MNI_E.nii.gz
  /network/iss/levy/valerocabre/stimSD/Data/derivatives/mri/2-simnibs-simu-left/0050/simulations/simulation_FTAF-left_a0a7d87a/mni_volumes/0050_TDCS_1_scalar_MNI_magnE.nii.gz  ->  001-0049-GM_TDCS_1_scalar_MNI_magnE.nii.gz
  /network/iss/levy/valerocabre/stimSD/Data/derivatives/mri/2-simnibs-simu-left/0050/simulations/simulation_FTAF-left_a0a7d87a/mni_volumes/0050_TDCS_1_scalar_MNI_J.nii.gz  ->  001-0049-GM_TDCS_1_scalar_MNI_J.nii.gz
  /network/iss/levy/valerocabre/stimSD/Data/derivatives/mri/2-simnibs-simu-left/0050/simulations/simulation_FTAF-left_a0a7d87a/mni_volumes/0050_TDCS_1_scalar_MNI_magnJ.nii.gz  ->  001-0049-GM_TDCS_1_scalar_MNI_magnJ.nii.gz
  /network/iss/levy/valerocabre/stimSD/Data/derivatives/mri/2-simnibs-simu-left/0050/simulations/simulation_FTAF-left_a0a7d87a/mni_volumes/0050_TDCS_1_scalar_MNI_magnE_FTAF-left_masked.nii.gz  ->  001-0049-GM_TDCS_1_scalar_MNI_magnE_FTAF-left_masked.nii.gz
  /network/iss/levy/valerocabre/stimSD/Data/derivatives/mri/2-simnibs-simu-left/0050/simulations/simulation_FTAF-left_a0a7d87a/mni_volumes/0050_TDCS_1_scalar_MNI_magnE_FTAF-left_cleaned.nii.gz  ->  001-0049-GM_TDCS_1_scalar_MNI_magnE_FTAF-left_cleaned.nii.gz
  /network/iss/levy/valerocabre/stimSD/Data/derivatives/mri/2-simnibs-simu-left/0050/simulations/simulation_FTAF-left_a0a7d87a/mni_volumes/0050_TDCS_1_scalar_MNI_magnE_extra_FTAF-left_masked.nii.gz  ->  001-0049-GM_TDCS_1_scalar_MNI_magnE_extra_FTAF-left_masked.nii.gz
  /network/iss/levy/valerocabre/stimSD/Data/derivatives/mri/2-simnibs-simu-left/0050/simulations/simulation_FTAF-left_a0a7d87a/mni_volumes/0050_TDCS_1_scalar_MNI_magnE_extra_FTAF-left_cleaned.nii.gz  ->  001-0049-GM_TDCS_1_scalar_MNI_magnE_extra_FTAF-left_cleaned.nii.gz
  /network/iss/levy/valerocabre/stimSD/Data/derivatives/mri/2-simnibs-simu-left/0052/simulations/simulation_AFFT-left_8dbde024/subject_overlays/lh.0052_TDCS_1_scalar.central.E.magn  ->  lh.001-0048-LA_TDCS_1_scalar.central.E.magn
  /network/iss/levy/valerocabre/stimSD/Data/derivatives/mri/2-simnibs-simu-left/0052/simulations/simulation_AFFT-left_8dbde024/subject_overlays/lh.0052_TDCS_1_scalar.central.E.normal  ->  lh.001-0048-LA_TDCS_1_scalar.central.E.normal
  /network/iss/levy/valerocabre/stimSD/Data/derivatives/mri/2-simnibs-simu-left/0052/simulations/simulation_AFFT-left_8dbde024/subject_overlays/lh.0052_TDCS_1_scalar.central.E.tangent  ->  lh.001-0048-LA_TDCS_1_scalar.central.E.tangent
  /network/iss/levy/valerocabre/stimSD/Data/derivatives/mri/2-simnibs-simu-left/0052/simulations/simulation_AFFT-left_8dbde024/subject_overlays/lh.0052_TDCS_1_scalar.central.E.angle  ->  lh.001-0048-LA_TDCS_1_scalar.central.E.angle
  /network/iss/levy/valerocabre/stimSD/Data/derivatives/mri/2-simnibs-simu-left/0052/simulations/simulation_AFFT-left_8dbde024/subject_overlays/rh.0052_TDCS_1_scalar.central.E.magn  ->  rh.001-0048-LA_TDCS_1_scalar.central.E.magn
  /network/iss/levy/valerocabre/stimSD/Data/derivatives/mri/2-simnibs-simu-left/0052/simulations/simulation_AFFT-left_8dbde024/subject_overlays/rh.0052_TDCS_1_scalar.central.E.normal  ->  rh.001-0048-LA_TDCS_1_scalar.central.E.normal
  /network/iss/levy/valerocabre/stimSD/Data/derivatives/mri/2-simnibs-simu-left/0052/simulations/simulation_AFFT-left_8dbde024/subject_overlays/rh.0052_TDCS_1_scalar.central.E.tangent  ->  rh.001-0048-LA_TDCS_1_scalar.central.E.tangent
  /network/iss/levy/valerocabre/stimSD/Data/derivatives/mri/2-simnibs-simu-left/0052/simulations/simulation_AFFT-left_8dbde024/subject_overlays/rh.0052_TDCS_1_scalar.central.E.angle  ->  rh.001-0048-LA_TDCS_1_scalar.central.E.angle
  /network/iss/levy/valerocabre/stimSD/Data/derivatives/mri/2-simnibs-simu-left/0052/simulations/simulation_AFFT-left_8dbde024/subject_overlays/lh.0052_TDCS_1_scalar.central.J.magn  ->  lh.001-0048-LA_TDCS_1_scalar.central.J.magn
  /network/iss/levy/valerocabre/stimSD/Data/derivatives/mri/2-simnibs-simu-left/0052/simulations/simulation_AFFT-left_8dbde024/subject_overlays/lh.0052_TDCS_1_scalar.central.J.normal  ->  lh.001-0048-LA_TDCS_1_scalar.central.J.normal
  /network/iss/levy/valerocabre/stimSD/Data/derivatives/mri/2-simnibs-simu-left/0052/simulations/simulation_AFFT-left_8dbde024/subject_overlays/lh.0052_TDCS_1_scalar.central.J.tangent  ->  lh.001-0048-LA_TDCS_1_scalar.central.J.tangent
  /network/iss/levy/valerocabre/stimSD/Data/derivatives/mri/2-simnibs-simu-left/0052/simulations/simulation_AFFT-left_8dbde024/subject_overlays/lh.0052_TDCS_1_scalar.central.J.angle  ->  lh.001-0048-LA_TDCS_1_scalar.central.J.angle
  /network/iss/levy/valerocabre/stimSD/Data/derivatives/mri/2-simnibs-simu-left/0052/simulations/simulation_AFFT-left_8dbde024/subject_overlays/rh.0052_TDCS_1_scalar.central.J.magn  ->  rh.001-0048-LA_TDCS_1_scalar.central.J.magn
  /network/iss/levy/valerocabre/stimSD/Data/derivatives/mri/2-simnibs-simu-left/0052/simulations/simulation_AFFT-left_8dbde024/subject_overlays/rh.0052_TDCS_1_scalar.central.J.normal  ->  rh.001-0048-LA_TDCS_1_scalar.central.J.normal
  /network/iss/levy/valerocabre/stimSD/Data/derivatives/mri/2-simnibs-simu-left/0052/simulations/simulation_AFFT-left_8dbde024/subject_overlays/rh.0052_TDCS_1_scalar.central.J.tangent  ->  rh.001-0048-LA_TDCS_1_scalar.central.J.tangent
  /network/iss/levy/valerocabre/stimSD/Data/derivatives/mri/2-simnibs-simu-left/0052/simulations/simulation_AFFT-left_8dbde024/subject_overlays/rh.0052_TDCS_1_scalar.central.J.angle  ->  rh.001-0048-LA_TDCS_1_scalar.central.J.angle
  /network/iss/levy/valerocabre/stimSD/Data/derivatives/mri/2-simnibs-simu-left/0052/simulations/simulation_AFFT-left_8dbde024/subject_overlays/0052_TDCS_1_scalar_central.msh  ->  001-0048-LA_TDCS_1_scalar_central.msh
  /network/iss/levy/valerocabre/stimSD/Data/derivatives/mri/2-simnibs-simu-left/0052/simulations/simulation_AFFT-left_8dbde024/subject_overlays/0052_TDCS_1_scalar_central.msh.opt  ->  001-0048-LA_TDCS_1_scalar_central.msh.opt
  /network/iss/levy/valerocabre/stimSD/Data/derivatives/mri/2-simnibs-simu-left/0052/simulations/simulation_AFFT-left_8dbde024/subject_volumes/0052_TDCS_1_scalar_E.nii.gz  ->  001-0048-LA_TDCS_1_scalar_E.nii.gz
  /network/iss/levy/valerocabre/stimSD/Data/derivatives/mri/2-simnibs-simu-left/0052/simulations/simulation_AFFT-left_8dbde024/subject_volumes/0052_TDCS_1_scalar_magnE.nii.gz  ->  001-0048-LA_TDCS_1_scalar_magnE.nii.gz
  /network/iss/levy/valerocabre/stimSD/Data/derivatives/mri/2-simnibs-simu-left/0052/simulations/simulation_AFFT-left_8dbde024/subject_volumes/0052_TDCS_1_scalar_J.nii.gz  ->  001-0048-LA_TDCS_1_scalar_J.nii.gz
  /network/iss/levy/valerocabre/stimSD/Data/derivatives/mri/2-simnibs-simu-left/0052/simulations/simulation_AFFT-left_8dbde024/subject_volumes/0052_TDCS_1_scalar_magnJ.nii.gz  ->  001-0048-LA_TDCS_1_scalar_magnJ.nii.gz
  /network/iss/levy/valerocabre/stimSD/Data/derivatives/mri/2-simnibs-simu-left/0052/simulations/simulation_AFFT-left_8dbde024/mni_volumes/0052_TDCS_1_scalar_MNI_E.nii.gz  ->  001-0048-LA_TDCS_1_scalar_MNI_E.nii.gz
  /network/iss/levy/valerocabre/stimSD/Data/derivatives/mri/2-simnibs-simu-left/0052/simulations/simulation_AFFT-left_8dbde024/mni_volumes/0052_TDCS_1_scalar_MNI_magnE.nii.gz  ->  001-0048-LA_TDCS_1_scalar_MNI_magnE.nii.gz
  /network/iss/levy/valerocabre/stimSD/Data/derivatives/mri/2-simnibs-simu-left/0052/simulations/simulation_AFFT-left_8dbde024/mni_volumes/0052_TDCS_1_scalar_MNI_J.nii.gz  ->  001-0048-LA_TDCS_1_scalar_MNI_J.nii.gz
  /network/iss/levy/valerocabre/stimSD/Data/derivatives/mri/2-simnibs-simu-left/0052/simulations/simulation_AFFT-left_8dbde024/mni_volumes/0052_TDCS_1_scalar_MNI_magnJ.nii.gz  ->  001-0048-LA_TDCS_1_scalar_MNI_magnJ.nii.gz
  /network/iss/levy/valerocabre/stimSD/Data/derivatives/mri/2-simnibs-simu-left/0052/simulations/simulation_AFFT-left_8dbde024/mni_volumes/0052_TDCS_1_scalar_MNI_magnE_AFFT-left_masked.nii.gz  ->  001-0048-LA_TDCS_1_scalar_MNI_magnE_AFFT-left_masked.nii.gz
  /network/iss/levy/valerocabre/stimSD/Data/derivatives/mri/2-simnibs-simu-left/0052/simulations/simulation_AFFT-left_8dbde024/mni_volumes/0052_TDCS_1_scalar_MNI_magnE_AFFT-left_cleaned.nii.gz  ->  001-0048-LA_TDCS_1_scalar_MNI_magnE_AFFT-left_cleaned.nii.gz
  /network/iss/levy/valerocabre/stimSD/Data/derivatives/mri/2-simnibs-simu-left/0052/simulations/simulation_AFFT-left_8dbde024/mni_volumes/0052_TDCS_1_scalar_MNI_magnE_extra_AFFT-left_masked.nii.gz  ->  001-0048-LA_TDCS_1_scalar_MNI_magnE_extra_AFFT-left_masked.nii.gz
  /network/iss/levy/valerocabre/stimSD/Data/derivatives/mri/2-simnibs-simu-left/0052/simulations/simulation_AFFT-left_8dbde024/mni_volumes/0052_TDCS_1_scalar_MNI_magnE_extra_AFFT-left_cleaned.nii.gz  ->  001-0048-LA_TDCS_1_scalar_MNI_magnE_extra_AFFT-left_cleaned.nii.gz
  /network/iss/levy/valerocabre/stimSD/Data/derivatives/mri/2-simnibs-simu-left/0052/simulations/simulation_FTAF-left_a0a7d87a/subject_overlays/lh.0052_TDCS_1_scalar.central.E.magn  ->  lh.001-0048-LA_TDCS_1_scalar.central.E.magn
  /network/iss/levy/valerocabre/stimSD/Data/derivatives/mri/2-simnibs-simu-left/0052/simulations/simulation_FTAF-left_a0a7d87a/subject_overlays/lh.0052_TDCS_1_scalar.central.E.normal  ->  lh.001-0048-LA_TDCS_1_scalar.central.E.normal
  /network/iss/levy/valerocabre/stimSD/Data/derivatives/mri/2-simnibs-simu-left/0052/simulations/simulation_FTAF-left_a0a7d87a/subject_overlays/lh.0052_TDCS_1_scalar.central.E.tangent  ->  lh.001-0048-LA_TDCS_1_scalar.central.E.tangent
  /network/iss/levy/valerocabre/stimSD/Data/derivatives/mri/2-simnibs-simu-left/0052/simulations/simulation_FTAF-left_a0a7d87a/subject_overlays/lh.0052_TDCS_1_scalar.central.E.angle  ->  lh.001-0048-LA_TDCS_1_scalar.central.E.angle
  /network/iss/levy/valerocabre/stimSD/Data/derivatives/mri/2-simnibs-simu-left/0052/simulations/simulation_FTAF-left_a0a7d87a/subject_overlays/rh.0052_TDCS_1_scalar.central.E.magn  ->  rh.001-0048-LA_TDCS_1_scalar.central.E.magn
  /network/iss/levy/valerocabre/stimSD/Data/derivatives/mri/2-simnibs-simu-left/0052/simulations/simulation_FTAF-left_a0a7d87a/subject_overlays/rh.0052_TDCS_1_scalar.central.E.normal  ->  rh.001-0048-LA_TDCS_1_scalar.central.E.normal
  /network/iss/levy/valerocabre/stimSD/Data/derivatives/mri/2-simnibs-simu-left/0052/simulations/simulation_FTAF-left_a0a7d87a/subject_overlays/rh.0052_TDCS_1_scalar.central.E.tangent  ->  rh.001-0048-LA_TDCS_1_scalar.central.E.tangent
  /network/iss/levy/valerocabre/stimSD/Data/derivatives/mri/2-simnibs-simu-left/0052/simulations/simulation_FTAF-left_a0a7d87a/subject_overlays/rh.0052_TDCS_1_scalar.central.E.angle  ->  rh.001-0048-LA_TDCS_1_scalar.central.E.angle
  /network/iss/levy/valerocabre/stimSD/Data/derivatives/mri/2-simnibs-simu-left/0052/simulations/simulation_FTAF-left_a0a7d87a/subject_overlays/lh.0052_TDCS_1_scalar.central.J.magn  ->  lh.001-0048-LA_TDCS_1_scalar.central.J.magn
  /network/iss/levy/valerocabre/stimSD/Data/derivatives/mri/2-simnibs-simu-left/0052/simulations/simulation_FTAF-left_a0a7d87a/subject_overlays/lh.0052_TDCS_1_scalar.central.J.normal  ->  lh.001-0048-LA_TDCS_1_scalar.central.J.normal
  /network/iss/levy/valerocabre/stimSD/Data/derivatives/mri/2-simnibs-simu-left/0052/simulations/simulation_FTAF-left_a0a7d87a/subject_overlays/lh.0052_TDCS_1_scalar.central.J.tangent  ->  lh.001-0048-LA_TDCS_1_scalar.central.J.tangent
  /network/iss/levy/valerocabre/stimSD/Data/derivatives/mri/2-simnibs-simu-left/0052/simulations/simulation_FTAF-left_a0a7d87a/subject_overlays/lh.0052_TDCS_1_scalar.central.J.angle  ->  lh.001-0048-LA_TDCS_1_scalar.central.J.angle
  /network/iss/levy/valerocabre/stimSD/Data/derivatives/mri/2-simnibs-simu-left/0052/simulations/simulation_FTAF-left_a0a7d87a/subject_overlays/rh.0052_TDCS_1_scalar.central.J.magn  ->  rh.001-0048-LA_TDCS_1_scalar.central.J.magn
  /network/iss/levy/valerocabre/stimSD/Data/derivatives/mri/2-simnibs-simu-left/0052/simulations/simulation_FTAF-left_a0a7d87a/subject_overlays/rh.0052_TDCS_1_scalar.central.J.normal  ->  rh.001-0048-LA_TDCS_1_scalar.central.J.normal
  /network/iss/levy/valerocabre/stimSD/Data/derivatives/mri/2-simnibs-simu-left/0052/simulations/simulation_FTAF-left_a0a7d87a/subject_overlays/rh.0052_TDCS_1_scalar.central.J.tangent  ->  rh.001-0048-LA_TDCS_1_scalar.central.J.tangent
  /network/iss/levy/valerocabre/stimSD/Data/derivatives/mri/2-simnibs-simu-left/0052/simulations/simulation_FTAF-left_a0a7d87a/subject_overlays/rh.0052_TDCS_1_scalar.central.J.angle  ->  rh.001-0048-LA_TDCS_1_scalar.central.J.angle
  /network/iss/levy/valerocabre/stimSD/Data/derivatives/mri/2-simnibs-simu-left/0052/simulations/simulation_FTAF-left_a0a7d87a/subject_overlays/0052_TDCS_1_scalar_central.msh  ->  001-0048-LA_TDCS_1_scalar_central.msh
  /network/iss/levy/valerocabre/stimSD/Data/derivatives/mri/2-simnibs-simu-left/0052/simulations/simulation_FTAF-left_a0a7d87a/subject_overlays/0052_TDCS_1_scalar_central.msh.opt  ->  001-0048-LA_TDCS_1_scalar_central.msh.opt
  /network/iss/levy/valerocabre/stimSD/Data/derivatives/mri/2-simnibs-simu-left/0052/simulations/simulation_FTAF-left_a0a7d87a/subject_volumes/0052_TDCS_1_scalar_E.nii.gz  ->  001-0048-LA_TDCS_1_scalar_E.nii.gz
  /network/iss/levy/valerocabre/stimSD/Data/derivatives/mri/2-simnibs-simu-left/0052/simulations/simulation_FTAF-left_a0a7d87a/subject_volumes/0052_TDCS_1_scalar_magnE.nii.gz  ->  001-0048-LA_TDCS_1_scalar_magnE.nii.gz
  /network/iss/levy/valerocabre/stimSD/Data/derivatives/mri/2-simnibs-simu-left/0052/simulations/simulation_FTAF-left_a0a7d87a/subject_volumes/0052_TDCS_1_scalar_J.nii.gz  ->  001-0048-LA_TDCS_1_scalar_J.nii.gz
  /network/iss/levy/valerocabre/stimSD/Data/derivatives/mri/2-simnibs-simu-left/0052/simulations/simulation_FTAF-left_a0a7d87a/subject_volumes/0052_TDCS_1_scalar_magnJ.nii.gz  ->  001-0048-LA_TDCS_1_scalar_magnJ.nii.gz
  /network/iss/levy/valerocabre/stimSD/Data/derivatives/mri/2-simnibs-simu-left/0052/simulations/simulation_FTAF-left_a0a7d87a/mni_volumes/0052_TDCS_1_scalar_MNI_E.nii.gz  ->  001-0048-LA_TDCS_1_scalar_MNI_E.nii.gz
  /network/iss/levy/valerocabre/stimSD/Data/derivatives/mri/2-simnibs-simu-left/0052/simulations/simulation_FTAF-left_a0a7d87a/mni_volumes/0052_TDCS_1_scalar_MNI_magnE.nii.gz  ->  001-0048-LA_TDCS_1_scalar_MNI_magnE.nii.gz
  /network/iss/levy/valerocabre/stimSD/Data/derivatives/mri/2-simnibs-simu-left/0052/simulations/simulation_FTAF-left_a0a7d87a/mni_volumes/0052_TDCS_1_scalar_MNI_J.nii.gz  ->  001-0048-LA_TDCS_1_scalar_MNI_J.nii.gz
  /network/iss/levy/valerocabre/stimSD/Data/derivatives/mri/2-simnibs-simu-left/0052/simulations/simulation_FTAF-left_a0a7d87a/mni_volumes/0052_TDCS_1_scalar_MNI_magnJ.nii.gz  ->  001-0048-LA_TDCS_1_scalar_MNI_magnJ.nii.gz
  /network/iss/levy/valerocabre/stimSD/Data/derivatives/mri/2-simnibs-simu-left/0052/simulations/simulation_FTAF-left_a0a7d87a/mni_volumes/0052_TDCS_1_scalar_MNI_magnE_FTAF-left_masked.nii.gz  ->  001-0048-LA_TDCS_1_scalar_MNI_magnE_FTAF-left_masked.nii.gz
  /network/iss/levy/valerocabre/stimSD/Data/derivatives/mri/2-simnibs-simu-left/0052/simulations/simulation_FTAF-left_a0a7d87a/mni_volumes/0052_TDCS_1_scalar_MNI_magnE_FTAF-left_cleaned.nii.gz  ->  001-0048-LA_TDCS_1_scalar_MNI_magnE_FTAF-left_cleaned.nii.gz
  /network/iss/levy/valerocabre/stimSD/Data/derivatives/mri/2-simnibs-simu-left/0052/simulations/simulation_FTAF-left_a0a7d87a/mni_volumes/0052_TDCS_1_scalar_MNI_magnE_extra_FTAF-left_masked.nii.gz  ->  001-0048-LA_TDCS_1_scalar_MNI_magnE_extra_FTAF-left_masked.nii.gz
  /network/iss/levy/valerocabre/stimSD/Data/derivatives/mri/2-simnibs-simu-left/0052/simulations/simulation_FTAF-left_a0a7d87a/mni_volumes/0052_TDCS_1_scalar_MNI_magnE_extra_FTAF-left_cleaned.nii.gz  ->  001-0048-LA_TDCS_1_scalar_MNI_magnE_extra_FTAF-left_cleaned.nii.gz
  /network/iss/levy/valerocabre/stimSD/Data/derivatives/mri/2-simnibs-simu-left/0053/simulations/simulation_AFFT-left_8dbde024/subject_overlays/lh.0053_TDCS_1_scalar.central.E.magn  ->  lh.001-0050-AB_TDCS_1_scalar.central.E.magn
  /network/iss/levy/valerocabre/stimSD/Data/derivatives/mri/2-simnibs-simu-left/0053/simulations/simulation_AFFT-left_8dbde024/subject_overlays/lh.0053_TDCS_1_scalar.central.E.normal  ->  lh.001-0050-AB_TDCS_1_scalar.central.E.normal
  /network/iss/levy/valerocabre/stimSD/Data/derivatives/mri/2-simnibs-simu-left/0053/simulations/simulation_AFFT-left_8dbde024/subject_overlays/lh.0053_TDCS_1_scalar.central.E.tangent  ->  lh.001-0050-AB_TDCS_1_scalar.central.E.tangent
  /network/iss/levy/valerocabre/stimSD/Data/derivatives/mri/2-simnibs-simu-left/0053/simulations/simulation_AFFT-left_8dbde024/subject_overlays/lh.0053_TDCS_1_scalar.central.E.angle  ->  lh.001-0050-AB_TDCS_1_scalar.central.E.angle
  /network/iss/levy/valerocabre/stimSD/Data/derivatives/mri/2-simnibs-simu-left/0053/simulations/simulation_AFFT-left_8dbde024/subject_overlays/rh.0053_TDCS_1_scalar.central.E.magn  ->  rh.001-0050-AB_TDCS_1_scalar.central.E.magn
  /network/iss/levy/valerocabre/stimSD/Data/derivatives/mri/2-simnibs-simu-left/0053/simulations/simulation_AFFT-left_8dbde024/subject_overlays/rh.0053_TDCS_1_scalar.central.E.normal  ->  rh.001-0050-AB_TDCS_1_scalar.central.E.normal
  /network/iss/levy/valerocabre/stimSD/Data/derivatives/mri/2-simnibs-simu-left/0053/simulations/simulation_AFFT-left_8dbde024/subject_overlays/rh.0053_TDCS_1_scalar.central.E.tangent  ->  rh.001-0050-AB_TDCS_1_scalar.central.E.tangent
  /network/iss/levy/valerocabre/stimSD/Data/derivatives/mri/2-simnibs-simu-left/0053/simulations/simulation_AFFT-left_8dbde024/subject_overlays/rh.0053_TDCS_1_scalar.central.E.angle  ->  rh.001-0050-AB_TDCS_1_scalar.central.E.angle
  /network/iss/levy/valerocabre/stimSD/Data/derivatives/mri/2-simnibs-simu-left/0053/simulations/simulation_AFFT-left_8dbde024/subject_overlays/lh.0053_TDCS_1_scalar.central.J.magn  ->  lh.001-0050-AB_TDCS_1_scalar.central.J.magn
  /network/iss/levy/valerocabre/stimSD/Data/derivatives/mri/2-simnibs-simu-left/0053/simulations/simulation_AFFT-left_8dbde024/subject_overlays/lh.0053_TDCS_1_scalar.central.J.normal  ->  lh.001-0050-AB_TDCS_1_scalar.central.J.normal
  /network/iss/levy/valerocabre/stimSD/Data/derivatives/mri/2-simnibs-simu-left/0053/simulations/simulation_AFFT-left_8dbde024/subject_overlays/lh.0053_TDCS_1_scalar.central.J.tangent  ->  lh.001-0050-AB_TDCS_1_scalar.central.J.tangent
  /network/iss/levy/valerocabre/stimSD/Data/derivatives/mri/2-simnibs-simu-left/0053/simulations/simulation_AFFT-left_8dbde024/subject_overlays/lh.0053_TDCS_1_scalar.central.J.angle  ->  lh.001-0050-AB_TDCS_1_scalar.central.J.angle
  /network/iss/levy/valerocabre/stimSD/Data/derivatives/mri/2-simnibs-simu-left/0053/simulations/simulation_AFFT-left_8dbde024/subject_overlays/rh.0053_TDCS_1_scalar.central.J.magn  ->  rh.001-0050-AB_TDCS_1_scalar.central.J.magn
  /network/iss/levy/valerocabre/stimSD/Data/derivatives/mri/2-simnibs-simu-left/0053/simulations/simulation_AFFT-left_8dbde024/subject_overlays/rh.0053_TDCS_1_scalar.central.J.normal  ->  rh.001-0050-AB_TDCS_1_scalar.central.J.normal
  /network/iss/levy/valerocabre/stimSD/Data/derivatives/mri/2-simnibs-simu-left/0053/simulations/simulation_AFFT-left_8dbde024/subject_overlays/rh.0053_TDCS_1_scalar.central.J.tangent  ->  rh.001-0050-AB_TDCS_1_scalar.central.J.tangent
  /network/iss/levy/valerocabre/stimSD/Data/derivatives/mri/2-simnibs-simu-left/0053/simulations/simulation_AFFT-left_8dbde024/subject_overlays/rh.0053_TDCS_1_scalar.central.J.angle  ->  rh.001-0050-AB_TDCS_1_scalar.central.J.angle
  /network/iss/levy/valerocabre/stimSD/Data/derivatives/mri/2-simnibs-simu-left/0053/simulations/simulation_AFFT-left_8dbde024/subject_overlays/0053_TDCS_1_scalar_central.msh  ->  001-0050-AB_TDCS_1_scalar_central.msh
  /network/iss/levy/valerocabre/stimSD/Data/derivatives/mri/2-simnibs-simu-left/0053/simulations/simulation_AFFT-left_8dbde024/subject_overlays/0053_TDCS_1_scalar_central.msh.opt  ->  001-0050-AB_TDCS_1_scalar_central.msh.opt
  /network/iss/levy/valerocabre/stimSD/Data/derivatives/mri/2-simnibs-simu-left/0053/simulations/simulation_AFFT-left_8dbde024/subject_volumes/0053_TDCS_1_scalar_E.nii.gz  ->  001-0050-AB_TDCS_1_scalar_E.nii.gz
  /network/iss/levy/valerocabre/stimSD/Data/derivatives/mri/2-simnibs-simu-left/0053/simulations/simulation_AFFT-left_8dbde024/subject_volumes/0053_TDCS_1_scalar_magnE.nii.gz  ->  001-0050-AB_TDCS_1_scalar_magnE.nii.gz
  /network/iss/levy/valerocabre/stimSD/Data/derivatives/mri/2-simnibs-simu-left/0053/simulations/simulation_AFFT-left_8dbde024/subject_volumes/0053_TDCS_1_scalar_J.nii.gz  ->  001-0050-AB_TDCS_1_scalar_J.nii.gz
  /network/iss/levy/valerocabre/stimSD/Data/derivatives/mri/2-simnibs-simu-left/0053/simulations/simulation_AFFT-left_8dbde024/subject_volumes/0053_TDCS_1_scalar_magnJ.nii.gz  ->  001-0050-AB_TDCS_1_scalar_magnJ.nii.gz
  /network/iss/levy/valerocabre/stimSD/Data/derivatives/mri/2-simnibs-simu-left/0053/simulations/simulation_AFFT-left_8dbde024/mni_volumes/0053_TDCS_1_scalar_MNI_E.nii.gz  ->  001-0050-AB_TDCS_1_scalar_MNI_E.nii.gz
  /network/iss/levy/valerocabre/stimSD/Data/derivatives/mri/2-simnibs-simu-left/0053/simulations/simulation_AFFT-left_8dbde024/mni_volumes/0053_TDCS_1_scalar_MNI_magnE.nii.gz  ->  001-0050-AB_TDCS_1_scalar_MNI_magnE.nii.gz
  /network/iss/levy/valerocabre/stimSD/Data/derivatives/mri/2-simnibs-simu-left/0053/simulations/simulation_AFFT-left_8dbde024/mni_volumes/0053_TDCS_1_scalar_MNI_J.nii.gz  ->  001-0050-AB_TDCS_1_scalar_MNI_J.nii.gz
  /network/iss/levy/valerocabre/stimSD/Data/derivatives/mri/2-simnibs-simu-left/0053/simulations/simulation_AFFT-left_8dbde024/mni_volumes/0053_TDCS_1_scalar_MNI_magnJ.nii.gz  ->  001-0050-AB_TDCS_1_scalar_MNI_magnJ.nii.gz
  /network/iss/levy/valerocabre/stimSD/Data/derivatives/mri/2-simnibs-simu-left/0053/simulations/simulation_AFFT-left_8dbde024/mni_volumes/0053_TDCS_1_scalar_MNI_magnE_AFFT-left_masked.nii.gz  ->  001-0050-AB_TDCS_1_scalar_MNI_magnE_AFFT-left_masked.nii.gz
  /network/iss/levy/valerocabre/stimSD/Data/derivatives/mri/2-simnibs-simu-left/0053/simulations/simulation_AFFT-left_8dbde024/mni_volumes/0053_TDCS_1_scalar_MNI_magnE_AFFT-left_cleaned.nii.gz  ->  001-0050-AB_TDCS_1_scalar_MNI_magnE_AFFT-left_cleaned.nii.gz
  /network/iss/levy/valerocabre/stimSD/Data/derivatives/mri/2-simnibs-simu-left/0053/simulations/simulation_AFFT-left_8dbde024/mni_volumes/0053_TDCS_1_scalar_MNI_magnE_extra_AFFT-left_masked.nii.gz  ->  001-0050-AB_TDCS_1_scalar_MNI_magnE_extra_AFFT-left_masked.nii.gz
  /network/iss/levy/valerocabre/stimSD/Data/derivatives/mri/2-simnibs-simu-left/0053/simulations/simulation_AFFT-left_8dbde024/mni_volumes/0053_TDCS_1_scalar_MNI_magnE_extra_AFFT-left_cleaned.nii.gz  ->  001-0050-AB_TDCS_1_scalar_MNI_magnE_extra_AFFT-left_cleaned.nii.gz
  /network/iss/levy/valerocabre/stimSD/Data/derivatives/mri/2-simnibs-simu-left/0053/simulations/simulation_FTAF-left_a0a7d87a/subject_overlays/lh.0053_TDCS_1_scalar.central.E.magn  ->  lh.001-0050-AB_TDCS_1_scalar.central.E.magn
  /network/iss/levy/valerocabre/stimSD/Data/derivatives/mri/2-simnibs-simu-left/0053/simulations/simulation_FTAF-left_a0a7d87a/subject_overlays/lh.0053_TDCS_1_scalar.central.E.normal  ->  lh.001-0050-AB_TDCS_1_scalar.central.E.normal
  /network/iss/levy/valerocabre/stimSD/Data/derivatives/mri/2-simnibs-simu-left/0053/simulations/simulation_FTAF-left_a0a7d87a/subject_overlays/lh.0053_TDCS_1_scalar.central.E.tangent  ->  lh.001-0050-AB_TDCS_1_scalar.central.E.tangent
  /network/iss/levy/valerocabre/stimSD/Data/derivatives/mri/2-simnibs-simu-left/0053/simulations/simulation_FTAF-left_a0a7d87a/subject_overlays/lh.0053_TDCS_1_scalar.central.E.angle  ->  lh.001-0050-AB_TDCS_1_scalar.central.E.angle
  /network/iss/levy/valerocabre/stimSD/Data/derivatives/mri/2-simnibs-simu-left/0053/simulations/simulation_FTAF-left_a0a7d87a/subject_overlays/rh.0053_TDCS_1_scalar.central.E.magn  ->  rh.001-0050-AB_TDCS_1_scalar.central.E.magn
  /network/iss/levy/valerocabre/stimSD/Data/derivatives/mri/2-simnibs-simu-left/0053/simulations/simulation_FTAF-left_a0a7d87a/subject_overlays/rh.0053_TDCS_1_scalar.central.E.normal  ->  rh.001-0050-AB_TDCS_1_scalar.central.E.normal
  /network/iss/levy/valerocabre/stimSD/Data/derivatives/mri/2-simnibs-simu-left/0053/simulations/simulation_FTAF-left_a0a7d87a/subject_overlays/rh.0053_TDCS_1_scalar.central.E.tangent  ->  rh.001-0050-AB_TDCS_1_scalar.central.E.tangent
  /network/iss/levy/valerocabre/stimSD/Data/derivatives/mri/2-simnibs-simu-left/0053/simulations/simulation_FTAF-left_a0a7d87a/subject_overlays/rh.0053_TDCS_1_scalar.central.E.angle  ->  rh.001-0050-AB_TDCS_1_scalar.central.E.angle
  /network/iss/levy/valerocabre/stimSD/Data/derivatives/mri/2-simnibs-simu-left/0053/simulations/simulation_FTAF-left_a0a7d87a/subject_overlays/lh.0053_TDCS_1_scalar.central.J.magn  ->  lh.001-0050-AB_TDCS_1_scalar.central.J.magn
  /network/iss/levy/valerocabre/stimSD/Data/derivatives/mri/2-simnibs-simu-left/0053/simulations/simulation_FTAF-left_a0a7d87a/subject_overlays/lh.0053_TDCS_1_scalar.central.J.normal  ->  lh.001-0050-AB_TDCS_1_scalar.central.J.normal
  /network/iss/levy/valerocabre/stimSD/Data/derivatives/mri/2-simnibs-simu-left/0053/simulations/simulation_FTAF-left_a0a7d87a/subject_overlays/lh.0053_TDCS_1_scalar.central.J.tangent  ->  lh.001-0050-AB_TDCS_1_scalar.central.J.tangent
  /network/iss/levy/valerocabre/stimSD/Data/derivatives/mri/2-simnibs-simu-left/0053/simulations/simulation_FTAF-left_a0a7d87a/subject_overlays/lh.0053_TDCS_1_scalar.central.J.angle  ->  lh.001-0050-AB_TDCS_1_scalar.central.J.angle
  /network/iss/levy/valerocabre/stimSD/Data/derivatives/mri/2-simnibs-simu-left/0053/simulations/simulation_FTAF-left_a0a7d87a/subject_overlays/rh.0053_TDCS_1_scalar.central.J.magn  ->  rh.001-0050-AB_TDCS_1_scalar.central.J.magn
  /network/iss/levy/valerocabre/stimSD/Data/derivatives/mri/2-simnibs-simu-left/0053/simulations/simulation_FTAF-left_a0a7d87a/subject_overlays/rh.0053_TDCS_1_scalar.central.J.normal  ->  rh.001-0050-AB_TDCS_1_scalar.central.J.normal
  /network/iss/levy/valerocabre/stimSD/Data/derivatives/mri/2-simnibs-simu-left/0053/simulations/simulation_FTAF-left_a0a7d87a/subject_overlays/rh.0053_TDCS_1_scalar.central.J.tangent  ->  rh.001-0050-AB_TDCS_1_scalar.central.J.tangent
  /network/iss/levy/valerocabre/stimSD/Data/derivatives/mri/2-simnibs-simu-left/0053/simulations/simulation_FTAF-left_a0a7d87a/subject_overlays/rh.0053_TDCS_1_scalar.central.J.angle  ->  rh.001-0050-AB_TDCS_1_scalar.central.J.angle
  /network/iss/levy/valerocabre/stimSD/Data/derivatives/mri/2-simnibs-simu-left/0053/simulations/simulation_FTAF-left_a0a7d87a/subject_overlays/0053_TDCS_1_scalar_central.msh  ->  001-0050-AB_TDCS_1_scalar_central.msh
  /network/iss/levy/valerocabre/stimSD/Data/derivatives/mri/2-simnibs-simu-left/0053/simulations/simulation_FTAF-left_a0a7d87a/subject_overlays/0053_TDCS_1_scalar_central.msh.opt  ->  001-0050-AB_TDCS_1_scalar_central.msh.opt
  /network/iss/levy/valerocabre/stimSD/Data/derivatives/mri/2-simnibs-simu-left/0053/simulations/simulation_FTAF-left_a0a7d87a/subject_volumes/0053_TDCS_1_scalar_E.nii.gz  ->  001-0050-AB_TDCS_1_scalar_E.nii.gz
  /network/iss/levy/valerocabre/stimSD/Data/derivatives/mri/2-simnibs-simu-left/0053/simulations/simulation_FTAF-left_a0a7d87a/subject_volumes/0053_TDCS_1_scalar_magnE.nii.gz  ->  001-0050-AB_TDCS_1_scalar_magnE.nii.gz
  /network/iss/levy/valerocabre/stimSD/Data/derivatives/mri/2-simnibs-simu-left/0053/simulations/simulation_FTAF-left_a0a7d87a/subject_volumes/0053_TDCS_1_scalar_J.nii.gz  ->  001-0050-AB_TDCS_1_scalar_J.nii.gz
  /network/iss/levy/valerocabre/stimSD/Data/derivatives/mri/2-simnibs-simu-left/0053/simulations/simulation_FTAF-left_a0a7d87a/subject_volumes/0053_TDCS_1_scalar_magnJ.nii.gz  ->  001-0050-AB_TDCS_1_scalar_magnJ.nii.gz
  /network/iss/levy/valerocabre/stimSD/Data/derivatives/mri/2-simnibs-simu-left/0053/simulations/simulation_FTAF-left_a0a7d87a/mni_volumes/0053_TDCS_1_scalar_MNI_E.nii.gz  ->  001-0050-AB_TDCS_1_scalar_MNI_E.nii.gz
  /network/iss/levy/valerocabre/stimSD/Data/derivatives/mri/2-simnibs-simu-left/0053/simulations/simulation_FTAF-left_a0a7d87a/mni_volumes/0053_TDCS_1_scalar_MNI_magnE.nii.gz  ->  001-0050-AB_TDCS_1_scalar_MNI_magnE.nii.gz
  /network/iss/levy/valerocabre/stimSD/Data/derivatives/mri/2-simnibs-simu-left/0053/simulations/simulation_FTAF-left_a0a7d87a/mni_volumes/0053_TDCS_1_scalar_MNI_J.nii.gz  ->  001-0050-AB_TDCS_1_scalar_MNI_J.nii.gz
  /network/iss/levy/valerocabre/stimSD/Data/derivatives/mri/2-simnibs-simu-left/0053/simulations/simulation_FTAF-left_a0a7d87a/mni_volumes/0053_TDCS_1_scalar_MNI_magnJ.nii.gz  ->  001-0050-AB_TDCS_1_scalar_MNI_magnJ.nii.gz
  /network/iss/levy/valerocabre/stimSD/Data/derivatives/mri/2-simnibs-simu-left/0053/simulations/simulation_FTAF-left_a0a7d87a/mni_volumes/0053_TDCS_1_scalar_MNI_magnE_FTAF-left_masked.nii.gz  ->  001-0050-AB_TDCS_1_scalar_MNI_magnE_FTAF-left_masked.nii.gz
  /network/iss/levy/valerocabre/stimSD/Data/derivatives/mri/2-simnibs-simu-left/0053/simulations/simulation_FTAF-left_a0a7d87a/mni_volumes/0053_TDCS_1_scalar_MNI_magnE_FTAF-left_cleaned.nii.gz  ->  001-0050-AB_TDCS_1_scalar_MNI_magnE_FTAF-left_cleaned.nii.gz
  /network/iss/levy/valerocabre/stimSD/Data/derivatives/mri/2-simnibs-simu-left/0053/simulations/simulation_FTAF-left_a0a7d87a/mni_volumes/0053_TDCS_1_scalar_MNI_magnE_extra_FTAF-left_masked.nii.gz  ->  001-0050-AB_TDCS_1_scalar_MNI_magnE_extra_FTAF-left_masked.nii.gz
  /network/iss/levy/valerocabre/stimSD/Data/derivatives/mri/2-simnibs-simu-left/0053/simulations/simulation_FTAF-left_a0a7d87a/mni_volumes/0053_TDCS_1_scalar_MNI_magnE_extra_FTAF-left_cleaned.nii.gz  ->  001-0050-AB_TDCS_1_scalar_MNI_magnE_extra_FTAF-left_cleaned.nii.gz
  /network/iss/levy/valerocabre/stimSD/Data/derivatives/mri/2-simnibs-simu-left/0054/simulations/simulation_AFFT-left_8dbde024/subject_overlays/lh.0054_TDCS_1_scalar.central.E.magn  ->  lh.001-0054-DC_TDCS_1_scalar.central.E.magn
  /network/iss/levy/valerocabre/stimSD/Data/derivatives/mri/2-simnibs-simu-left/0054/simulations/simulation_AFFT-left_8dbde024/subject_overlays/lh.0054_TDCS_1_scalar.central.E.normal  ->  lh.001-0054-DC_TDCS_1_scalar.central.E.normal
  /network/iss/levy/valerocabre/stimSD/Data/derivatives/mri/2-simnibs-simu-left/0054/simulations/simulation_AFFT-left_8dbde024/subject_overlays/lh.0054_TDCS_1_scalar.central.E.tangent  ->  lh.001-0054-DC_TDCS_1_scalar.central.E.tangent
  /network/iss/levy/valerocabre/stimSD/Data/derivatives/mri/2-simnibs-simu-left/0054/simulations/simulation_AFFT-left_8dbde024/subject_overlays/lh.0054_TDCS_1_scalar.central.E.angle  ->  lh.001-0054-DC_TDCS_1_scalar.central.E.angle
  /network/iss/levy/valerocabre/stimSD/Data/derivatives/mri/2-simnibs-simu-left/0054/simulations/simulation_AFFT-left_8dbde024/subject_overlays/rh.0054_TDCS_1_scalar.central.E.magn  ->  rh.001-0054-DC_TDCS_1_scalar.central.E.magn
  /network/iss/levy/valerocabre/stimSD/Data/derivatives/mri/2-simnibs-simu-left/0054/simulations/simulation_AFFT-left_8dbde024/subject_overlays/rh.0054_TDCS_1_scalar.central.E.normal  ->  rh.001-0054-DC_TDCS_1_scalar.central.E.normal
  /network/iss/levy/valerocabre/stimSD/Data/derivatives/mri/2-simnibs-simu-left/0054/simulations/simulation_AFFT-left_8dbde024/subject_overlays/rh.0054_TDCS_1_scalar.central.E.tangent  ->  rh.001-0054-DC_TDCS_1_scalar.central.E.tangent
  /network/iss/levy/valerocabre/stimSD/Data/derivatives/mri/2-simnibs-simu-left/0054/simulations/simulation_AFFT-left_8dbde024/subject_overlays/rh.0054_TDCS_1_scalar.central.E.angle  ->  rh.001-0054-DC_TDCS_1_scalar.central.E.angle
  /network/iss/levy/valerocabre/stimSD/Data/derivatives/mri/2-simnibs-simu-left/0054/simulations/simulation_AFFT-left_8dbde024/subject_overlays/lh.0054_TDCS_1_scalar.central.J.magn  ->  lh.001-0054-DC_TDCS_1_scalar.central.J.magn
  /network/iss/levy/valerocabre/stimSD/Data/derivatives/mri/2-simnibs-simu-left/0054/simulations/simulation_AFFT-left_8dbde024/subject_overlays/lh.0054_TDCS_1_scalar.central.J.normal  ->  lh.001-0054-DC_TDCS_1_scalar.central.J.normal
  /network/iss/levy/valerocabre/stimSD/Data/derivatives/mri/2-simnibs-simu-left/0054/simulations/simulation_AFFT-left_8dbde024/subject_overlays/lh.0054_TDCS_1_scalar.central.J.tangent  ->  lh.001-0054-DC_TDCS_1_scalar.central.J.tangent
  /network/iss/levy/valerocabre/stimSD/Data/derivatives/mri/2-simnibs-simu-left/0054/simulations/simulation_AFFT-left_8dbde024/subject_overlays/lh.0054_TDCS_1_scalar.central.J.angle  ->  lh.001-0054-DC_TDCS_1_scalar.central.J.angle
  /network/iss/levy/valerocabre/stimSD/Data/derivatives/mri/2-simnibs-simu-left/0054/simulations/simulation_AFFT-left_8dbde024/subject_overlays/rh.0054_TDCS_1_scalar.central.J.magn  ->  rh.001-0054-DC_TDCS_1_scalar.central.J.magn
  /network/iss/levy/valerocabre/stimSD/Data/derivatives/mri/2-simnibs-simu-left/0054/simulations/simulation_AFFT-left_8dbde024/subject_overlays/rh.0054_TDCS_1_scalar.central.J.normal  ->  rh.001-0054-DC_TDCS_1_scalar.central.J.normal
  /network/iss/levy/valerocabre/stimSD/Data/derivatives/mri/2-simnibs-simu-left/0054/simulations/simulation_AFFT-left_8dbde024/subject_overlays/rh.0054_TDCS_1_scalar.central.J.tangent  ->  rh.001-0054-DC_TDCS_1_scalar.central.J.tangent
  /network/iss/levy/valerocabre/stimSD/Data/derivatives/mri/2-simnibs-simu-left/0054/simulations/simulation_AFFT-left_8dbde024/subject_overlays/rh.0054_TDCS_1_scalar.central.J.angle  ->  rh.001-0054-DC_TDCS_1_scalar.central.J.angle
  /network/iss/levy/valerocabre/stimSD/Data/derivatives/mri/2-simnibs-simu-left/0054/simulations/simulation_AFFT-left_8dbde024/subject_overlays/0054_TDCS_1_scalar_central.msh  ->  001-0054-DC_TDCS_1_scalar_central.msh
  /network/iss/levy/valerocabre/stimSD/Data/derivatives/mri/2-simnibs-simu-left/0054/simulations/simulation_AFFT-left_8dbde024/subject_overlays/0054_TDCS_1_scalar_central.msh.opt  ->  001-0054-DC_TDCS_1_scalar_central.msh.opt
  /network/iss/levy/valerocabre/stimSD/Data/derivatives/mri/2-simnibs-simu-left/0054/simulations/simulation_AFFT-left_8dbde024/subject_volumes/0054_TDCS_1_scalar_E.nii.gz  ->  001-0054-DC_TDCS_1_scalar_E.nii.gz
  /network/iss/levy/valerocabre/stimSD/Data/derivatives/mri/2-simnibs-simu-left/0054/simulations/simulation_AFFT-left_8dbde024/subject_volumes/0054_TDCS_1_scalar_magnE.nii.gz  ->  001-0054-DC_TDCS_1_scalar_magnE.nii.gz
  /network/iss/levy/valerocabre/stimSD/Data/derivatives/mri/2-simnibs-simu-left/0054/simulations/simulation_AFFT-left_8dbde024/subject_volumes/0054_TDCS_1_scalar_J.nii.gz  ->  001-0054-DC_TDCS_1_scalar_J.nii.gz
  /network/iss/levy/valerocabre/stimSD/Data/derivatives/mri/2-simnibs-simu-left/0054/simulations/simulation_AFFT-left_8dbde024/subject_volumes/0054_TDCS_1_scalar_magnJ.nii.gz  ->  001-0054-DC_TDCS_1_scalar_magnJ.nii.gz
  /network/iss/levy/valerocabre/stimSD/Data/derivatives/mri/2-simnibs-simu-left/0054/simulations/simulation_AFFT-left_8dbde024/mni_volumes/0054_TDCS_1_scalar_MNI_E.nii.gz  ->  001-0054-DC_TDCS_1_scalar_MNI_E.nii.gz
  /network/iss/levy/valerocabre/stimSD/Data/derivatives/mri/2-simnibs-simu-left/0054/simulations/simulation_AFFT-left_8dbde024/mni_volumes/0054_TDCS_1_scalar_MNI_magnE.nii.gz  ->  001-0054-DC_TDCS_1_scalar_MNI_magnE.nii.gz
  /network/iss/levy/valerocabre/stimSD/Data/derivatives/mri/2-simnibs-simu-left/0054/simulations/simulation_AFFT-left_8dbde024/mni_volumes/0054_TDCS_1_scalar_MNI_J.nii.gz  ->  001-0054-DC_TDCS_1_scalar_MNI_J.nii.gz
  /network/iss/levy/valerocabre/stimSD/Data/derivatives/mri/2-simnibs-simu-left/0054/simulations/simulation_AFFT-left_8dbde024/mni_volumes/0054_TDCS_1_scalar_MNI_magnJ.nii.gz  ->  001-0054-DC_TDCS_1_scalar_MNI_magnJ.nii.gz
  /network/iss/levy/valerocabre/stimSD/Data/derivatives/mri/2-simnibs-simu-left/0054/simulations/simulation_AFFT-left_8dbde024/mni_volumes/0054_TDCS_1_scalar_MNI_magnE_AFFT-left_masked.nii.gz  ->  001-0054-DC_TDCS_1_scalar_MNI_magnE_AFFT-left_masked.nii.gz
  /network/iss/levy/valerocabre/stimSD/Data/derivatives/mri/2-simnibs-simu-left/0054/simulations/simulation_AFFT-left_8dbde024/mni_volumes/0054_TDCS_1_scalar_MNI_magnE_AFFT-left_cleaned.nii.gz  ->  001-0054-DC_TDCS_1_scalar_MNI_magnE_AFFT-left_cleaned.nii.gz
  /network/iss/levy/valerocabre/stimSD/Data/derivatives/mri/2-simnibs-simu-left/0054/simulations/simulation_AFFT-left_8dbde024/mni_volumes/0054_TDCS_1_scalar_MNI_magnE_extra_AFFT-left_masked.nii.gz  ->  001-0054-DC_TDCS_1_scalar_MNI_magnE_extra_AFFT-left_masked.nii.gz
  /network/iss/levy/valerocabre/stimSD/Data/derivatives/mri/2-simnibs-simu-left/0054/simulations/simulation_AFFT-left_8dbde024/mni_volumes/0054_TDCS_1_scalar_MNI_magnE_extra_AFFT-left_cleaned.nii.gz  ->  001-0054-DC_TDCS_1_scalar_MNI_magnE_extra_AFFT-left_cleaned.nii.gz
  /network/iss/levy/valerocabre/stimSD/Data/derivatives/mri/2-simnibs-simu-left/0054/simulations/simulation_FTAF-left_a0a7d87a/subject_overlays/lh.0054_TDCS_1_scalar.central.E.magn  ->  lh.001-0054-DC_TDCS_1_scalar.central.E.magn
  /network/iss/levy/valerocabre/stimSD/Data/derivatives/mri/2-simnibs-simu-left/0054/simulations/simulation_FTAF-left_a0a7d87a/subject_overlays/lh.0054_TDCS_1_scalar.central.E.normal  ->  lh.001-0054-DC_TDCS_1_scalar.central.E.normal
  /network/iss/levy/valerocabre/stimSD/Data/derivatives/mri/2-simnibs-simu-left/0054/simulations/simulation_FTAF-left_a0a7d87a/subject_overlays/lh.0054_TDCS_1_scalar.central.E.tangent  ->  lh.001-0054-DC_TDCS_1_scalar.central.E.tangent
  /network/iss/levy/valerocabre/stimSD/Data/derivatives/mri/2-simnibs-simu-left/0054/simulations/simulation_FTAF-left_a0a7d87a/subject_overlays/lh.0054_TDCS_1_scalar.central.E.angle  ->  lh.001-0054-DC_TDCS_1_scalar.central.E.angle
  /network/iss/levy/valerocabre/stimSD/Data/derivatives/mri/2-simnibs-simu-left/0054/simulations/simulation_FTAF-left_a0a7d87a/subject_overlays/rh.0054_TDCS_1_scalar.central.E.magn  ->  rh.001-0054-DC_TDCS_1_scalar.central.E.magn
  /network/iss/levy/valerocabre/stimSD/Data/derivatives/mri/2-simnibs-simu-left/0054/simulations/simulation_FTAF-left_a0a7d87a/subject_overlays/rh.0054_TDCS_1_scalar.central.E.normal  ->  rh.001-0054-DC_TDCS_1_scalar.central.E.normal
  /network/iss/levy/valerocabre/stimSD/Data/derivatives/mri/2-simnibs-simu-left/0054/simulations/simulation_FTAF-left_a0a7d87a/subject_overlays/rh.0054_TDCS_1_scalar.central.E.tangent  ->  rh.001-0054-DC_TDCS_1_scalar.central.E.tangent
  /network/iss/levy/valerocabre/stimSD/Data/derivatives/mri/2-simnibs-simu-left/0054/simulations/simulation_FTAF-left_a0a7d87a/subject_overlays/rh.0054_TDCS_1_scalar.central.E.angle  ->  rh.001-0054-DC_TDCS_1_scalar.central.E.angle
  /network/iss/levy/valerocabre/stimSD/Data/derivatives/mri/2-simnibs-simu-left/0054/simulations/simulation_FTAF-left_a0a7d87a/subject_overlays/lh.0054_TDCS_1_scalar.central.J.magn  ->  lh.001-0054-DC_TDCS_1_scalar.central.J.magn
  /network/iss/levy/valerocabre/stimSD/Data/derivatives/mri/2-simnibs-simu-left/0054/simulations/simulation_FTAF-left_a0a7d87a/subject_overlays/lh.0054_TDCS_1_scalar.central.J.normal  ->  lh.001-0054-DC_TDCS_1_scalar.central.J.normal
  /network/iss/levy/valerocabre/stimSD/Data/derivatives/mri/2-simnibs-simu-left/0054/simulations/simulation_FTAF-left_a0a7d87a/subject_overlays/lh.0054_TDCS_1_scalar.central.J.tangent  ->  lh.001-0054-DC_TDCS_1_scalar.central.J.tangent
  /network/iss/levy/valerocabre/stimSD/Data/derivatives/mri/2-simnibs-simu-left/0054/simulations/simulation_FTAF-left_a0a7d87a/subject_overlays/lh.0054_TDCS_1_scalar.central.J.angle  ->  lh.001-0054-DC_TDCS_1_scalar.central.J.angle
  /network/iss/levy/valerocabre/stimSD/Data/derivatives/mri/2-simnibs-simu-left/0054/simulations/simulation_FTAF-left_a0a7d87a/subject_overlays/rh.0054_TDCS_1_scalar.central.J.magn  ->  rh.001-0054-DC_TDCS_1_scalar.central.J.magn
  /network/iss/levy/valerocabre/stimSD/Data/derivatives/mri/2-simnibs-simu-left/0054/simulations/simulation_FTAF-left_a0a7d87a/subject_overlays/rh.0054_TDCS_1_scalar.central.J.normal  ->  rh.001-0054-DC_TDCS_1_scalar.central.J.normal
  /network/iss/levy/valerocabre/stimSD/Data/derivatives/mri/2-simnibs-simu-left/0054/simulations/simulation_FTAF-left_a0a7d87a/subject_overlays/rh.0054_TDCS_1_scalar.central.J.tangent  ->  rh.001-0054-DC_TDCS_1_scalar.central.J.tangent
  /network/iss/levy/valerocabre/stimSD/Data/derivatives/mri/2-simnibs-simu-left/0054/simulations/simulation_FTAF-left_a0a7d87a/subject_overlays/rh.0054_TDCS_1_scalar.central.J.angle  ->  rh.001-0054-DC_TDCS_1_scalar.central.J.angle
  /network/iss/levy/valerocabre/stimSD/Data/derivatives/mri/2-simnibs-simu-left/0054/simulations/simulation_FTAF-left_a0a7d87a/subject_overlays/0054_TDCS_1_scalar_central.msh  ->  001-0054-DC_TDCS_1_scalar_central.msh
  /network/iss/levy/valerocabre/stimSD/Data/derivatives/mri/2-simnibs-simu-left/0054/simulations/simulation_FTAF-left_a0a7d87a/subject_overlays/0054_TDCS_1_scalar_central.msh.opt  ->  001-0054-DC_TDCS_1_scalar_central.msh.opt
  /network/iss/levy/valerocabre/stimSD/Data/derivatives/mri/2-simnibs-simu-left/0054/simulations/simulation_FTAF-left_a0a7d87a/subject_volumes/0054_TDCS_1_scalar_E.nii.gz  ->  001-0054-DC_TDCS_1_scalar_E.nii.gz
  /network/iss/levy/valerocabre/stimSD/Data/derivatives/mri/2-simnibs-simu-left/0054/simulations/simulation_FTAF-left_a0a7d87a/subject_volumes/0054_TDCS_1_scalar_magnE.nii.gz  ->  001-0054-DC_TDCS_1_scalar_magnE.nii.gz
  /network/iss/levy/valerocabre/stimSD/Data/derivatives/mri/2-simnibs-simu-left/0054/simulations/simulation_FTAF-left_a0a7d87a/subject_volumes/0054_TDCS_1_scalar_J.nii.gz  ->  001-0054-DC_TDCS_1_scalar_J.nii.gz
  /network/iss/levy/valerocabre/stimSD/Data/derivatives/mri/2-simnibs-simu-left/0054/simulations/simulation_FTAF-left_a0a7d87a/subject_volumes/0054_TDCS_1_scalar_magnJ.nii.gz  ->  001-0054-DC_TDCS_1_scalar_magnJ.nii.gz
  /network/iss/levy/valerocabre/stimSD/Data/derivatives/mri/2-simnibs-simu-left/0054/simulations/simulation_FTAF-left_a0a7d87a/mni_volumes/0054_TDCS_1_scalar_MNI_E.nii.gz  ->  001-0054-DC_TDCS_1_scalar_MNI_E.nii.gz
  /network/iss/levy/valerocabre/stimSD/Data/derivatives/mri/2-simnibs-simu-left/0054/simulations/simulation_FTAF-left_a0a7d87a/mni_volumes/0054_TDCS_1_scalar_MNI_magnE.nii.gz  ->  001-0054-DC_TDCS_1_scalar_MNI_magnE.nii.gz
  /network/iss/levy/valerocabre/stimSD/Data/derivatives/mri/2-simnibs-simu-left/0054/simulations/simulation_FTAF-left_a0a7d87a/mni_volumes/0054_TDCS_1_scalar_MNI_J.nii.gz  ->  001-0054-DC_TDCS_1_scalar_MNI_J.nii.gz
  /network/iss/levy/valerocabre/stimSD/Data/derivatives/mri/2-simnibs-simu-left/0054/simulations/simulation_FTAF-left_a0a7d87a/mni_volumes/0054_TDCS_1_scalar_MNI_magnJ.nii.gz  ->  001-0054-DC_TDCS_1_scalar_MNI_magnJ.nii.gz
  /network/iss/levy/valerocabre/stimSD/Data/derivatives/mri/2-simnibs-simu-left/0054/simulations/simulation_FTAF-left_a0a7d87a/mni_volumes/0054_TDCS_1_scalar_MNI_magnE_FTAF-left_masked.nii.gz  ->  001-0054-DC_TDCS_1_scalar_MNI_magnE_FTAF-left_masked.nii.gz
  /network/iss/levy/valerocabre/stimSD/Data/derivatives/mri/2-simnibs-simu-left/0054/simulations/simulation_FTAF-left_a0a7d87a/mni_volumes/0054_TDCS_1_scalar_MNI_magnE_FTAF-left_cleaned.nii.gz  ->  001-0054-DC_TDCS_1_scalar_MNI_magnE_FTAF-left_cleaned.nii.gz
  /network/iss/levy/valerocabre/stimSD/Data/derivatives/mri/2-simnibs-simu-left/0054/simulations/simulation_FTAF-left_a0a7d87a/mni_volumes/0054_TDCS_1_scalar_MNI_magnE_extra_FTAF-left_masked.nii.gz  ->  001-0054-DC_TDCS_1_scalar_MNI_magnE_extra_FTAF-left_masked.nii.gz
  /network/iss/levy/valerocabre/stimSD/Data/derivatives/mri/2-simnibs-simu-left/0054/simulations/simulation_FTAF-left_a0a7d87a/mni_volumes/0054_TDCS_1_scalar_MNI_magnE_extra_FTAF-left_cleaned.nii.gz  ->  001-0054-DC_TDCS_1_scalar_MNI_magnE_extra_FTAF-left_cleaned.nii.gz
  /network/iss/levy/valerocabre/stimSD/Data/derivatives/mri/2-simnibs-simu-left/0056/simulations/simulation_AFFT-left_8dbde024/subject_overlays/lh.0056_TDCS_1_scalar.central.E.magn  ->  lh.001-0056-GC_TDCS_1_scalar.central.E.magn
  /network/iss/levy/valerocabre/stimSD/Data/derivatives/mri/2-simnibs-simu-left/0056/simulations/simulation_AFFT-left_8dbde024/subject_overlays/lh.0056_TDCS_1_scalar.central.E.normal  ->  lh.001-0056-GC_TDCS_1_scalar.central.E.normal
  /network/iss/levy/valerocabre/stimSD/Data/derivatives/mri/2-simnibs-simu-left/0056/simulations/simulation_AFFT-left_8dbde024/subject_overlays/lh.0056_TDCS_1_scalar.central.E.tangent  ->  lh.001-0056-GC_TDCS_1_scalar.central.E.tangent
  /network/iss/levy/valerocabre/stimSD/Data/derivatives/mri/2-simnibs-simu-left/0056/simulations/simulation_AFFT-left_8dbde024/subject_overlays/lh.0056_TDCS_1_scalar.central.E.angle  ->  lh.001-0056-GC_TDCS_1_scalar.central.E.angle
  /network/iss/levy/valerocabre/stimSD/Data/derivatives/mri/2-simnibs-simu-left/0056/simulations/simulation_AFFT-left_8dbde024/subject_overlays/rh.0056_TDCS_1_scalar.central.E.magn  ->  rh.001-0056-GC_TDCS_1_scalar.central.E.magn
  /network/iss/levy/valerocabre/stimSD/Data/derivatives/mri/2-simnibs-simu-left/0056/simulations/simulation_AFFT-left_8dbde024/subject_overlays/rh.0056_TDCS_1_scalar.central.E.normal  ->  rh.001-0056-GC_TDCS_1_scalar.central.E.normal
  /network/iss/levy/valerocabre/stimSD/Data/derivatives/mri/2-simnibs-simu-left/0056/simulations/simulation_AFFT-left_8dbde024/subject_overlays/rh.0056_TDCS_1_scalar.central.E.tangent  ->  rh.001-0056-GC_TDCS_1_scalar.central.E.tangent
  /network/iss/levy/valerocabre/stimSD/Data/derivatives/mri/2-simnibs-simu-left/0056/simulations/simulation_AFFT-left_8dbde024/subject_overlays/rh.0056_TDCS_1_scalar.central.E.angle  ->  rh.001-0056-GC_TDCS_1_scalar.central.E.angle
  /network/iss/levy/valerocabre/stimSD/Data/derivatives/mri/2-simnibs-simu-left/0056/simulations/simulation_AFFT-left_8dbde024/subject_overlays/lh.0056_TDCS_1_scalar.central.J.magn  ->  lh.001-0056-GC_TDCS_1_scalar.central.J.magn
  /network/iss/levy/valerocabre/stimSD/Data/derivatives/mri/2-simnibs-simu-left/0056/simulations/simulation_AFFT-left_8dbde024/subject_overlays/lh.0056_TDCS_1_scalar.central.J.normal  ->  lh.001-0056-GC_TDCS_1_scalar.central.J.normal
  /network/iss/levy/valerocabre/stimSD/Data/derivatives/mri/2-simnibs-simu-left/0056/simulations/simulation_AFFT-left_8dbde024/subject_overlays/lh.0056_TDCS_1_scalar.central.J.tangent  ->  lh.001-0056-GC_TDCS_1_scalar.central.J.tangent
  /network/iss/levy/valerocabre/stimSD/Data/derivatives/mri/2-simnibs-simu-left/0056/simulations/simulation_AFFT-left_8dbde024/subject_overlays/lh.0056_TDCS_1_scalar.central.J.angle  ->  lh.001-0056-GC_TDCS_1_scalar.central.J.angle
  /network/iss/levy/valerocabre/stimSD/Data/derivatives/mri/2-simnibs-simu-left/0056/simulations/simulation_AFFT-left_8dbde024/subject_overlays/rh.0056_TDCS_1_scalar.central.J.magn  ->  rh.001-0056-GC_TDCS_1_scalar.central.J.magn
  /network/iss/levy/valerocabre/stimSD/Data/derivatives/mri/2-simnibs-simu-left/0056/simulations/simulation_AFFT-left_8dbde024/subject_overlays/rh.0056_TDCS_1_scalar.central.J.normal  ->  rh.001-0056-GC_TDCS_1_scalar.central.J.normal
  /network/iss/levy/valerocabre/stimSD/Data/derivatives/mri/2-simnibs-simu-left/0056/simulations/simulation_AFFT-left_8dbde024/subject_overlays/rh.0056_TDCS_1_scalar.central.J.tangent  ->  rh.001-0056-GC_TDCS_1_scalar.central.J.tangent
  /network/iss/levy/valerocabre/stimSD/Data/derivatives/mri/2-simnibs-simu-left/0056/simulations/simulation_AFFT-left_8dbde024/subject_overlays/rh.0056_TDCS_1_scalar.central.J.angle  ->  rh.001-0056-GC_TDCS_1_scalar.central.J.angle
  /network/iss/levy/valerocabre/stimSD/Data/derivatives/mri/2-simnibs-simu-left/0056/simulations/simulation_AFFT-left_8dbde024/subject_overlays/0056_TDCS_1_scalar_central.msh  ->  001-0056-GC_TDCS_1_scalar_central.msh
  /network/iss/levy/valerocabre/stimSD/Data/derivatives/mri/2-simnibs-simu-left/0056/simulations/simulation_AFFT-left_8dbde024/subject_overlays/0056_TDCS_1_scalar_central.msh.opt  ->  001-0056-GC_TDCS_1_scalar_central.msh.opt
  /network/iss/levy/valerocabre/stimSD/Data/derivatives/mri/2-simnibs-simu-left/0056/simulations/simulation_AFFT-left_8dbde024/subject_volumes/0056_TDCS_1_scalar_E.nii.gz  ->  001-0056-GC_TDCS_1_scalar_E.nii.gz
  /network/iss/levy/valerocabre/stimSD/Data/derivatives/mri/2-simnibs-simu-left/0056/simulations/simulation_AFFT-left_8dbde024/subject_volumes/0056_TDCS_1_scalar_magnE.nii.gz  ->  001-0056-GC_TDCS_1_scalar_magnE.nii.gz
  /network/iss/levy/valerocabre/stimSD/Data/derivatives/mri/2-simnibs-simu-left/0056/simulations/simulation_AFFT-left_8dbde024/subject_volumes/0056_TDCS_1_scalar_J.nii.gz  ->  001-0056-GC_TDCS_1_scalar_J.nii.gz
  /network/iss/levy/valerocabre/stimSD/Data/derivatives/mri/2-simnibs-simu-left/0056/simulations/simulation_AFFT-left_8dbde024/subject_volumes/0056_TDCS_1_scalar_magnJ.nii.gz  ->  001-0056-GC_TDCS_1_scalar_magnJ.nii.gz
  /network/iss/levy/valerocabre/stimSD/Data/derivatives/mri/2-simnibs-simu-left/0056/simulations/simulation_AFFT-left_8dbde024/mni_volumes/0056_TDCS_1_scalar_MNI_E.nii.gz  ->  001-0056-GC_TDCS_1_scalar_MNI_E.nii.gz
  /network/iss/levy/valerocabre/stimSD/Data/derivatives/mri/2-simnibs-simu-left/0056/simulations/simulation_AFFT-left_8dbde024/mni_volumes/0056_TDCS_1_scalar_MNI_magnE.nii.gz  ->  001-0056-GC_TDCS_1_scalar_MNI_magnE.nii.gz
  /network/iss/levy/valerocabre/stimSD/Data/derivatives/mri/2-simnibs-simu-left/0056/simulations/simulation_AFFT-left_8dbde024/mni_volumes/0056_TDCS_1_scalar_MNI_J.nii.gz  ->  001-0056-GC_TDCS_1_scalar_MNI_J.nii.gz
  /network/iss/levy/valerocabre/stimSD/Data/derivatives/mri/2-simnibs-simu-left/0056/simulations/simulation_AFFT-left_8dbde024/mni_volumes/0056_TDCS_1_scalar_MNI_magnJ.nii.gz  ->  001-0056-GC_TDCS_1_scalar_MNI_magnJ.nii.gz
  /network/iss/levy/valerocabre/stimSD/Data/derivatives/mri/2-simnibs-simu-left/0056/simulations/simulation_AFFT-left_8dbde024/mni_volumes/0056_TDCS_1_scalar_MNI_magnE_AFFT-left_masked.nii.gz  ->  001-0056-GC_TDCS_1_scalar_MNI_magnE_AFFT-left_masked.nii.gz
  /network/iss/levy/valerocabre/stimSD/Data/derivatives/mri/2-simnibs-simu-left/0056/simulations/simulation_AFFT-left_8dbde024/mni_volumes/0056_TDCS_1_scalar_MNI_magnE_AFFT-left_cleaned.nii.gz  ->  001-0056-GC_TDCS_1_scalar_MNI_magnE_AFFT-left_cleaned.nii.gz
  /network/iss/levy/valerocabre/stimSD/Data/derivatives/mri/2-simnibs-simu-left/0056/simulations/simulation_AFFT-left_8dbde024/mni_volumes/0056_TDCS_1_scalar_MNI_magnE_extra_AFFT-left_masked.nii.gz  ->  001-0056-GC_TDCS_1_scalar_MNI_magnE_extra_AFFT-left_masked.nii.gz
  /network/iss/levy/valerocabre/stimSD/Data/derivatives/mri/2-simnibs-simu-left/0056/simulations/simulation_AFFT-left_8dbde024/mni_volumes/0056_TDCS_1_scalar_MNI_magnE_extra_AFFT-left_cleaned.nii.gz  ->  001-0056-GC_TDCS_1_scalar_MNI_magnE_extra_AFFT-left_cleaned.nii.gz
  /network/iss/levy/valerocabre/stimSD/Data/derivatives/mri/2-simnibs-simu-left/0056/simulations/simulation_FTAF-left_a0a7d87a/subject_overlays/lh.0056_TDCS_1_scalar.central.E.magn  ->  lh.001-0056-GC_TDCS_1_scalar.central.E.magn
  /network/iss/levy/valerocabre/stimSD/Data/derivatives/mri/2-simnibs-simu-left/0056/simulations/simulation_FTAF-left_a0a7d87a/subject_overlays/lh.0056_TDCS_1_scalar.central.E.normal  ->  lh.001-0056-GC_TDCS_1_scalar.central.E.normal
  /network/iss/levy/valerocabre/stimSD/Data/derivatives/mri/2-simnibs-simu-left/0056/simulations/simulation_FTAF-left_a0a7d87a/subject_overlays/lh.0056_TDCS_1_scalar.central.E.tangent  ->  lh.001-0056-GC_TDCS_1_scalar.central.E.tangent
  /network/iss/levy/valerocabre/stimSD/Data/derivatives/mri/2-simnibs-simu-left/0056/simulations/simulation_FTAF-left_a0a7d87a/subject_overlays/lh.0056_TDCS_1_scalar.central.E.angle  ->  lh.001-0056-GC_TDCS_1_scalar.central.E.angle
  /network/iss/levy/valerocabre/stimSD/Data/derivatives/mri/2-simnibs-simu-left/0056/simulations/simulation_FTAF-left_a0a7d87a/subject_overlays/rh.0056_TDCS_1_scalar.central.E.magn  ->  rh.001-0056-GC_TDCS_1_scalar.central.E.magn
  /network/iss/levy/valerocabre/stimSD/Data/derivatives/mri/2-simnibs-simu-left/0056/simulations/simulation_FTAF-left_a0a7d87a/subject_overlays/rh.0056_TDCS_1_scalar.central.E.normal  ->  rh.001-0056-GC_TDCS_1_scalar.central.E.normal
  /network/iss/levy/valerocabre/stimSD/Data/derivatives/mri/2-simnibs-simu-left/0056/simulations/simulation_FTAF-left_a0a7d87a/subject_overlays/rh.0056_TDCS_1_scalar.central.E.tangent  ->  rh.001-0056-GC_TDCS_1_scalar.central.E.tangent
  /network/iss/levy/valerocabre/stimSD/Data/derivatives/mri/2-simnibs-simu-left/0056/simulations/simulation_FTAF-left_a0a7d87a/subject_overlays/rh.0056_TDCS_1_scalar.central.E.angle  ->  rh.001-0056-GC_TDCS_1_scalar.central.E.angle
  /network/iss/levy/valerocabre/stimSD/Data/derivatives/mri/2-simnibs-simu-left/0056/simulations/simulation_FTAF-left_a0a7d87a/subject_overlays/lh.0056_TDCS_1_scalar.central.J.magn  ->  lh.001-0056-GC_TDCS_1_scalar.central.J.magn
  /network/iss/levy/valerocabre/stimSD/Data/derivatives/mri/2-simnibs-simu-left/0056/simulations/simulation_FTAF-left_a0a7d87a/subject_overlays/lh.0056_TDCS_1_scalar.central.J.normal  ->  lh.001-0056-GC_TDCS_1_scalar.central.J.normal
  /network/iss/levy/valerocabre/stimSD/Data/derivatives/mri/2-simnibs-simu-left/0056/simulations/simulation_FTAF-left_a0a7d87a/subject_overlays/lh.0056_TDCS_1_scalar.central.J.tangent  ->  lh.001-0056-GC_TDCS_1_scalar.central.J.tangent
  /network/iss/levy/valerocabre/stimSD/Data/derivatives/mri/2-simnibs-simu-left/0056/simulations/simulation_FTAF-left_a0a7d87a/subject_overlays/lh.0056_TDCS_1_scalar.central.J.angle  ->  lh.001-0056-GC_TDCS_1_scalar.central.J.angle
  /network/iss/levy/valerocabre/stimSD/Data/derivatives/mri/2-simnibs-simu-left/0056/simulations/simulation_FTAF-left_a0a7d87a/subject_overlays/rh.0056_TDCS_1_scalar.central.J.magn  ->  rh.001-0056-GC_TDCS_1_scalar.central.J.magn
  /network/iss/levy/valerocabre/stimSD/Data/derivatives/mri/2-simnibs-simu-left/0056/simulations/simulation_FTAF-left_a0a7d87a/subject_overlays/rh.0056_TDCS_1_scalar.central.J.normal  ->  rh.001-0056-GC_TDCS_1_scalar.central.J.normal
  /network/iss/levy/valerocabre/stimSD/Data/derivatives/mri/2-simnibs-simu-left/0056/simulations/simulation_FTAF-left_a0a7d87a/subject_overlays/rh.0056_TDCS_1_scalar.central.J.tangent  ->  rh.001-0056-GC_TDCS_1_scalar.central.J.tangent
  /network/iss/levy/valerocabre/stimSD/Data/derivatives/mri/2-simnibs-simu-left/0056/simulations/simulation_FTAF-left_a0a7d87a/subject_overlays/rh.0056_TDCS_1_scalar.central.J.angle  ->  rh.001-0056-GC_TDCS_1_scalar.central.J.angle
  /network/iss/levy/valerocabre/stimSD/Data/derivatives/mri/2-simnibs-simu-left/0056/simulations/simulation_FTAF-left_a0a7d87a/subject_overlays/0056_TDCS_1_scalar_central.msh  ->  001-0056-GC_TDCS_1_scalar_central.msh
  /network/iss/levy/valerocabre/stimSD/Data/derivatives/mri/2-simnibs-simu-left/0056/simulations/simulation_FTAF-left_a0a7d87a/subject_overlays/0056_TDCS_1_scalar_central.msh.opt  ->  001-0056-GC_TDCS_1_scalar_central.msh.opt
  /network/iss/levy/valerocabre/stimSD/Data/derivatives/mri/2-simnibs-simu-left/0056/simulations/simulation_FTAF-left_a0a7d87a/subject_volumes/0056_TDCS_1_scalar_E.nii.gz  ->  001-0056-GC_TDCS_1_scalar_E.nii.gz
  /network/iss/levy/valerocabre/stimSD/Data/derivatives/mri/2-simnibs-simu-left/0056/simulations/simulation_FTAF-left_a0a7d87a/subject_volumes/0056_TDCS_1_scalar_magnE.nii.gz  ->  001-0056-GC_TDCS_1_scalar_magnE.nii.gz
  /network/iss/levy/valerocabre/stimSD/Data/derivatives/mri/2-simnibs-simu-left/0056/simulations/simulation_FTAF-left_a0a7d87a/subject_volumes/0056_TDCS_1_scalar_J.nii.gz  ->  001-0056-GC_TDCS_1_scalar_J.nii.gz
  /network/iss/levy/valerocabre/stimSD/Data/derivatives/mri/2-simnibs-simu-left/0056/simulations/simulation_FTAF-left_a0a7d87a/subject_volumes/0056_TDCS_1_scalar_magnJ.nii.gz  ->  001-0056-GC_TDCS_1_scalar_magnJ.nii.gz
  /network/iss/levy/valerocabre/stimSD/Data/derivatives/mri/2-simnibs-simu-left/0056/simulations/simulation_FTAF-left_a0a7d87a/mni_volumes/0056_TDCS_1_scalar_MNI_E.nii.gz  ->  001-0056-GC_TDCS_1_scalar_MNI_E.nii.gz
  /network/iss/levy/valerocabre/stimSD/Data/derivatives/mri/2-simnibs-simu-left/0056/simulations/simulation_FTAF-left_a0a7d87a/mni_volumes/0056_TDCS_1_scalar_MNI_magnE.nii.gz  ->  001-0056-GC_TDCS_1_scalar_MNI_magnE.nii.gz
  /network/iss/levy/valerocabre/stimSD/Data/derivatives/mri/2-simnibs-simu-left/0056/simulations/simulation_FTAF-left_a0a7d87a/mni_volumes/0056_TDCS_1_scalar_MNI_J.nii.gz  ->  001-0056-GC_TDCS_1_scalar_MNI_J.nii.gz
  /network/iss/levy/valerocabre/stimSD/Data/derivatives/mri/2-simnibs-simu-left/0056/simulations/simulation_FTAF-left_a0a7d87a/mni_volumes/0056_TDCS_1_scalar_MNI_magnJ.nii.gz  ->  001-0056-GC_TDCS_1_scalar_MNI_magnJ.nii.gz
  /network/iss/levy/valerocabre/stimSD/Data/derivatives/mri/2-simnibs-simu-left/0056/simulations/simulation_FTAF-left_a0a7d87a/mni_volumes/0056_TDCS_1_scalar_MNI_magnE_FTAF-left_masked.nii.gz  ->  001-0056-GC_TDCS_1_scalar_MNI_magnE_FTAF-left_masked.nii.gz
  /network/iss/levy/valerocabre/stimSD/Data/derivatives/mri/2-simnibs-simu-left/0056/simulations/simulation_FTAF-left_a0a7d87a/mni_volumes/0056_TDCS_1_scalar_MNI_magnE_FTAF-left_cleaned.nii.gz  ->  001-0056-GC_TDCS_1_scalar_MNI_magnE_FTAF-left_cleaned.nii.gz
  /network/iss/levy/valerocabre/stimSD/Data/derivatives/mri/2-simnibs-simu-left/0056/simulations/simulation_FTAF-left_a0a7d87a/mni_volumes/0056_TDCS_1_scalar_MNI_magnE_extra_FTAF-left_masked.nii.gz  ->  001-0056-GC_TDCS_1_scalar_MNI_magnE_extra_FTAF-left_masked.nii.gz
  /network/iss/levy/valerocabre/stimSD/Data/derivatives/mri/2-simnibs-simu-left/0056/simulations/simulation_FTAF-left_a0a7d87a/mni_volumes/0056_TDCS_1_scalar_MNI_magnE_extra_FTAF-left_cleaned.nii.gz  ->  001-0056-GC_TDCS_1_scalar_MNI_magnE_extra_FTAF-left_cleaned.nii.gz
  /network/iss/levy/valerocabre/stimSD/Data/derivatives/mri/2-simnibs-simu-left/0055/simulations/simulation_AFFT-left_8dbde024/subject_overlays/lh.0055_TDCS_1_scalar.central.E.magn  ->  lh.001-0055-BM_TDCS_1_scalar.central.E.magn
  /network/iss/levy/valerocabre/stimSD/Data/derivatives/mri/2-simnibs-simu-left/0055/simulations/simulation_AFFT-left_8dbde024/subject_overlays/lh.0055_TDCS_1_scalar.central.E.normal  ->  lh.001-0055-BM_TDCS_1_scalar.central.E.normal
  /network/iss/levy/valerocabre/stimSD/Data/derivatives/mri/2-simnibs-simu-left/0055/simulations/simulation_AFFT-left_8dbde024/subject_overlays/lh.0055_TDCS_1_scalar.central.E.tangent  ->  lh.001-0055-BM_TDCS_1_scalar.central.E.tangent
  /network/iss/levy/valerocabre/stimSD/Data/derivatives/mri/2-simnibs-simu-left/0055/simulations/simulation_AFFT-left_8dbde024/subject_overlays/lh.0055_TDCS_1_scalar.central.E.angle  ->  lh.001-0055-BM_TDCS_1_scalar.central.E.angle
  /network/iss/levy/valerocabre/stimSD/Data/derivatives/mri/2-simnibs-simu-left/0055/simulations/simulation_AFFT-left_8dbde024/subject_overlays/rh.0055_TDCS_1_scalar.central.E.magn  ->  rh.001-0055-BM_TDCS_1_scalar.central.E.magn
  /network/iss/levy/valerocabre/stimSD/Data/derivatives/mri/2-simnibs-simu-left/0055/simulations/simulation_AFFT-left_8dbde024/subject_overlays/rh.0055_TDCS_1_scalar.central.E.normal  ->  rh.001-0055-BM_TDCS_1_scalar.central.E.normal
  /network/iss/levy/valerocabre/stimSD/Data/derivatives/mri/2-simnibs-simu-left/0055/simulations/simulation_AFFT-left_8dbde024/subject_overlays/rh.0055_TDCS_1_scalar.central.E.tangent  ->  rh.001-0055-BM_TDCS_1_scalar.central.E.tangent
  /network/iss/levy/valerocabre/stimSD/Data/derivatives/mri/2-simnibs-simu-left/0055/simulations/simulation_AFFT-left_8dbde024/subject_overlays/rh.0055_TDCS_1_scalar.central.E.angle  ->  rh.001-0055-BM_TDCS_1_scalar.central.E.angle
  /network/iss/levy/valerocabre/stimSD/Data/derivatives/mri/2-simnibs-simu-left/0055/simulations/simulation_AFFT-left_8dbde024/subject_overlays/lh.0055_TDCS_1_scalar.central.J.magn  ->  lh.001-0055-BM_TDCS_1_scalar.central.J.magn
  /network/iss/levy/valerocabre/stimSD/Data/derivatives/mri/2-simnibs-simu-left/0055/simulations/simulation_AFFT-left_8dbde024/subject_overlays/lh.0055_TDCS_1_scalar.central.J.normal  ->  lh.001-0055-BM_TDCS_1_scalar.central.J.normal
  /network/iss/levy/valerocabre/stimSD/Data/derivatives/mri/2-simnibs-simu-left/0055/simulations/simulation_AFFT-left_8dbde024/subject_overlays/lh.0055_TDCS_1_scalar.central.J.tangent  ->  lh.001-0055-BM_TDCS_1_scalar.central.J.tangent
  /network/iss/levy/valerocabre/stimSD/Data/derivatives/mri/2-simnibs-simu-left/0055/simulations/simulation_AFFT-left_8dbde024/subject_overlays/lh.0055_TDCS_1_scalar.central.J.angle  ->  lh.001-0055-BM_TDCS_1_scalar.central.J.angle
  /network/iss/levy/valerocabre/stimSD/Data/derivatives/mri/2-simnibs-simu-left/0055/simulations/simulation_AFFT-left_8dbde024/subject_overlays/rh.0055_TDCS_1_scalar.central.J.magn  ->  rh.001-0055-BM_TDCS_1_scalar.central.J.magn
  /network/iss/levy/valerocabre/stimSD/Data/derivatives/mri/2-simnibs-simu-left/0055/simulations/simulation_AFFT-left_8dbde024/subject_overlays/rh.0055_TDCS_1_scalar.central.J.normal  ->  rh.001-0055-BM_TDCS_1_scalar.central.J.normal
  /network/iss/levy/valerocabre/stimSD/Data/derivatives/mri/2-simnibs-simu-left/0055/simulations/simulation_AFFT-left_8dbde024/subject_overlays/rh.0055_TDCS_1_scalar.central.J.tangent  ->  rh.001-0055-BM_TDCS_1_scalar.central.J.tangent
  /network/iss/levy/valerocabre/stimSD/Data/derivatives/mri/2-simnibs-simu-left/0055/simulations/simulation_AFFT-left_8dbde024/subject_overlays/rh.0055_TDCS_1_scalar.central.J.angle  ->  rh.001-0055-BM_TDCS_1_scalar.central.J.angle
  /network/iss/levy/valerocabre/stimSD/Data/derivatives/mri/2-simnibs-simu-left/0055/simulations/simulation_AFFT-left_8dbde024/subject_overlays/0055_TDCS_1_scalar_central.msh  ->  001-0055-BM_TDCS_1_scalar_central.msh
  /network/iss/levy/valerocabre/stimSD/Data/derivatives/mri/2-simnibs-simu-left/0055/simulations/simulation_AFFT-left_8dbde024/subject_overlays/0055_TDCS_1_scalar_central.msh.opt  ->  001-0055-BM_TDCS_1_scalar_central.msh.opt
  /network/iss/levy/valerocabre/stimSD/Data/derivatives/mri/2-simnibs-simu-left/0055/simulations/simulation_AFFT-left_8dbde024/subject_volumes/0055_TDCS_1_scalar_E.nii.gz  ->  001-0055-BM_TDCS_1_scalar_E.nii.gz
  /network/iss/levy/valerocabre/stimSD/Data/derivatives/mri/2-simnibs-simu-left/0055/simulations/simulation_AFFT-left_8dbde024/subject_volumes/0055_TDCS_1_scalar_magnE.nii.gz  ->  001-0055-BM_TDCS_1_scalar_magnE.nii.gz
  /network/iss/levy/valerocabre/stimSD/Data/derivatives/mri/2-simnibs-simu-left/0055/simulations/simulation_AFFT-left_8dbde024/subject_volumes/0055_TDCS_1_scalar_J.nii.gz  ->  001-0055-BM_TDCS_1_scalar_J.nii.gz
  /network/iss/levy/valerocabre/stimSD/Data/derivatives/mri/2-simnibs-simu-left/0055/simulations/simulation_AFFT-left_8dbde024/subject_volumes/0055_TDCS_1_scalar_magnJ.nii.gz  ->  001-0055-BM_TDCS_1_scalar_magnJ.nii.gz
  /network/iss/levy/valerocabre/stimSD/Data/derivatives/mri/2-simnibs-simu-left/0055/simulations/simulation_AFFT-left_8dbde024/mni_volumes/0055_TDCS_1_scalar_MNI_E.nii.gz  ->  001-0055-BM_TDCS_1_scalar_MNI_E.nii.gz
  /network/iss/levy/valerocabre/stimSD/Data/derivatives/mri/2-simnibs-simu-left/0055/simulations/simulation_AFFT-left_8dbde024/mni_volumes/0055_TDCS_1_scalar_MNI_magnE.nii.gz  ->  001-0055-BM_TDCS_1_scalar_MNI_magnE.nii.gz
  /network/iss/levy/valerocabre/stimSD/Data/derivatives/mri/2-simnibs-simu-left/0055/simulations/simulation_AFFT-left_8dbde024/mni_volumes/0055_TDCS_1_scalar_MNI_J.nii.gz  ->  001-0055-BM_TDCS_1_scalar_MNI_J.nii.gz
  /network/iss/levy/valerocabre/stimSD/Data/derivatives/mri/2-simnibs-simu-left/0055/simulations/simulation_AFFT-left_8dbde024/mni_volumes/0055_TDCS_1_scalar_MNI_magnJ.nii.gz  ->  001-0055-BM_TDCS_1_scalar_MNI_magnJ.nii.gz
  /network/iss/levy/valerocabre/stimSD/Data/derivatives/mri/2-simnibs-simu-left/0055/simulations/simulation_AFFT-left_8dbde024/mni_volumes/0055_TDCS_1_scalar_MNI_magnE_AFFT-left_masked.nii.gz  ->  001-0055-BM_TDCS_1_scalar_MNI_magnE_AFFT-left_masked.nii.gz
  /network/iss/levy/valerocabre/stimSD/Data/derivatives/mri/2-simnibs-simu-left/0055/simulations/simulation_AFFT-left_8dbde024/mni_volumes/0055_TDCS_1_scalar_MNI_magnE_AFFT-left_cleaned.nii.gz  ->  001-0055-BM_TDCS_1_scalar_MNI_magnE_AFFT-left_cleaned.nii.gz
  /network/iss/levy/valerocabre/stimSD/Data/derivatives/mri/2-simnibs-simu-left/0055/simulations/simulation_AFFT-left_8dbde024/mni_volumes/0055_TDCS_1_scalar_MNI_magnE_extra_AFFT-left_masked.nii.gz  ->  001-0055-BM_TDCS_1_scalar_MNI_magnE_extra_AFFT-left_masked.nii.gz
  /network/iss/levy/valerocabre/stimSD/Data/derivatives/mri/2-simnibs-simu-left/0055/simulations/simulation_AFFT-left_8dbde024/mni_volumes/0055_TDCS_1_scalar_MNI_magnE_extra_AFFT-left_cleaned.nii.gz  ->  001-0055-BM_TDCS_1_scalar_MNI_magnE_extra_AFFT-left_cleaned.nii.gz
  /network/iss/levy/valerocabre/stimSD/Data/derivatives/mri/2-simnibs-simu-left/0055/simulations/simulation_FTAF-left_a0a7d87a/subject_overlays/lh.0055_TDCS_1_scalar.central.E.magn  ->  lh.001-0055-BM_TDCS_1_scalar.central.E.magn
  /network/iss/levy/valerocabre/stimSD/Data/derivatives/mri/2-simnibs-simu-left/0055/simulations/simulation_FTAF-left_a0a7d87a/subject_overlays/lh.0055_TDCS_1_scalar.central.E.normal  ->  lh.001-0055-BM_TDCS_1_scalar.central.E.normal
  /network/iss/levy/valerocabre/stimSD/Data/derivatives/mri/2-simnibs-simu-left/0055/simulations/simulation_FTAF-left_a0a7d87a/subject_overlays/lh.0055_TDCS_1_scalar.central.E.tangent  ->  lh.001-0055-BM_TDCS_1_scalar.central.E.tangent
  /network/iss/levy/valerocabre/stimSD/Data/derivatives/mri/2-simnibs-simu-left/0055/simulations/simulation_FTAF-left_a0a7d87a/subject_overlays/lh.0055_TDCS_1_scalar.central.E.angle  ->  lh.001-0055-BM_TDCS_1_scalar.central.E.angle
  /network/iss/levy/valerocabre/stimSD/Data/derivatives/mri/2-simnibs-simu-left/0055/simulations/simulation_FTAF-left_a0a7d87a/subject_overlays/rh.0055_TDCS_1_scalar.central.E.magn  ->  rh.001-0055-BM_TDCS_1_scalar.central.E.magn
  /network/iss/levy/valerocabre/stimSD/Data/derivatives/mri/2-simnibs-simu-left/0055/simulations/simulation_FTAF-left_a0a7d87a/subject_overlays/rh.0055_TDCS_1_scalar.central.E.normal  ->  rh.001-0055-BM_TDCS_1_scalar.central.E.normal
  /network/iss/levy/valerocabre/stimSD/Data/derivatives/mri/2-simnibs-simu-left/0055/simulations/simulation_FTAF-left_a0a7d87a/subject_overlays/rh.0055_TDCS_1_scalar.central.E.tangent  ->  rh.001-0055-BM_TDCS_1_scalar.central.E.tangent
  /network/iss/levy/valerocabre/stimSD/Data/derivatives/mri/2-simnibs-simu-left/0055/simulations/simulation_FTAF-left_a0a7d87a/subject_overlays/rh.0055_TDCS_1_scalar.central.E.angle  ->  rh.001-0055-BM_TDCS_1_scalar.central.E.angle
  /network/iss/levy/valerocabre/stimSD/Data/derivatives/mri/2-simnibs-simu-left/0055/simulations/simulation_FTAF-left_a0a7d87a/subject_overlays/lh.0055_TDCS_1_scalar.central.J.magn  ->  lh.001-0055-BM_TDCS_1_scalar.central.J.magn
  /network/iss/levy/valerocabre/stimSD/Data/derivatives/mri/2-simnibs-simu-left/0055/simulations/simulation_FTAF-left_a0a7d87a/subject_overlays/lh.0055_TDCS_1_scalar.central.J.normal  ->  lh.001-0055-BM_TDCS_1_scalar.central.J.normal
  /network/iss/levy/valerocabre/stimSD/Data/derivatives/mri/2-simnibs-simu-left/0055/simulations/simulation_FTAF-left_a0a7d87a/subject_overlays/lh.0055_TDCS_1_scalar.central.J.tangent  ->  lh.001-0055-BM_TDCS_1_scalar.central.J.tangent
  /network/iss/levy/valerocabre/stimSD/Data/derivatives/mri/2-simnibs-simu-left/0055/simulations/simulation_FTAF-left_a0a7d87a/subject_overlays/lh.0055_TDCS_1_scalar.central.J.angle  ->  lh.001-0055-BM_TDCS_1_scalar.central.J.angle
  /network/iss/levy/valerocabre/stimSD/Data/derivatives/mri/2-simnibs-simu-left/0055/simulations/simulation_FTAF-left_a0a7d87a/subject_overlays/rh.0055_TDCS_1_scalar.central.J.magn  ->  rh.001-0055-BM_TDCS_1_scalar.central.J.magn
  /network/iss/levy/valerocabre/stimSD/Data/derivatives/mri/2-simnibs-simu-left/0055/simulations/simulation_FTAF-left_a0a7d87a/subject_overlays/rh.0055_TDCS_1_scalar.central.J.normal  ->  rh.001-0055-BM_TDCS_1_scalar.central.J.normal
  /network/iss/levy/valerocabre/stimSD/Data/derivatives/mri/2-simnibs-simu-left/0055/simulations/simulation_FTAF-left_a0a7d87a/subject_overlays/rh.0055_TDCS_1_scalar.central.J.tangent  ->  rh.001-0055-BM_TDCS_1_scalar.central.J.tangent
  /network/iss/levy/valerocabre/stimSD/Data/derivatives/mri/2-simnibs-simu-left/0055/simulations/simulation_FTAF-left_a0a7d87a/subject_overlays/rh.0055_TDCS_1_scalar.central.J.angle  ->  rh.001-0055-BM_TDCS_1_scalar.central.J.angle
  /network/iss/levy/valerocabre/stimSD/Data/derivatives/mri/2-simnibs-simu-left/0055/simulations/simulation_FTAF-left_a0a7d87a/subject_overlays/0055_TDCS_1_scalar_central.msh  ->  001-0055-BM_TDCS_1_scalar_central.msh
  /network/iss/levy/valerocabre/stimSD/Data/derivatives/mri/2-simnibs-simu-left/0055/simulations/simulation_FTAF-left_a0a7d87a/subject_overlays/0055_TDCS_1_scalar_central.msh.opt  ->  001-0055-BM_TDCS_1_scalar_central.msh.opt
  /network/iss/levy/valerocabre/stimSD/Data/derivatives/mri/2-simnibs-simu-left/0055/simulations/simulation_FTAF-left_a0a7d87a/subject_volumes/0055_TDCS_1_scalar_E.nii.gz  ->  001-0055-BM_TDCS_1_scalar_E.nii.gz
  /network/iss/levy/valerocabre/stimSD/Data/derivatives/mri/2-simnibs-simu-left/0055/simulations/simulation_FTAF-left_a0a7d87a/subject_volumes/0055_TDCS_1_scalar_magnE.nii.gz  ->  001-0055-BM_TDCS_1_scalar_magnE.nii.gz
  /network/iss/levy/valerocabre/stimSD/Data/derivatives/mri/2-simnibs-simu-left/0055/simulations/simulation_FTAF-left_a0a7d87a/subject_volumes/0055_TDCS_1_scalar_J.nii.gz  ->  001-0055-BM_TDCS_1_scalar_J.nii.gz
  /network/iss/levy/valerocabre/stimSD/Data/derivatives/mri/2-simnibs-simu-left/0055/simulations/simulation_FTAF-left_a0a7d87a/subject_volumes/0055_TDCS_1_scalar_magnJ.nii.gz  ->  001-0055-BM_TDCS_1_scalar_magnJ.nii.gz
  /network/iss/levy/valerocabre/stimSD/Data/derivatives/mri/2-simnibs-simu-left/0055/simulations/simulation_FTAF-left_a0a7d87a/mni_volumes/0055_TDCS_1_scalar_MNI_E.nii.gz  ->  001-0055-BM_TDCS_1_scalar_MNI_E.nii.gz
  /network/iss/levy/valerocabre/stimSD/Data/derivatives/mri/2-simnibs-simu-left/0055/simulations/simulation_FTAF-left_a0a7d87a/mni_volumes/0055_TDCS_1_scalar_MNI_magnE.nii.gz  ->  001-0055-BM_TDCS_1_scalar_MNI_magnE.nii.gz
  /network/iss/levy/valerocabre/stimSD/Data/derivatives/mri/2-simnibs-simu-left/0055/simulations/simulation_FTAF-left_a0a7d87a/mni_volumes/0055_TDCS_1_scalar_MNI_J.nii.gz  ->  001-0055-BM_TDCS_1_scalar_MNI_J.nii.gz
  /network/iss/levy/valerocabre/stimSD/Data/derivatives/mri/2-simnibs-simu-left/0055/simulations/simulation_FTAF-left_a0a7d87a/mni_volumes/0055_TDCS_1_scalar_MNI_magnJ.nii.gz  ->  001-0055-BM_TDCS_1_scalar_MNI_magnJ.nii.gz
  /network/iss/levy/valerocabre/stimSD/Data/derivatives/mri/2-simnibs-simu-left/0055/simulations/simulation_FTAF-left_a0a7d87a/mni_volumes/0055_TDCS_1_scalar_MNI_magnE_FTAF-left_masked.nii.gz  ->  001-0055-BM_TDCS_1_scalar_MNI_magnE_FTAF-left_masked.nii.gz
  /network/iss/levy/valerocabre/stimSD/Data/derivatives/mri/2-simnibs-simu-left/0055/simulations/simulation_FTAF-left_a0a7d87a/mni_volumes/0055_TDCS_1_scalar_MNI_magnE_FTAF-left_cleaned.nii.gz  ->  001-0055-BM_TDCS_1_scalar_MNI_magnE_FTAF-left_cleaned.nii.gz
  /network/iss/levy/valerocabre/stimSD/Data/derivatives/mri/2-simnibs-simu-left/0055/simulations/simulation_FTAF-left_a0a7d87a/mni_volumes/0055_TDCS_1_scalar_MNI_magnE_extra_FTAF-left_masked.nii.gz  ->  001-0055-BM_TDCS_1_scalar_MNI_magnE_extra_FTAF-left_masked.nii.gz
  /network/iss/levy/valerocabre/stimSD/Data/derivatives/mri/2-simnibs-simu-left/0055/simulations/simulation_FTAF-left_a0a7d87a/mni_volumes/0055_TDCS_1_scalar_MNI_magnE_extra_FTAF-left_cleaned.nii.gz  ->  001-0055-BM_TDCS_1_scalar_MNI_magnE_extra_FTAF-left_cleaned.nii.gz
  /network/iss/levy/valerocabre/stimSD/Data/derivatives/mri/2-simnibs-simu-left/0057/simulations/simulation_AFFT-left_8dbde024/subject_overlays/lh.0057_TDCS_1_scalar.central.E.magn  ->  lh.001-0057-HJ_TDCS_1_scalar.central.E.magn
  /network/iss/levy/valerocabre/stimSD/Data/derivatives/mri/2-simnibs-simu-left/0057/simulations/simulation_AFFT-left_8dbde024/subject_overlays/lh.0057_TDCS_1_scalar.central.E.normal  ->  lh.001-0057-HJ_TDCS_1_scalar.central.E.normal
  /network/iss/levy/valerocabre/stimSD/Data/derivatives/mri/2-simnibs-simu-left/0057/simulations/simulation_AFFT-left_8dbde024/subject_overlays/lh.0057_TDCS_1_scalar.central.E.tangent  ->  lh.001-0057-HJ_TDCS_1_scalar.central.E.tangent
  /network/iss/levy/valerocabre/stimSD/Data/derivatives/mri/2-simnibs-simu-left/0057/simulations/simulation_AFFT-left_8dbde024/subject_overlays/lh.0057_TDCS_1_scalar.central.E.angle  ->  lh.001-0057-HJ_TDCS_1_scalar.central.E.angle
  /network/iss/levy/valerocabre/stimSD/Data/derivatives/mri/2-simnibs-simu-left/0057/simulations/simulation_AFFT-left_8dbde024/subject_overlays/rh.0057_TDCS_1_scalar.central.E.magn  ->  rh.001-0057-HJ_TDCS_1_scalar.central.E.magn
  /network/iss/levy/valerocabre/stimSD/Data/derivatives/mri/2-simnibs-simu-left/0057/simulations/simulation_AFFT-left_8dbde024/subject_overlays/rh.0057_TDCS_1_scalar.central.E.normal  ->  rh.001-0057-HJ_TDCS_1_scalar.central.E.normal
  /network/iss/levy/valerocabre/stimSD/Data/derivatives/mri/2-simnibs-simu-left/0057/simulations/simulation_AFFT-left_8dbde024/subject_overlays/rh.0057_TDCS_1_scalar.central.E.tangent  ->  rh.001-0057-HJ_TDCS_1_scalar.central.E.tangent
  /network/iss/levy/valerocabre/stimSD/Data/derivatives/mri/2-simnibs-simu-left/0057/simulations/simulation_AFFT-left_8dbde024/subject_overlays/rh.0057_TDCS_1_scalar.central.E.angle  ->  rh.001-0057-HJ_TDCS_1_scalar.central.E.angle
  /network/iss/levy/valerocabre/stimSD/Data/derivatives/mri/2-simnibs-simu-left/0057/simulations/simulation_AFFT-left_8dbde024/subject_overlays/lh.0057_TDCS_1_scalar.central.J.magn  ->  lh.001-0057-HJ_TDCS_1_scalar.central.J.magn
  /network/iss/levy/valerocabre/stimSD/Data/derivatives/mri/2-simnibs-simu-left/0057/simulations/simulation_AFFT-left_8dbde024/subject_overlays/lh.0057_TDCS_1_scalar.central.J.normal  ->  lh.001-0057-HJ_TDCS_1_scalar.central.J.normal
  /network/iss/levy/valerocabre/stimSD/Data/derivatives/mri/2-simnibs-simu-left/0057/simulations/simulation_AFFT-left_8dbde024/subject_overlays/lh.0057_TDCS_1_scalar.central.J.tangent  ->  lh.001-0057-HJ_TDCS_1_scalar.central.J.tangent
  /network/iss/levy/valerocabre/stimSD/Data/derivatives/mri/2-simnibs-simu-left/0057/simulations/simulation_AFFT-left_8dbde024/subject_overlays/lh.0057_TDCS_1_scalar.central.J.angle  ->  lh.001-0057-HJ_TDCS_1_scalar.central.J.angle
  /network/iss/levy/valerocabre/stimSD/Data/derivatives/mri/2-simnibs-simu-left/0057/simulations/simulation_AFFT-left_8dbde024/subject_overlays/rh.0057_TDCS_1_scalar.central.J.magn  ->  rh.001-0057-HJ_TDCS_1_scalar.central.J.magn
  /network/iss/levy/valerocabre/stimSD/Data/derivatives/mri/2-simnibs-simu-left/0057/simulations/simulation_AFFT-left_8dbde024/subject_overlays/rh.0057_TDCS_1_scalar.central.J.normal  ->  rh.001-0057-HJ_TDCS_1_scalar.central.J.normal
  /network/iss/levy/valerocabre/stimSD/Data/derivatives/mri/2-simnibs-simu-left/0057/simulations/simulation_AFFT-left_8dbde024/subject_overlays/rh.0057_TDCS_1_scalar.central.J.tangent  ->  rh.001-0057-HJ_TDCS_1_scalar.central.J.tangent
  /network/iss/levy/valerocabre/stimSD/Data/derivatives/mri/2-simnibs-simu-left/0057/simulations/simulation_AFFT-left_8dbde024/subject_overlays/rh.0057_TDCS_1_scalar.central.J.angle  ->  rh.001-0057-HJ_TDCS_1_scalar.central.J.angle
  /network/iss/levy/valerocabre/stimSD/Data/derivatives/mri/2-simnibs-simu-left/0057/simulations/simulation_AFFT-left_8dbde024/subject_overlays/0057_TDCS_1_scalar_central.msh  ->  001-0057-HJ_TDCS_1_scalar_central.msh
  /network/iss/levy/valerocabre/stimSD/Data/derivatives/mri/2-simnibs-simu-left/0057/simulations/simulation_AFFT-left_8dbde024/subject_overlays/0057_TDCS_1_scalar_central.msh.opt  ->  001-0057-HJ_TDCS_1_scalar_central.msh.opt
  /network/iss/levy/valerocabre/stimSD/Data/derivatives/mri/2-simnibs-simu-left/0057/simulations/simulation_AFFT-left_8dbde024/subject_volumes/0057_TDCS_1_scalar_E.nii.gz  ->  001-0057-HJ_TDCS_1_scalar_E.nii.gz
  /network/iss/levy/valerocabre/stimSD/Data/derivatives/mri/2-simnibs-simu-left/0057/simulations/simulation_AFFT-left_8dbde024/subject_volumes/0057_TDCS_1_scalar_magnE.nii.gz  ->  001-0057-HJ_TDCS_1_scalar_magnE.nii.gz
  /network/iss/levy/valerocabre/stimSD/Data/derivatives/mri/2-simnibs-simu-left/0057/simulations/simulation_AFFT-left_8dbde024/subject_volumes/0057_TDCS_1_scalar_J.nii.gz  ->  001-0057-HJ_TDCS_1_scalar_J.nii.gz
  /network/iss/levy/valerocabre/stimSD/Data/derivatives/mri/2-simnibs-simu-left/0057/simulations/simulation_AFFT-left_8dbde024/subject_volumes/0057_TDCS_1_scalar_magnJ.nii.gz  ->  001-0057-HJ_TDCS_1_scalar_magnJ.nii.gz
  /network/iss/levy/valerocabre/stimSD/Data/derivatives/mri/2-simnibs-simu-left/0057/simulations/simulation_AFFT-left_8dbde024/mni_volumes/0057_TDCS_1_scalar_MNI_E.nii.gz  ->  001-0057-HJ_TDCS_1_scalar_MNI_E.nii.gz
  /network/iss/levy/valerocabre/stimSD/Data/derivatives/mri/2-simnibs-simu-left/0057/simulations/simulation_AFFT-left_8dbde024/mni_volumes/0057_TDCS_1_scalar_MNI_magnE.nii.gz  ->  001-0057-HJ_TDCS_1_scalar_MNI_magnE.nii.gz
  /network/iss/levy/valerocabre/stimSD/Data/derivatives/mri/2-simnibs-simu-left/0057/simulations/simulation_AFFT-left_8dbde024/mni_volumes/0057_TDCS_1_scalar_MNI_J.nii.gz  ->  001-0057-HJ_TDCS_1_scalar_MNI_J.nii.gz
  /network/iss/levy/valerocabre/stimSD/Data/derivatives/mri/2-simnibs-simu-left/0057/simulations/simulation_AFFT-left_8dbde024/mni_volumes/0057_TDCS_1_scalar_MNI_magnJ.nii.gz  ->  001-0057-HJ_TDCS_1_scalar_MNI_magnJ.nii.gz
  /network/iss/levy/valerocabre/stimSD/Data/derivatives/mri/2-simnibs-simu-left/0057/simulations/simulation_AFFT-left_8dbde024/mni_volumes/0057_TDCS_1_scalar_MNI_magnE_AFFT-left_masked.nii.gz  ->  001-0057-HJ_TDCS_1_scalar_MNI_magnE_AFFT-left_masked.nii.gz
  /network/iss/levy/valerocabre/stimSD/Data/derivatives/mri/2-simnibs-simu-left/0057/simulations/simulation_AFFT-left_8dbde024/mni_volumes/0057_TDCS_1_scalar_MNI_magnE_AFFT-left_cleaned.nii.gz  ->  001-0057-HJ_TDCS_1_scalar_MNI_magnE_AFFT-left_cleaned.nii.gz
  /network/iss/levy/valerocabre/stimSD/Data/derivatives/mri/2-simnibs-simu-left/0057/simulations/simulation_AFFT-left_8dbde024/mni_volumes/0057_TDCS_1_scalar_MNI_magnE_extra_AFFT-left_masked.nii.gz  ->  001-0057-HJ_TDCS_1_scalar_MNI_magnE_extra_AFFT-left_masked.nii.gz
  /network/iss/levy/valerocabre/stimSD/Data/derivatives/mri/2-simnibs-simu-left/0057/simulations/simulation_AFFT-left_8dbde024/mni_volumes/0057_TDCS_1_scalar_MNI_magnE_extra_AFFT-left_cleaned.nii.gz  ->  001-0057-HJ_TDCS_1_scalar_MNI_magnE_extra_AFFT-left_cleaned.nii.gz
  /network/iss/levy/valerocabre/stimSD/Data/derivatives/mri/2-simnibs-simu-left/0057/simulations/simulation_FTAF-left_a0a7d87a/subject_overlays/lh.0057_TDCS_1_scalar.central.E.magn  ->  lh.001-0057-HJ_TDCS_1_scalar.central.E.magn
  /network/iss/levy/valerocabre/stimSD/Data/derivatives/mri/2-simnibs-simu-left/0057/simulations/simulation_FTAF-left_a0a7d87a/subject_overlays/lh.0057_TDCS_1_scalar.central.E.normal  ->  lh.001-0057-HJ_TDCS_1_scalar.central.E.normal
  /network/iss/levy/valerocabre/stimSD/Data/derivatives/mri/2-simnibs-simu-left/0057/simulations/simulation_FTAF-left_a0a7d87a/subject_overlays/lh.0057_TDCS_1_scalar.central.E.tangent  ->  lh.001-0057-HJ_TDCS_1_scalar.central.E.tangent
  /network/iss/levy/valerocabre/stimSD/Data/derivatives/mri/2-simnibs-simu-left/0057/simulations/simulation_FTAF-left_a0a7d87a/subject_overlays/lh.0057_TDCS_1_scalar.central.E.angle  ->  lh.001-0057-HJ_TDCS_1_scalar.central.E.angle
  /network/iss/levy/valerocabre/stimSD/Data/derivatives/mri/2-simnibs-simu-left/0057/simulations/simulation_FTAF-left_a0a7d87a/subject_overlays/rh.0057_TDCS_1_scalar.central.E.magn  ->  rh.001-0057-HJ_TDCS_1_scalar.central.E.magn
  /network/iss/levy/valerocabre/stimSD/Data/derivatives/mri/2-simnibs-simu-left/0057/simulations/simulation_FTAF-left_a0a7d87a/subject_overlays/rh.0057_TDCS_1_scalar.central.E.normal  ->  rh.001-0057-HJ_TDCS_1_scalar.central.E.normal
  /network/iss/levy/valerocabre/stimSD/Data/derivatives/mri/2-simnibs-simu-left/0057/simulations/simulation_FTAF-left_a0a7d87a/subject_overlays/rh.0057_TDCS_1_scalar.central.E.tangent  ->  rh.001-0057-HJ_TDCS_1_scalar.central.E.tangent
  /network/iss/levy/valerocabre/stimSD/Data/derivatives/mri/2-simnibs-simu-left/0057/simulations/simulation_FTAF-left_a0a7d87a/subject_overlays/rh.0057_TDCS_1_scalar.central.E.angle  ->  rh.001-0057-HJ_TDCS_1_scalar.central.E.angle
  /network/iss/levy/valerocabre/stimSD/Data/derivatives/mri/2-simnibs-simu-left/0057/simulations/simulation_FTAF-left_a0a7d87a/subject_overlays/lh.0057_TDCS_1_scalar.central.J.magn  ->  lh.001-0057-HJ_TDCS_1_scalar.central.J.magn
  /network/iss/levy/valerocabre/stimSD/Data/derivatives/mri/2-simnibs-simu-left/0057/simulations/simulation_FTAF-left_a0a7d87a/subject_overlays/lh.0057_TDCS_1_scalar.central.J.normal  ->  lh.001-0057-HJ_TDCS_1_scalar.central.J.normal
  /network/iss/levy/valerocabre/stimSD/Data/derivatives/mri/2-simnibs-simu-left/0057/simulations/simulation_FTAF-left_a0a7d87a/subject_overlays/lh.0057_TDCS_1_scalar.central.J.tangent  ->  lh.001-0057-HJ_TDCS_1_scalar.central.J.tangent
  /network/iss/levy/valerocabre/stimSD/Data/derivatives/mri/2-simnibs-simu-left/0057/simulations/simulation_FTAF-left_a0a7d87a/subject_overlays/lh.0057_TDCS_1_scalar.central.J.angle  ->  lh.001-0057-HJ_TDCS_1_scalar.central.J.angle
  /network/iss/levy/valerocabre/stimSD/Data/derivatives/mri/2-simnibs-simu-left/0057/simulations/simulation_FTAF-left_a0a7d87a/subject_overlays/rh.0057_TDCS_1_scalar.central.J.magn  ->  rh.001-0057-HJ_TDCS_1_scalar.central.J.magn
  /network/iss/levy/valerocabre/stimSD/Data/derivatives/mri/2-simnibs-simu-left/0057/simulations/simulation_FTAF-left_a0a7d87a/subject_overlays/rh.0057_TDCS_1_scalar.central.J.normal  ->  rh.001-0057-HJ_TDCS_1_scalar.central.J.normal
  /network/iss/levy/valerocabre/stimSD/Data/derivatives/mri/2-simnibs-simu-left/0057/simulations/simulation_FTAF-left_a0a7d87a/subject_overlays/rh.0057_TDCS_1_scalar.central.J.tangent  ->  rh.001-0057-HJ_TDCS_1_scalar.central.J.tangent
  /network/iss/levy/valerocabre/stimSD/Data/derivatives/mri/2-simnibs-simu-left/0057/simulations/simulation_FTAF-left_a0a7d87a/subject_overlays/rh.0057_TDCS_1_scalar.central.J.angle  ->  rh.001-0057-HJ_TDCS_1_scalar.central.J.angle
  /network/iss/levy/valerocabre/stimSD/Data/derivatives/mri/2-simnibs-simu-left/0057/simulations/simulation_FTAF-left_a0a7d87a/subject_overlays/0057_TDCS_1_scalar_central.msh  ->  001-0057-HJ_TDCS_1_scalar_central.msh
  /network/iss/levy/valerocabre/stimSD/Data/derivatives/mri/2-simnibs-simu-left/0057/simulations/simulation_FTAF-left_a0a7d87a/subject_overlays/0057_TDCS_1_scalar_central.msh.opt  ->  001-0057-HJ_TDCS_1_scalar_central.msh.opt
  /network/iss/levy/valerocabre/stimSD/Data/derivatives/mri/2-simnibs-simu-left/0057/simulations/simulation_FTAF-left_a0a7d87a/subject_volumes/0057_TDCS_1_scalar_E.nii.gz  ->  001-0057-HJ_TDCS_1_scalar_E.nii.gz
  /network/iss/levy/valerocabre/stimSD/Data/derivatives/mri/2-simnibs-simu-left/0057/simulations/simulation_FTAF-left_a0a7d87a/subject_volumes/0057_TDCS_1_scalar_magnE.nii.gz  ->  001-0057-HJ_TDCS_1_scalar_magnE.nii.gz
  /network/iss/levy/valerocabre/stimSD/Data/derivatives/mri/2-simnibs-simu-left/0057/simulations/simulation_FTAF-left_a0a7d87a/subject_volumes/0057_TDCS_1_scalar_J.nii.gz  ->  001-0057-HJ_TDCS_1_scalar_J.nii.gz
  /network/iss/levy/valerocabre/stimSD/Data/derivatives/mri/2-simnibs-simu-left/0057/simulations/simulation_FTAF-left_a0a7d87a/subject_volumes/0057_TDCS_1_scalar_magnJ.nii.gz  ->  001-0057-HJ_TDCS_1_scalar_magnJ.nii.gz
  /network/iss/levy/valerocabre/stimSD/Data/derivatives/mri/2-simnibs-simu-left/0057/simulations/simulation_FTAF-left_a0a7d87a/mni_volumes/0057_TDCS_1_scalar_MNI_E.nii.gz  ->  001-0057-HJ_TDCS_1_scalar_MNI_E.nii.gz
  /network/iss/levy/valerocabre/stimSD/Data/derivatives/mri/2-simnibs-simu-left/0057/simulations/simulation_FTAF-left_a0a7d87a/mni_volumes/0057_TDCS_1_scalar_MNI_magnE.nii.gz  ->  001-0057-HJ_TDCS_1_scalar_MNI_magnE.nii.gz
  /network/iss/levy/valerocabre/stimSD/Data/derivatives/mri/2-simnibs-simu-left/0057/simulations/simulation_FTAF-left_a0a7d87a/mni_volumes/0057_TDCS_1_scalar_MNI_J.nii.gz  ->  001-0057-HJ_TDCS_1_scalar_MNI_J.nii.gz
  /network/iss/levy/valerocabre/stimSD/Data/derivatives/mri/2-simnibs-simu-left/0057/simulations/simulation_FTAF-left_a0a7d87a/mni_volumes/0057_TDCS_1_scalar_MNI_magnJ.nii.gz  ->  001-0057-HJ_TDCS_1_scalar_MNI_magnJ.nii.gz
  /network/iss/levy/valerocabre/stimSD/Data/derivatives/mri/2-simnibs-simu-left/0057/simulations/simulation_FTAF-left_a0a7d87a/mni_volumes/0057_TDCS_1_scalar_MNI_magnE_FTAF-left_masked.nii.gz  ->  001-0057-HJ_TDCS_1_scalar_MNI_magnE_FTAF-left_masked.nii.gz
  /network/iss/levy/valerocabre/stimSD/Data/derivatives/mri/2-simnibs-simu-left/0057/simulations/simulation_FTAF-left_a0a7d87a/mni_volumes/0057_TDCS_1_scalar_MNI_magnE_FTAF-left_cleaned.nii.gz  ->  001-0057-HJ_TDCS_1_scalar_MNI_magnE_FTAF-left_cleaned.nii.gz
  /network/iss/levy/valerocabre/stimSD/Data/derivatives/mri/2-simnibs-simu-left/0057/simulations/simulation_FTAF-left_a0a7d87a/mni_volumes/0057_TDCS_1_scalar_MNI_magnE_extra_FTAF-left_masked.nii.gz  ->  001-0057-HJ_TDCS_1_scalar_MNI_magnE_extra_FTAF-left_masked.nii.gz
  /network/iss/levy/valerocabre/stimSD/Data/derivatives/mri/2-simnibs-simu-left/0057/simulations/simulation_FTAF-left_a0a7d87a/mni_volumes/0057_TDCS_1_scalar_MNI_magnE_extra_FTAF-left_cleaned.nii.gz  ->  001-0057-HJ_TDCS_1_scalar_MNI_magnE_extra_FTAF-left_cleaned.nii.gz
  /network/iss/levy/valerocabre/stimSD/Data/derivatives/mri/2-simnibs-simu-left/0060/simulations/simulation_AFFT-left_8dbde024/subject_overlays/lh.0060_TDCS_1_scalar.central.E.magn  ->  lh.001-0060-GL_TDCS_1_scalar.central.E.magn
  /network/iss/levy/valerocabre/stimSD/Data/derivatives/mri/2-simnibs-simu-left/0060/simulations/simulation_AFFT-left_8dbde024/subject_overlays/lh.0060_TDCS_1_scalar.central.E.normal  ->  lh.001-0060-GL_TDCS_1_scalar.central.E.normal
  /network/iss/levy/valerocabre/stimSD/Data/derivatives/mri/2-simnibs-simu-left/0060/simulations/simulation_AFFT-left_8dbde024/subject_overlays/lh.0060_TDCS_1_scalar.central.E.tangent  ->  lh.001-0060-GL_TDCS_1_scalar.central.E.tangent
  /network/iss/levy/valerocabre/stimSD/Data/derivatives/mri/2-simnibs-simu-left/0060/simulations/simulation_AFFT-left_8dbde024/subject_overlays/lh.0060_TDCS_1_scalar.central.E.angle  ->  lh.001-0060-GL_TDCS_1_scalar.central.E.angle
  /network/iss/levy/valerocabre/stimSD/Data/derivatives/mri/2-simnibs-simu-left/0060/simulations/simulation_AFFT-left_8dbde024/subject_overlays/rh.0060_TDCS_1_scalar.central.E.magn  ->  rh.001-0060-GL_TDCS_1_scalar.central.E.magn
  /network/iss/levy/valerocabre/stimSD/Data/derivatives/mri/2-simnibs-simu-left/0060/simulations/simulation_AFFT-left_8dbde024/subject_overlays/rh.0060_TDCS_1_scalar.central.E.normal  ->  rh.001-0060-GL_TDCS_1_scalar.central.E.normal
  /network/iss/levy/valerocabre/stimSD/Data/derivatives/mri/2-simnibs-simu-left/0060/simulations/simulation_AFFT-left_8dbde024/subject_overlays/rh.0060_TDCS_1_scalar.central.E.tangent  ->  rh.001-0060-GL_TDCS_1_scalar.central.E.tangent
  /network/iss/levy/valerocabre/stimSD/Data/derivatives/mri/2-simnibs-simu-left/0060/simulations/simulation_AFFT-left_8dbde024/subject_overlays/rh.0060_TDCS_1_scalar.central.E.angle  ->  rh.001-0060-GL_TDCS_1_scalar.central.E.angle
  /network/iss/levy/valerocabre/stimSD/Data/derivatives/mri/2-simnibs-simu-left/0060/simulations/simulation_AFFT-left_8dbde024/subject_overlays/lh.0060_TDCS_1_scalar.central.J.magn  ->  lh.001-0060-GL_TDCS_1_scalar.central.J.magn
  /network/iss/levy/valerocabre/stimSD/Data/derivatives/mri/2-simnibs-simu-left/0060/simulations/simulation_AFFT-left_8dbde024/subject_overlays/lh.0060_TDCS_1_scalar.central.J.normal  ->  lh.001-0060-GL_TDCS_1_scalar.central.J.normal
  /network/iss/levy/valerocabre/stimSD/Data/derivatives/mri/2-simnibs-simu-left/0060/simulations/simulation_AFFT-left_8dbde024/subject_overlays/lh.0060_TDCS_1_scalar.central.J.tangent  ->  lh.001-0060-GL_TDCS_1_scalar.central.J.tangent
  /network/iss/levy/valerocabre/stimSD/Data/derivatives/mri/2-simnibs-simu-left/0060/simulations/simulation_AFFT-left_8dbde024/subject_overlays/lh.0060_TDCS_1_scalar.central.J.angle  ->  lh.001-0060-GL_TDCS_1_scalar.central.J.angle
  /network/iss/levy/valerocabre/stimSD/Data/derivatives/mri/2-simnibs-simu-left/0060/simulations/simulation_AFFT-left_8dbde024/subject_overlays/rh.0060_TDCS_1_scalar.central.J.magn  ->  rh.001-0060-GL_TDCS_1_scalar.central.J.magn
  /network/iss/levy/valerocabre/stimSD/Data/derivatives/mri/2-simnibs-simu-left/0060/simulations/simulation_AFFT-left_8dbde024/subject_overlays/rh.0060_TDCS_1_scalar.central.J.normal  ->  rh.001-0060-GL_TDCS_1_scalar.central.J.normal
  /network/iss/levy/valerocabre/stimSD/Data/derivatives/mri/2-simnibs-simu-left/0060/simulations/simulation_AFFT-left_8dbde024/subject_overlays/rh.0060_TDCS_1_scalar.central.J.tangent  ->  rh.001-0060-GL_TDCS_1_scalar.central.J.tangent
  /network/iss/levy/valerocabre/stimSD/Data/derivatives/mri/2-simnibs-simu-left/0060/simulations/simulation_AFFT-left_8dbde024/subject_overlays/rh.0060_TDCS_1_scalar.central.J.angle  ->  rh.001-0060-GL_TDCS_1_scalar.central.J.angle
  /network/iss/levy/valerocabre/stimSD/Data/derivatives/mri/2-simnibs-simu-left/0060/simulations/simulation_AFFT-left_8dbde024/subject_overlays/0060_TDCS_1_scalar_central.msh  ->  001-0060-GL_TDCS_1_scalar_central.msh
  /network/iss/levy/valerocabre/stimSD/Data/derivatives/mri/2-simnibs-simu-left/0060/simulations/simulation_AFFT-left_8dbde024/subject_overlays/0060_TDCS_1_scalar_central.msh.opt  ->  001-0060-GL_TDCS_1_scalar_central.msh.opt
  /network/iss/levy/valerocabre/stimSD/Data/derivatives/mri/2-simnibs-simu-left/0060/simulations/simulation_AFFT-left_8dbde024/subject_volumes/0060_TDCS_1_scalar_E.nii.gz  ->  001-0060-GL_TDCS_1_scalar_E.nii.gz
  /network/iss/levy/valerocabre/stimSD/Data/derivatives/mri/2-simnibs-simu-left/0060/simulations/simulation_AFFT-left_8dbde024/subject_volumes/0060_TDCS_1_scalar_magnE.nii.gz  ->  001-0060-GL_TDCS_1_scalar_magnE.nii.gz
  /network/iss/levy/valerocabre/stimSD/Data/derivatives/mri/2-simnibs-simu-left/0060/simulations/simulation_AFFT-left_8dbde024/subject_volumes/0060_TDCS_1_scalar_J.nii.gz  ->  001-0060-GL_TDCS_1_scalar_J.nii.gz
  /network/iss/levy/valerocabre/stimSD/Data/derivatives/mri/2-simnibs-simu-left/0060/simulations/simulation_AFFT-left_8dbde024/subject_volumes/0060_TDCS_1_scalar_magnJ.nii.gz  ->  001-0060-GL_TDCS_1_scalar_magnJ.nii.gz
  /network/iss/levy/valerocabre/stimSD/Data/derivatives/mri/2-simnibs-simu-left/0060/simulations/simulation_AFFT-left_8dbde024/mni_volumes/0060_TDCS_1_scalar_MNI_E.nii.gz  ->  001-0060-GL_TDCS_1_scalar_MNI_E.nii.gz
  /network/iss/levy/valerocabre/stimSD/Data/derivatives/mri/2-simnibs-simu-left/0060/simulations/simulation_AFFT-left_8dbde024/mni_volumes/0060_TDCS_1_scalar_MNI_magnE.nii.gz  ->  001-0060-GL_TDCS_1_scalar_MNI_magnE.nii.gz
  /network/iss/levy/valerocabre/stimSD/Data/derivatives/mri/2-simnibs-simu-left/0060/simulations/simulation_AFFT-left_8dbde024/mni_volumes/0060_TDCS_1_scalar_MNI_J.nii.gz  ->  001-0060-GL_TDCS_1_scalar_MNI_J.nii.gz
  /network/iss/levy/valerocabre/stimSD/Data/derivatives/mri/2-simnibs-simu-left/0060/simulations/simulation_AFFT-left_8dbde024/mni_volumes/0060_TDCS_1_scalar_MNI_magnJ.nii.gz  ->  001-0060-GL_TDCS_1_scalar_MNI_magnJ.nii.gz
  /network/iss/levy/valerocabre/stimSD/Data/derivatives/mri/2-simnibs-simu-left/0060/simulations/simulation_AFFT-left_8dbde024/mni_volumes/0060_TDCS_1_scalar_MNI_magnE_AFFT-left_masked.nii.gz  ->  001-0060-GL_TDCS_1_scalar_MNI_magnE_AFFT-left_masked.nii.gz
  /network/iss/levy/valerocabre/stimSD/Data/derivatives/mri/2-simnibs-simu-left/0060/simulations/simulation_AFFT-left_8dbde024/mni_volumes/0060_TDCS_1_scalar_MNI_magnE_AFFT-left_cleaned.nii.gz  ->  001-0060-GL_TDCS_1_scalar_MNI_magnE_AFFT-left_cleaned.nii.gz
  /network/iss/levy/valerocabre/stimSD/Data/derivatives/mri/2-simnibs-simu-left/0060/simulations/simulation_AFFT-left_8dbde024/mni_volumes/0060_TDCS_1_scalar_MNI_magnE_extra_AFFT-left_masked.nii.gz  ->  001-0060-GL_TDCS_1_scalar_MNI_magnE_extra_AFFT-left_masked.nii.gz
  /network/iss/levy/valerocabre/stimSD/Data/derivatives/mri/2-simnibs-simu-left/0060/simulations/simulation_AFFT-left_8dbde024/mni_volumes/0060_TDCS_1_scalar_MNI_magnE_extra_AFFT-left_cleaned.nii.gz  ->  001-0060-GL_TDCS_1_scalar_MNI_magnE_extra_AFFT-left_cleaned.nii.gz
  /network/iss/levy/valerocabre/stimSD/Data/derivatives/mri/2-simnibs-simu-left/0060/simulations/simulation_FTAF-left_a0a7d87a/subject_overlays/lh.0060_TDCS_1_scalar.central.E.magn  ->  lh.001-0060-GL_TDCS_1_scalar.central.E.magn
  /network/iss/levy/valerocabre/stimSD/Data/derivatives/mri/2-simnibs-simu-left/0060/simulations/simulation_FTAF-left_a0a7d87a/subject_overlays/lh.0060_TDCS_1_scalar.central.E.normal  ->  lh.001-0060-GL_TDCS_1_scalar.central.E.normal
  /network/iss/levy/valerocabre/stimSD/Data/derivatives/mri/2-simnibs-simu-left/0060/simulations/simulation_FTAF-left_a0a7d87a/subject_overlays/lh.0060_TDCS_1_scalar.central.E.tangent  ->  lh.001-0060-GL_TDCS_1_scalar.central.E.tangent
  /network/iss/levy/valerocabre/stimSD/Data/derivatives/mri/2-simnibs-simu-left/0060/simulations/simulation_FTAF-left_a0a7d87a/subject_overlays/lh.0060_TDCS_1_scalar.central.E.angle  ->  lh.001-0060-GL_TDCS_1_scalar.central.E.angle
  /network/iss/levy/valerocabre/stimSD/Data/derivatives/mri/2-simnibs-simu-left/0060/simulations/simulation_FTAF-left_a0a7d87a/subject_overlays/rh.0060_TDCS_1_scalar.central.E.magn  ->  rh.001-0060-GL_TDCS_1_scalar.central.E.magn
  /network/iss/levy/valerocabre/stimSD/Data/derivatives/mri/2-simnibs-simu-left/0060/simulations/simulation_FTAF-left_a0a7d87a/subject_overlays/rh.0060_TDCS_1_scalar.central.E.normal  ->  rh.001-0060-GL_TDCS_1_scalar.central.E.normal
  /network/iss/levy/valerocabre/stimSD/Data/derivatives/mri/2-simnibs-simu-left/0060/simulations/simulation_FTAF-left_a0a7d87a/subject_overlays/rh.0060_TDCS_1_scalar.central.E.tangent  ->  rh.001-0060-GL_TDCS_1_scalar.central.E.tangent
  /network/iss/levy/valerocabre/stimSD/Data/derivatives/mri/2-simnibs-simu-left/0060/simulations/simulation_FTAF-left_a0a7d87a/subject_overlays/rh.0060_TDCS_1_scalar.central.E.angle  ->  rh.001-0060-GL_TDCS_1_scalar.central.E.angle
  /network/iss/levy/valerocabre/stimSD/Data/derivatives/mri/2-simnibs-simu-left/0060/simulations/simulation_FTAF-left_a0a7d87a/subject_overlays/lh.0060_TDCS_1_scalar.central.J.magn  ->  lh.001-0060-GL_TDCS_1_scalar.central.J.magn
  /network/iss/levy/valerocabre/stimSD/Data/derivatives/mri/2-simnibs-simu-left/0060/simulations/simulation_FTAF-left_a0a7d87a/subject_overlays/lh.0060_TDCS_1_scalar.central.J.normal  ->  lh.001-0060-GL_TDCS_1_scalar.central.J.normal
  /network/iss/levy/valerocabre/stimSD/Data/derivatives/mri/2-simnibs-simu-left/0060/simulations/simulation_FTAF-left_a0a7d87a/subject_overlays/lh.0060_TDCS_1_scalar.central.J.tangent  ->  lh.001-0060-GL_TDCS_1_scalar.central.J.tangent
  /network/iss/levy/valerocabre/stimSD/Data/derivatives/mri/2-simnibs-simu-left/0060/simulations/simulation_FTAF-left_a0a7d87a/subject_overlays/lh.0060_TDCS_1_scalar.central.J.angle  ->  lh.001-0060-GL_TDCS_1_scalar.central.J.angle
  /network/iss/levy/valerocabre/stimSD/Data/derivatives/mri/2-simnibs-simu-left/0060/simulations/simulation_FTAF-left_a0a7d87a/subject_overlays/rh.0060_TDCS_1_scalar.central.J.magn  ->  rh.001-0060-GL_TDCS_1_scalar.central.J.magn
  /network/iss/levy/valerocabre/stimSD/Data/derivatives/mri/2-simnibs-simu-left/0060/simulations/simulation_FTAF-left_a0a7d87a/subject_overlays/rh.0060_TDCS_1_scalar.central.J.normal  ->  rh.001-0060-GL_TDCS_1_scalar.central.J.normal
  /network/iss/levy/valerocabre/stimSD/Data/derivatives/mri/2-simnibs-simu-left/0060/simulations/simulation_FTAF-left_a0a7d87a/subject_overlays/rh.0060_TDCS_1_scalar.central.J.tangent  ->  rh.001-0060-GL_TDCS_1_scalar.central.J.tangent
  /network/iss/levy/valerocabre/stimSD/Data/derivatives/mri/2-simnibs-simu-left/0060/simulations/simulation_FTAF-left_a0a7d87a/subject_overlays/rh.0060_TDCS_1_scalar.central.J.angle  ->  rh.001-0060-GL_TDCS_1_scalar.central.J.angle
  /network/iss/levy/valerocabre/stimSD/Data/derivatives/mri/2-simnibs-simu-left/0060/simulations/simulation_FTAF-left_a0a7d87a/subject_overlays/0060_TDCS_1_scalar_central.msh  ->  001-0060-GL_TDCS_1_scalar_central.msh
  /network/iss/levy/valerocabre/stimSD/Data/derivatives/mri/2-simnibs-simu-left/0060/simulations/simulation_FTAF-left_a0a7d87a/subject_overlays/0060_TDCS_1_scalar_central.msh.opt  ->  001-0060-GL_TDCS_1_scalar_central.msh.opt
  /network/iss/levy/valerocabre/stimSD/Data/derivatives/mri/2-simnibs-simu-left/0060/simulations/simulation_FTAF-left_a0a7d87a/subject_volumes/0060_TDCS_1_scalar_E.nii.gz  ->  001-0060-GL_TDCS_1_scalar_E.nii.gz
  /network/iss/levy/valerocabre/stimSD/Data/derivatives/mri/2-simnibs-simu-left/0060/simulations/simulation_FTAF-left_a0a7d87a/subject_volumes/0060_TDCS_1_scalar_magnE.nii.gz  ->  001-0060-GL_TDCS_1_scalar_magnE.nii.gz
  /network/iss/levy/valerocabre/stimSD/Data/derivatives/mri/2-simnibs-simu-left/0060/simulations/simulation_FTAF-left_a0a7d87a/subject_volumes/0060_TDCS_1_scalar_J.nii.gz  ->  001-0060-GL_TDCS_1_scalar_J.nii.gz
  /network/iss/levy/valerocabre/stimSD/Data/derivatives/mri/2-simnibs-simu-left/0060/simulations/simulation_FTAF-left_a0a7d87a/subject_volumes/0060_TDCS_1_scalar_magnJ.nii.gz  ->  001-0060-GL_TDCS_1_scalar_magnJ.nii.gz
  /network/iss/levy/valerocabre/stimSD/Data/derivatives/mri/2-simnibs-simu-left/0060/simulations/simulation_FTAF-left_a0a7d87a/mni_volumes/0060_TDCS_1_scalar_MNI_E.nii.gz  ->  001-0060-GL_TDCS_1_scalar_MNI_E.nii.gz
  /network/iss/levy/valerocabre/stimSD/Data/derivatives/mri/2-simnibs-simu-left/0060/simulations/simulation_FTAF-left_a0a7d87a/mni_volumes/0060_TDCS_1_scalar_MNI_magnE.nii.gz  ->  001-0060-GL_TDCS_1_scalar_MNI_magnE.nii.gz
  /network/iss/levy/valerocabre/stimSD/Data/derivatives/mri/2-simnibs-simu-left/0060/simulations/simulation_FTAF-left_a0a7d87a/mni_volumes/0060_TDCS_1_scalar_MNI_J.nii.gz  ->  001-0060-GL_TDCS_1_scalar_MNI_J.nii.gz
  /network/iss/levy/valerocabre/stimSD/Data/derivatives/mri/2-simnibs-simu-left/0060/simulations/simulation_FTAF-left_a0a7d87a/mni_volumes/0060_TDCS_1_scalar_MNI_magnJ.nii.gz  ->  001-0060-GL_TDCS_1_scalar_MNI_magnJ.nii.gz
  /network/iss/levy/valerocabre/stimSD/Data/derivatives/mri/2-simnibs-simu-left/0060/simulations/simulation_FTAF-left_a0a7d87a/mni_volumes/0060_TDCS_1_scalar_MNI_magnE_FTAF-left_masked.nii.gz  ->  001-0060-GL_TDCS_1_scalar_MNI_magnE_FTAF-left_masked.nii.gz
  /network/iss/levy/valerocabre/stimSD/Data/derivatives/mri/2-simnibs-simu-left/0060/simulations/simulation_FTAF-left_a0a7d87a/mni_volumes/0060_TDCS_1_scalar_MNI_magnE_FTAF-left_cleaned.nii.gz  ->  001-0060-GL_TDCS_1_scalar_MNI_magnE_FTAF-left_cleaned.nii.gz
  /network/iss/levy/valerocabre/stimSD/Data/derivatives/mri/2-simnibs-simu-left/0060/simulations/simulation_FTAF-left_a0a7d87a/mni_volumes/0060_TDCS_1_scalar_MNI_magnE_extra_FTAF-left_masked.nii.gz  ->  001-0060-GL_TDCS_1_scalar_MNI_magnE_extra_FTAF-left_masked.nii.gz
  /network/iss/levy/valerocabre/stimSD/Data/derivatives/mri/2-simnibs-simu-left/0060/simulations/simulation_FTAF-left_a0a7d87a/mni_volumes/0060_TDCS_1_scalar_MNI_magnE_extra_FTAF-left_cleaned.nii.gz  ->  001-0060-GL_TDCS_1_scalar_MNI_magnE_extra_FTAF-left_cleaned.nii.gz
  /network/iss/levy/valerocabre/stimSD/Data/derivatives/mri/2-simnibs-simu-left/0058/simulations/simulation_AFFT-left_8dbde024/subject_overlays/lh.0058_TDCS_1_scalar.central.E.magn  ->  lh.001-0058-TC_TDCS_1_scalar.central.E.magn
  /network/iss/levy/valerocabre/stimSD/Data/derivatives/mri/2-simnibs-simu-left/0058/simulations/simulation_AFFT-left_8dbde024/subject_overlays/lh.0058_TDCS_1_scalar.central.E.normal  ->  lh.001-0058-TC_TDCS_1_scalar.central.E.normal
  /network/iss/levy/valerocabre/stimSD/Data/derivatives/mri/2-simnibs-simu-left/0058/simulations/simulation_AFFT-left_8dbde024/subject_overlays/lh.0058_TDCS_1_scalar.central.E.tangent  ->  lh.001-0058-TC_TDCS_1_scalar.central.E.tangent
  /network/iss/levy/valerocabre/stimSD/Data/derivatives/mri/2-simnibs-simu-left/0058/simulations/simulation_AFFT-left_8dbde024/subject_overlays/lh.0058_TDCS_1_scalar.central.E.angle  ->  lh.001-0058-TC_TDCS_1_scalar.central.E.angle
  /network/iss/levy/valerocabre/stimSD/Data/derivatives/mri/2-simnibs-simu-left/0058/simulations/simulation_AFFT-left_8dbde024/subject_overlays/rh.0058_TDCS_1_scalar.central.E.magn  ->  rh.001-0058-TC_TDCS_1_scalar.central.E.magn
  /network/iss/levy/valerocabre/stimSD/Data/derivatives/mri/2-simnibs-simu-left/0058/simulations/simulation_AFFT-left_8dbde024/subject_overlays/rh.0058_TDCS_1_scalar.central.E.normal  ->  rh.001-0058-TC_TDCS_1_scalar.central.E.normal
  /network/iss/levy/valerocabre/stimSD/Data/derivatives/mri/2-simnibs-simu-left/0058/simulations/simulation_AFFT-left_8dbde024/subject_overlays/rh.0058_TDCS_1_scalar.central.E.tangent  ->  rh.001-0058-TC_TDCS_1_scalar.central.E.tangent
  /network/iss/levy/valerocabre/stimSD/Data/derivatives/mri/2-simnibs-simu-left/0058/simulations/simulation_AFFT-left_8dbde024/subject_overlays/rh.0058_TDCS_1_scalar.central.E.angle  ->  rh.001-0058-TC_TDCS_1_scalar.central.E.angle
  /network/iss/levy/valerocabre/stimSD/Data/derivatives/mri/2-simnibs-simu-left/0058/simulations/simulation_AFFT-left_8dbde024/subject_overlays/lh.0058_TDCS_1_scalar.central.J.magn  ->  lh.001-0058-TC_TDCS_1_scalar.central.J.magn
  /network/iss/levy/valerocabre/stimSD/Data/derivatives/mri/2-simnibs-simu-left/0058/simulations/simulation_AFFT-left_8dbde024/subject_overlays/lh.0058_TDCS_1_scalar.central.J.normal  ->  lh.001-0058-TC_TDCS_1_scalar.central.J.normal
  /network/iss/levy/valerocabre/stimSD/Data/derivatives/mri/2-simnibs-simu-left/0058/simulations/simulation_AFFT-left_8dbde024/subject_overlays/lh.0058_TDCS_1_scalar.central.J.tangent  ->  lh.001-0058-TC_TDCS_1_scalar.central.J.tangent
  /network/iss/levy/valerocabre/stimSD/Data/derivatives/mri/2-simnibs-simu-left/0058/simulations/simulation_AFFT-left_8dbde024/subject_overlays/lh.0058_TDCS_1_scalar.central.J.angle  ->  lh.001-0058-TC_TDCS_1_scalar.central.J.angle
  /network/iss/levy/valerocabre/stimSD/Data/derivatives/mri/2-simnibs-simu-left/0058/simulations/simulation_AFFT-left_8dbde024/subject_overlays/rh.0058_TDCS_1_scalar.central.J.magn  ->  rh.001-0058-TC_TDCS_1_scalar.central.J.magn
  /network/iss/levy/valerocabre/stimSD/Data/derivatives/mri/2-simnibs-simu-left/0058/simulations/simulation_AFFT-left_8dbde024/subject_overlays/rh.0058_TDCS_1_scalar.central.J.normal  ->  rh.001-0058-TC_TDCS_1_scalar.central.J.normal
  /network/iss/levy/valerocabre/stimSD/Data/derivatives/mri/2-simnibs-simu-left/0058/simulations/simulation_AFFT-left_8dbde024/subject_overlays/rh.0058_TDCS_1_scalar.central.J.tangent  ->  rh.001-0058-TC_TDCS_1_scalar.central.J.tangent
  /network/iss/levy/valerocabre/stimSD/Data/derivatives/mri/2-simnibs-simu-left/0058/simulations/simulation_AFFT-left_8dbde024/subject_overlays/rh.0058_TDCS_1_scalar.central.J.angle  ->  rh.001-0058-TC_TDCS_1_scalar.central.J.angle
  /network/iss/levy/valerocabre/stimSD/Data/derivatives/mri/2-simnibs-simu-left/0058/simulations/simulation_AFFT-left_8dbde024/subject_overlays/0058_TDCS_1_scalar_central.msh  ->  001-0058-TC_TDCS_1_scalar_central.msh
  /network/iss/levy/valerocabre/stimSD/Data/derivatives/mri/2-simnibs-simu-left/0058/simulations/simulation_AFFT-left_8dbde024/subject_overlays/0058_TDCS_1_scalar_central.msh.opt  ->  001-0058-TC_TDCS_1_scalar_central.msh.opt
  /network/iss/levy/valerocabre/stimSD/Data/derivatives/mri/2-simnibs-simu-left/0058/simulations/simulation_AFFT-left_8dbde024/subject_volumes/0058_TDCS_1_scalar_E.nii.gz  ->  001-0058-TC_TDCS_1_scalar_E.nii.gz
  /network/iss/levy/valerocabre/stimSD/Data/derivatives/mri/2-simnibs-simu-left/0058/simulations/simulation_AFFT-left_8dbde024/subject_volumes/0058_TDCS_1_scalar_magnE.nii.gz  ->  001-0058-TC_TDCS_1_scalar_magnE.nii.gz
  /network/iss/levy/valerocabre/stimSD/Data/derivatives/mri/2-simnibs-simu-left/0058/simulations/simulation_AFFT-left_8dbde024/subject_volumes/0058_TDCS_1_scalar_J.nii.gz  ->  001-0058-TC_TDCS_1_scalar_J.nii.gz
  /network/iss/levy/valerocabre/stimSD/Data/derivatives/mri/2-simnibs-simu-left/0058/simulations/simulation_AFFT-left_8dbde024/subject_volumes/0058_TDCS_1_scalar_magnJ.nii.gz  ->  001-0058-TC_TDCS_1_scalar_magnJ.nii.gz
  /network/iss/levy/valerocabre/stimSD/Data/derivatives/mri/2-simnibs-simu-left/0058/simulations/simulation_AFFT-left_8dbde024/mni_volumes/0058_TDCS_1_scalar_MNI_E.nii.gz  ->  001-0058-TC_TDCS_1_scalar_MNI_E.nii.gz
  /network/iss/levy/valerocabre/stimSD/Data/derivatives/mri/2-simnibs-simu-left/0058/simulations/simulation_AFFT-left_8dbde024/mni_volumes/0058_TDCS_1_scalar_MNI_magnE.nii.gz  ->  001-0058-TC_TDCS_1_scalar_MNI_magnE.nii.gz
  /network/iss/levy/valerocabre/stimSD/Data/derivatives/mri/2-simnibs-simu-left/0058/simulations/simulation_AFFT-left_8dbde024/mni_volumes/0058_TDCS_1_scalar_MNI_J.nii.gz  ->  001-0058-TC_TDCS_1_scalar_MNI_J.nii.gz
  /network/iss/levy/valerocabre/stimSD/Data/derivatives/mri/2-simnibs-simu-left/0058/simulations/simulation_AFFT-left_8dbde024/mni_volumes/0058_TDCS_1_scalar_MNI_magnJ.nii.gz  ->  001-0058-TC_TDCS_1_scalar_MNI_magnJ.nii.gz
  /network/iss/levy/valerocabre/stimSD/Data/derivatives/mri/2-simnibs-simu-left/0058/simulations/simulation_AFFT-left_8dbde024/mni_volumes/0058_TDCS_1_scalar_MNI_magnE_AFFT-left_masked.nii.gz  ->  001-0058-TC_TDCS_1_scalar_MNI_magnE_AFFT-left_masked.nii.gz
  /network/iss/levy/valerocabre/stimSD/Data/derivatives/mri/2-simnibs-simu-left/0058/simulations/simulation_AFFT-left_8dbde024/mni_volumes/0058_TDCS_1_scalar_MNI_magnE_AFFT-left_cleaned.nii.gz  ->  001-0058-TC_TDCS_1_scalar_MNI_magnE_AFFT-left_cleaned.nii.gz
  /network/iss/levy/valerocabre/stimSD/Data/derivatives/mri/2-simnibs-simu-left/0058/simulations/simulation_AFFT-left_8dbde024/mni_volumes/0058_TDCS_1_scalar_MNI_magnE_extra_AFFT-left_masked.nii.gz  ->  001-0058-TC_TDCS_1_scalar_MNI_magnE_extra_AFFT-left_masked.nii.gz
  /network/iss/levy/valerocabre/stimSD/Data/derivatives/mri/2-simnibs-simu-left/0058/simulations/simulation_AFFT-left_8dbde024/mni_volumes/0058_TDCS_1_scalar_MNI_magnE_extra_AFFT-left_cleaned.nii.gz  ->  001-0058-TC_TDCS_1_scalar_MNI_magnE_extra_AFFT-left_cleaned.nii.gz
  /network/iss/levy/valerocabre/stimSD/Data/derivatives/mri/2-simnibs-simu-left/0058/simulations/simulation_FTAF-left_a0a7d87a/subject_overlays/lh.0058_TDCS_1_scalar.central.E.magn  ->  lh.001-0058-TC_TDCS_1_scalar.central.E.magn
  /network/iss/levy/valerocabre/stimSD/Data/derivatives/mri/2-simnibs-simu-left/0058/simulations/simulation_FTAF-left_a0a7d87a/subject_overlays/lh.0058_TDCS_1_scalar.central.E.normal  ->  lh.001-0058-TC_TDCS_1_scalar.central.E.normal
  /network/iss/levy/valerocabre/stimSD/Data/derivatives/mri/2-simnibs-simu-left/0058/simulations/simulation_FTAF-left_a0a7d87a/subject_overlays/lh.0058_TDCS_1_scalar.central.E.tangent  ->  lh.001-0058-TC_TDCS_1_scalar.central.E.tangent
  /network/iss/levy/valerocabre/stimSD/Data/derivatives/mri/2-simnibs-simu-left/0058/simulations/simulation_FTAF-left_a0a7d87a/subject_overlays/lh.0058_TDCS_1_scalar.central.E.angle  ->  lh.001-0058-TC_TDCS_1_scalar.central.E.angle
  /network/iss/levy/valerocabre/stimSD/Data/derivatives/mri/2-simnibs-simu-left/0058/simulations/simulation_FTAF-left_a0a7d87a/subject_overlays/rh.0058_TDCS_1_scalar.central.E.magn  ->  rh.001-0058-TC_TDCS_1_scalar.central.E.magn
  /network/iss/levy/valerocabre/stimSD/Data/derivatives/mri/2-simnibs-simu-left/0058/simulations/simulation_FTAF-left_a0a7d87a/subject_overlays/rh.0058_TDCS_1_scalar.central.E.normal  ->  rh.001-0058-TC_TDCS_1_scalar.central.E.normal
  /network/iss/levy/valerocabre/stimSD/Data/derivatives/mri/2-simnibs-simu-left/0058/simulations/simulation_FTAF-left_a0a7d87a/subject_overlays/rh.0058_TDCS_1_scalar.central.E.tangent  ->  rh.001-0058-TC_TDCS_1_scalar.central.E.tangent
  /network/iss/levy/valerocabre/stimSD/Data/derivatives/mri/2-simnibs-simu-left/0058/simulations/simulation_FTAF-left_a0a7d87a/subject_overlays/rh.0058_TDCS_1_scalar.central.E.angle  ->  rh.001-0058-TC_TDCS_1_scalar.central.E.angle
  /network/iss/levy/valerocabre/stimSD/Data/derivatives/mri/2-simnibs-simu-left/0058/simulations/simulation_FTAF-left_a0a7d87a/subject_overlays/lh.0058_TDCS_1_scalar.central.J.magn  ->  lh.001-0058-TC_TDCS_1_scalar.central.J.magn
  /network/iss/levy/valerocabre/stimSD/Data/derivatives/mri/2-simnibs-simu-left/0058/simulations/simulation_FTAF-left_a0a7d87a/subject_overlays/lh.0058_TDCS_1_scalar.central.J.normal  ->  lh.001-0058-TC_TDCS_1_scalar.central.J.normal
  /network/iss/levy/valerocabre/stimSD/Data/derivatives/mri/2-simnibs-simu-left/0058/simulations/simulation_FTAF-left_a0a7d87a/subject_overlays/lh.0058_TDCS_1_scalar.central.J.tangent  ->  lh.001-0058-TC_TDCS_1_scalar.central.J.tangent
  /network/iss/levy/valerocabre/stimSD/Data/derivatives/mri/2-simnibs-simu-left/0058/simulations/simulation_FTAF-left_a0a7d87a/subject_overlays/lh.0058_TDCS_1_scalar.central.J.angle  ->  lh.001-0058-TC_TDCS_1_scalar.central.J.angle
  /network/iss/levy/valerocabre/stimSD/Data/derivatives/mri/2-simnibs-simu-left/0058/simulations/simulation_FTAF-left_a0a7d87a/subject_overlays/rh.0058_TDCS_1_scalar.central.J.magn  ->  rh.001-0058-TC_TDCS_1_scalar.central.J.magn
  /network/iss/levy/valerocabre/stimSD/Data/derivatives/mri/2-simnibs-simu-left/0058/simulations/simulation_FTAF-left_a0a7d87a/subject_overlays/rh.0058_TDCS_1_scalar.central.J.normal  ->  rh.001-0058-TC_TDCS_1_scalar.central.J.normal
  /network/iss/levy/valerocabre/stimSD/Data/derivatives/mri/2-simnibs-simu-left/0058/simulations/simulation_FTAF-left_a0a7d87a/subject_overlays/rh.0058_TDCS_1_scalar.central.J.tangent  ->  rh.001-0058-TC_TDCS_1_scalar.central.J.tangent
  /network/iss/levy/valerocabre/stimSD/Data/derivatives/mri/2-simnibs-simu-left/0058/simulations/simulation_FTAF-left_a0a7d87a/subject_overlays/rh.0058_TDCS_1_scalar.central.J.angle  ->  rh.001-0058-TC_TDCS_1_scalar.central.J.angle
  /network/iss/levy/valerocabre/stimSD/Data/derivatives/mri/2-simnibs-simu-left/0058/simulations/simulation_FTAF-left_a0a7d87a/subject_overlays/0058_TDCS_1_scalar_central.msh  ->  001-0058-TC_TDCS_1_scalar_central.msh
  /network/iss/levy/valerocabre/stimSD/Data/derivatives/mri/2-simnibs-simu-left/0058/simulations/simulation_FTAF-left_a0a7d87a/subject_overlays/0058_TDCS_1_scalar_central.msh.opt  ->  001-0058-TC_TDCS_1_scalar_central.msh.opt
  /network/iss/levy/valerocabre/stimSD/Data/derivatives/mri/2-simnibs-simu-left/0058/simulations/simulation_FTAF-left_a0a7d87a/subject_volumes/0058_TDCS_1_scalar_E.nii.gz  ->  001-0058-TC_TDCS_1_scalar_E.nii.gz
  /network/iss/levy/valerocabre/stimSD/Data/derivatives/mri/2-simnibs-simu-left/0058/simulations/simulation_FTAF-left_a0a7d87a/subject_volumes/0058_TDCS_1_scalar_magnE.nii.gz  ->  001-0058-TC_TDCS_1_scalar_magnE.nii.gz
  /network/iss/levy/valerocabre/stimSD/Data/derivatives/mri/2-simnibs-simu-left/0058/simulations/simulation_FTAF-left_a0a7d87a/subject_volumes/0058_TDCS_1_scalar_J.nii.gz  ->  001-0058-TC_TDCS_1_scalar_J.nii.gz
  /network/iss/levy/valerocabre/stimSD/Data/derivatives/mri/2-simnibs-simu-left/0058/simulations/simulation_FTAF-left_a0a7d87a/subject_volumes/0058_TDCS_1_scalar_magnJ.nii.gz  ->  001-0058-TC_TDCS_1_scalar_magnJ.nii.gz
  /network/iss/levy/valerocabre/stimSD/Data/derivatives/mri/2-simnibs-simu-left/0058/simulations/simulation_FTAF-left_a0a7d87a/mni_volumes/0058_TDCS_1_scalar_MNI_E.nii.gz  ->  001-0058-TC_TDCS_1_scalar_MNI_E.nii.gz
  /network/iss/levy/valerocabre/stimSD/Data/derivatives/mri/2-simnibs-simu-left/0058/simulations/simulation_FTAF-left_a0a7d87a/mni_volumes/0058_TDCS_1_scalar_MNI_magnE.nii.gz  ->  001-0058-TC_TDCS_1_scalar_MNI_magnE.nii.gz
  /network/iss/levy/valerocabre/stimSD/Data/derivatives/mri/2-simnibs-simu-left/0058/simulations/simulation_FTAF-left_a0a7d87a/mni_volumes/0058_TDCS_1_scalar_MNI_J.nii.gz  ->  001-0058-TC_TDCS_1_scalar_MNI_J.nii.gz
  /network/iss/levy/valerocabre/stimSD/Data/derivatives/mri/2-simnibs-simu-left/0058/simulations/simulation_FTAF-left_a0a7d87a/mni_volumes/0058_TDCS_1_scalar_MNI_magnJ.nii.gz  ->  001-0058-TC_TDCS_1_scalar_MNI_magnJ.nii.gz
  /network/iss/levy/valerocabre/stimSD/Data/derivatives/mri/2-simnibs-simu-left/0058/simulations/simulation_FTAF-left_a0a7d87a/mni_volumes/0058_TDCS_1_scalar_MNI_magnE_FTAF-left_masked.nii.gz  ->  001-0058-TC_TDCS_1_scalar_MNI_magnE_FTAF-left_masked.nii.gz
  /network/iss/levy/valerocabre/stimSD/Data/derivatives/mri/2-simnibs-simu-left/0058/simulations/simulation_FTAF-left_a0a7d87a/mni_volumes/0058_TDCS_1_scalar_MNI_magnE_FTAF-left_cleaned.nii.gz  ->  001-0058-TC_TDCS_1_scalar_MNI_magnE_FTAF-left_cleaned.nii.gz
  /network/iss/levy/valerocabre/stimSD/Data/derivatives/mri/2-simnibs-simu-left/0058/simulations/simulation_FTAF-left_a0a7d87a/mni_volumes/0058_TDCS_1_scalar_MNI_magnE_extra_FTAF-left_masked.nii.gz  ->  001-0058-TC_TDCS_1_scalar_MNI_magnE_extra_FTAF-left_masked.nii.gz
  /network/iss/levy/valerocabre/stimSD/Data/derivatives/mri/2-simnibs-simu-left/0058/simulations/simulation_FTAF-left_a0a7d87a/mni_volumes/0058_TDCS_1_scalar_MNI_magnE_extra_FTAF-left_cleaned.nii.gz  ->  001-0058-TC_TDCS_1_scalar_MNI_magnE_extra_FTAF-left_cleaned.nii.gz
  /network/iss/levy/valerocabre/stimSD/Data/derivatives/mri/2-simnibs-simu-left/0061/simulations/simulation_AFFT-left_8dbde024/subject_overlays/lh.0061_TDCS_1_scalar.central.E.magn  ->  lh.001-0061-PM_TDCS_1_scalar.central.E.magn
  /network/iss/levy/valerocabre/stimSD/Data/derivatives/mri/2-simnibs-simu-left/0061/simulations/simulation_AFFT-left_8dbde024/subject_overlays/lh.0061_TDCS_1_scalar.central.E.normal  ->  lh.001-0061-PM_TDCS_1_scalar.central.E.normal
  /network/iss/levy/valerocabre/stimSD/Data/derivatives/mri/2-simnibs-simu-left/0061/simulations/simulation_AFFT-left_8dbde024/subject_overlays/lh.0061_TDCS_1_scalar.central.E.tangent  ->  lh.001-0061-PM_TDCS_1_scalar.central.E.tangent
  /network/iss/levy/valerocabre/stimSD/Data/derivatives/mri/2-simnibs-simu-left/0061/simulations/simulation_AFFT-left_8dbde024/subject_overlays/lh.0061_TDCS_1_scalar.central.E.angle  ->  lh.001-0061-PM_TDCS_1_scalar.central.E.angle
  /network/iss/levy/valerocabre/stimSD/Data/derivatives/mri/2-simnibs-simu-left/0061/simulations/simulation_AFFT-left_8dbde024/subject_overlays/rh.0061_TDCS_1_scalar.central.E.magn  ->  rh.001-0061-PM_TDCS_1_scalar.central.E.magn
  /network/iss/levy/valerocabre/stimSD/Data/derivatives/mri/2-simnibs-simu-left/0061/simulations/simulation_AFFT-left_8dbde024/subject_overlays/rh.0061_TDCS_1_scalar.central.E.normal  ->  rh.001-0061-PM_TDCS_1_scalar.central.E.normal
  /network/iss/levy/valerocabre/stimSD/Data/derivatives/mri/2-simnibs-simu-left/0061/simulations/simulation_AFFT-left_8dbde024/subject_overlays/rh.0061_TDCS_1_scalar.central.E.tangent  ->  rh.001-0061-PM_TDCS_1_scalar.central.E.tangent
  /network/iss/levy/valerocabre/stimSD/Data/derivatives/mri/2-simnibs-simu-left/0061/simulations/simulation_AFFT-left_8dbde024/subject_overlays/rh.0061_TDCS_1_scalar.central.E.angle  ->  rh.001-0061-PM_TDCS_1_scalar.central.E.angle
  /network/iss/levy/valerocabre/stimSD/Data/derivatives/mri/2-simnibs-simu-left/0061/simulations/simulation_AFFT-left_8dbde024/subject_overlays/lh.0061_TDCS_1_scalar.central.J.magn  ->  lh.001-0061-PM_TDCS_1_scalar.central.J.magn
  /network/iss/levy/valerocabre/stimSD/Data/derivatives/mri/2-simnibs-simu-left/0061/simulations/simulation_AFFT-left_8dbde024/subject_overlays/lh.0061_TDCS_1_scalar.central.J.normal  ->  lh.001-0061-PM_TDCS_1_scalar.central.J.normal
  /network/iss/levy/valerocabre/stimSD/Data/derivatives/mri/2-simnibs-simu-left/0061/simulations/simulation_AFFT-left_8dbde024/subject_overlays/lh.0061_TDCS_1_scalar.central.J.tangent  ->  lh.001-0061-PM_TDCS_1_scalar.central.J.tangent
  /network/iss/levy/valerocabre/stimSD/Data/derivatives/mri/2-simnibs-simu-left/0061/simulations/simulation_AFFT-left_8dbde024/subject_overlays/lh.0061_TDCS_1_scalar.central.J.angle  ->  lh.001-0061-PM_TDCS_1_scalar.central.J.angle
  /network/iss/levy/valerocabre/stimSD/Data/derivatives/mri/2-simnibs-simu-left/0061/simulations/simulation_AFFT-left_8dbde024/subject_overlays/rh.0061_TDCS_1_scalar.central.J.magn  ->  rh.001-0061-PM_TDCS_1_scalar.central.J.magn
  /network/iss/levy/valerocabre/stimSD/Data/derivatives/mri/2-simnibs-simu-left/0061/simulations/simulation_AFFT-left_8dbde024/subject_overlays/rh.0061_TDCS_1_scalar.central.J.normal  ->  rh.001-0061-PM_TDCS_1_scalar.central.J.normal
  /network/iss/levy/valerocabre/stimSD/Data/derivatives/mri/2-simnibs-simu-left/0061/simulations/simulation_AFFT-left_8dbde024/subject_overlays/rh.0061_TDCS_1_scalar.central.J.tangent  ->  rh.001-0061-PM_TDCS_1_scalar.central.J.tangent
  /network/iss/levy/valerocabre/stimSD/Data/derivatives/mri/2-simnibs-simu-left/0061/simulations/simulation_AFFT-left_8dbde024/subject_overlays/rh.0061_TDCS_1_scalar.central.J.angle  ->  rh.001-0061-PM_TDCS_1_scalar.central.J.angle
  /network/iss/levy/valerocabre/stimSD/Data/derivatives/mri/2-simnibs-simu-left/0061/simulations/simulation_AFFT-left_8dbde024/subject_overlays/0061_TDCS_1_scalar_central.msh  ->  001-0061-PM_TDCS_1_scalar_central.msh
  /network/iss/levy/valerocabre/stimSD/Data/derivatives/mri/2-simnibs-simu-left/0061/simulations/simulation_AFFT-left_8dbde024/subject_overlays/0061_TDCS_1_scalar_central.msh.opt  ->  001-0061-PM_TDCS_1_scalar_central.msh.opt
  /network/iss/levy/valerocabre/stimSD/Data/derivatives/mri/2-simnibs-simu-left/0061/simulations/simulation_AFFT-left_8dbde024/subject_volumes/0061_TDCS_1_scalar_E.nii.gz  ->  001-0061-PM_TDCS_1_scalar_E.nii.gz
  /network/iss/levy/valerocabre/stimSD/Data/derivatives/mri/2-simnibs-simu-left/0061/simulations/simulation_AFFT-left_8dbde024/subject_volumes/0061_TDCS_1_scalar_magnE.nii.gz  ->  001-0061-PM_TDCS_1_scalar_magnE.nii.gz
  /network/iss/levy/valerocabre/stimSD/Data/derivatives/mri/2-simnibs-simu-left/0061/simulations/simulation_AFFT-left_8dbde024/subject_volumes/0061_TDCS_1_scalar_J.nii.gz  ->  001-0061-PM_TDCS_1_scalar_J.nii.gz
  /network/iss/levy/valerocabre/stimSD/Data/derivatives/mri/2-simnibs-simu-left/0061/simulations/simulation_AFFT-left_8dbde024/subject_volumes/0061_TDCS_1_scalar_magnJ.nii.gz  ->  001-0061-PM_TDCS_1_scalar_magnJ.nii.gz
  /network/iss/levy/valerocabre/stimSD/Data/derivatives/mri/2-simnibs-simu-left/0061/simulations/simulation_AFFT-left_8dbde024/mni_volumes/0061_TDCS_1_scalar_MNI_E.nii.gz  ->  001-0061-PM_TDCS_1_scalar_MNI_E.nii.gz
  /network/iss/levy/valerocabre/stimSD/Data/derivatives/mri/2-simnibs-simu-left/0061/simulations/simulation_AFFT-left_8dbde024/mni_volumes/0061_TDCS_1_scalar_MNI_magnE.nii.gz  ->  001-0061-PM_TDCS_1_scalar_MNI_magnE.nii.gz
  /network/iss/levy/valerocabre/stimSD/Data/derivatives/mri/2-simnibs-simu-left/0061/simulations/simulation_AFFT-left_8dbde024/mni_volumes/0061_TDCS_1_scalar_MNI_J.nii.gz  ->  001-0061-PM_TDCS_1_scalar_MNI_J.nii.gz
  /network/iss/levy/valerocabre/stimSD/Data/derivatives/mri/2-simnibs-simu-left/0061/simulations/simulation_AFFT-left_8dbde024/mni_volumes/0061_TDCS_1_scalar_MNI_magnJ.nii.gz  ->  001-0061-PM_TDCS_1_scalar_MNI_magnJ.nii.gz
  /network/iss/levy/valerocabre/stimSD/Data/derivatives/mri/2-simnibs-simu-left/0061/simulations/simulation_AFFT-left_8dbde024/mni_volumes/0061_TDCS_1_scalar_MNI_magnE_AFFT-left_masked.nii.gz  ->  001-0061-PM_TDCS_1_scalar_MNI_magnE_AFFT-left_masked.nii.gz
  /network/iss/levy/valerocabre/stimSD/Data/derivatives/mri/2-simnibs-simu-left/0061/simulations/simulation_AFFT-left_8dbde024/mni_volumes/0061_TDCS_1_scalar_MNI_magnE_AFFT-left_cleaned.nii.gz  ->  001-0061-PM_TDCS_1_scalar_MNI_magnE_AFFT-left_cleaned.nii.gz
  /network/iss/levy/valerocabre/stimSD/Data/derivatives/mri/2-simnibs-simu-left/0061/simulations/simulation_AFFT-left_8dbde024/mni_volumes/0061_TDCS_1_scalar_MNI_magnE_extra_AFFT-left_masked.nii.gz  ->  001-0061-PM_TDCS_1_scalar_MNI_magnE_extra_AFFT-left_masked.nii.gz
  /network/iss/levy/valerocabre/stimSD/Data/derivatives/mri/2-simnibs-simu-left/0061/simulations/simulation_AFFT-left_8dbde024/mni_volumes/0061_TDCS_1_scalar_MNI_magnE_extra_AFFT-left_cleaned.nii.gz  ->  001-0061-PM_TDCS_1_scalar_MNI_magnE_extra_AFFT-left_cleaned.nii.gz
  /network/iss/levy/valerocabre/stimSD/Data/derivatives/mri/2-simnibs-simu-left/0061/simulations/simulation_FTAF-left_a0a7d87a/subject_overlays/lh.0061_TDCS_1_scalar.central.E.magn  ->  lh.001-0061-PM_TDCS_1_scalar.central.E.magn
  /network/iss/levy/valerocabre/stimSD/Data/derivatives/mri/2-simnibs-simu-left/0061/simulations/simulation_FTAF-left_a0a7d87a/subject_overlays/lh.0061_TDCS_1_scalar.central.E.normal  ->  lh.001-0061-PM_TDCS_1_scalar.central.E.normal
  /network/iss/levy/valerocabre/stimSD/Data/derivatives/mri/2-simnibs-simu-left/0061/simulations/simulation_FTAF-left_a0a7d87a/subject_overlays/lh.0061_TDCS_1_scalar.central.E.tangent  ->  lh.001-0061-PM_TDCS_1_scalar.central.E.tangent
  /network/iss/levy/valerocabre/stimSD/Data/derivatives/mri/2-simnibs-simu-left/0061/simulations/simulation_FTAF-left_a0a7d87a/subject_overlays/lh.0061_TDCS_1_scalar.central.E.angle  ->  lh.001-0061-PM_TDCS_1_scalar.central.E.angle
  /network/iss/levy/valerocabre/stimSD/Data/derivatives/mri/2-simnibs-simu-left/0061/simulations/simulation_FTAF-left_a0a7d87a/subject_overlays/rh.0061_TDCS_1_scalar.central.E.magn  ->  rh.001-0061-PM_TDCS_1_scalar.central.E.magn
  /network/iss/levy/valerocabre/stimSD/Data/derivatives/mri/2-simnibs-simu-left/0061/simulations/simulation_FTAF-left_a0a7d87a/subject_overlays/rh.0061_TDCS_1_scalar.central.E.normal  ->  rh.001-0061-PM_TDCS_1_scalar.central.E.normal
  /network/iss/levy/valerocabre/stimSD/Data/derivatives/mri/2-simnibs-simu-left/0061/simulations/simulation_FTAF-left_a0a7d87a/subject_overlays/rh.0061_TDCS_1_scalar.central.E.tangent  ->  rh.001-0061-PM_TDCS_1_scalar.central.E.tangent
  /network/iss/levy/valerocabre/stimSD/Data/derivatives/mri/2-simnibs-simu-left/0061/simulations/simulation_FTAF-left_a0a7d87a/subject_overlays/rh.0061_TDCS_1_scalar.central.E.angle  ->  rh.001-0061-PM_TDCS_1_scalar.central.E.angle
  /network/iss/levy/valerocabre/stimSD/Data/derivatives/mri/2-simnibs-simu-left/0061/simulations/simulation_FTAF-left_a0a7d87a/subject_overlays/lh.0061_TDCS_1_scalar.central.J.magn  ->  lh.001-0061-PM_TDCS_1_scalar.central.J.magn
  /network/iss/levy/valerocabre/stimSD/Data/derivatives/mri/2-simnibs-simu-left/0061/simulations/simulation_FTAF-left_a0a7d87a/subject_overlays/lh.0061_TDCS_1_scalar.central.J.normal  ->  lh.001-0061-PM_TDCS_1_scalar.central.J.normal
  /network/iss/levy/valerocabre/stimSD/Data/derivatives/mri/2-simnibs-simu-left/0061/simulations/simulation_FTAF-left_a0a7d87a/subject_overlays/lh.0061_TDCS_1_scalar.central.J.tangent  ->  lh.001-0061-PM_TDCS_1_scalar.central.J.tangent
  /network/iss/levy/valerocabre/stimSD/Data/derivatives/mri/2-simnibs-simu-left/0061/simulations/simulation_FTAF-left_a0a7d87a/subject_overlays/lh.0061_TDCS_1_scalar.central.J.angle  ->  lh.001-0061-PM_TDCS_1_scalar.central.J.angle
  /network/iss/levy/valerocabre/stimSD/Data/derivatives/mri/2-simnibs-simu-left/0061/simulations/simulation_FTAF-left_a0a7d87a/subject_overlays/rh.0061_TDCS_1_scalar.central.J.magn  ->  rh.001-0061-PM_TDCS_1_scalar.central.J.magn
  /network/iss/levy/valerocabre/stimSD/Data/derivatives/mri/2-simnibs-simu-left/0061/simulations/simulation_FTAF-left_a0a7d87a/subject_overlays/rh.0061_TDCS_1_scalar.central.J.normal  ->  rh.001-0061-PM_TDCS_1_scalar.central.J.normal
  /network/iss/levy/valerocabre/stimSD/Data/derivatives/mri/2-simnibs-simu-left/0061/simulations/simulation_FTAF-left_a0a7d87a/subject_overlays/rh.0061_TDCS_1_scalar.central.J.tangent  ->  rh.001-0061-PM_TDCS_1_scalar.central.J.tangent
  /network/iss/levy/valerocabre/stimSD/Data/derivatives/mri/2-simnibs-simu-left/0061/simulations/simulation_FTAF-left_a0a7d87a/subject_overlays/rh.0061_TDCS_1_scalar.central.J.angle  ->  rh.001-0061-PM_TDCS_1_scalar.central.J.angle
  /network/iss/levy/valerocabre/stimSD/Data/derivatives/mri/2-simnibs-simu-left/0061/simulations/simulation_FTAF-left_a0a7d87a/subject_overlays/0061_TDCS_1_scalar_central.msh  ->  001-0061-PM_TDCS_1_scalar_central.msh
  /network/iss/levy/valerocabre/stimSD/Data/derivatives/mri/2-simnibs-simu-left/0061/simulations/simulation_FTAF-left_a0a7d87a/subject_overlays/0061_TDCS_1_scalar_central.msh.opt  ->  001-0061-PM_TDCS_1_scalar_central.msh.opt
  /network/iss/levy/valerocabre/stimSD/Data/derivatives/mri/2-simnibs-simu-left/0061/simulations/simulation_FTAF-left_a0a7d87a/subject_volumes/0061_TDCS_1_scalar_E.nii.gz  ->  001-0061-PM_TDCS_1_scalar_E.nii.gz
  /network/iss/levy/valerocabre/stimSD/Data/derivatives/mri/2-simnibs-simu-left/0061/simulations/simulation_FTAF-left_a0a7d87a/subject_volumes/0061_TDCS_1_scalar_magnE.nii.gz  ->  001-0061-PM_TDCS_1_scalar_magnE.nii.gz
  /network/iss/levy/valerocabre/stimSD/Data/derivatives/mri/2-simnibs-simu-left/0061/simulations/simulation_FTAF-left_a0a7d87a/subject_volumes/0061_TDCS_1_scalar_J.nii.gz  ->  001-0061-PM_TDCS_1_scalar_J.nii.gz
  /network/iss/levy/valerocabre/stimSD/Data/derivatives/mri/2-simnibs-simu-left/0061/simulations/simulation_FTAF-left_a0a7d87a/subject_volumes/0061_TDCS_1_scalar_magnJ.nii.gz  ->  001-0061-PM_TDCS_1_scalar_magnJ.nii.gz
  /network/iss/levy/valerocabre/stimSD/Data/derivatives/mri/2-simnibs-simu-left/0061/simulations/simulation_FTAF-left_a0a7d87a/mni_volumes/0061_TDCS_1_scalar_MNI_E.nii.gz  ->  001-0061-PM_TDCS_1_scalar_MNI_E.nii.gz
  /network/iss/levy/valerocabre/stimSD/Data/derivatives/mri/2-simnibs-simu-left/0061/simulations/simulation_FTAF-left_a0a7d87a/mni_volumes/0061_TDCS_1_scalar_MNI_magnE.nii.gz  ->  001-0061-PM_TDCS_1_scalar_MNI_magnE.nii.gz
  /network/iss/levy/valerocabre/stimSD/Data/derivatives/mri/2-simnibs-simu-left/0061/simulations/simulation_FTAF-left_a0a7d87a/mni_volumes/0061_TDCS_1_scalar_MNI_J.nii.gz  ->  001-0061-PM_TDCS_1_scalar_MNI_J.nii.gz
  /network/iss/levy/valerocabre/stimSD/Data/derivatives/mri/2-simnibs-simu-left/0061/simulations/simulation_FTAF-left_a0a7d87a/mni_volumes/0061_TDCS_1_scalar_MNI_magnJ.nii.gz  ->  001-0061-PM_TDCS_1_scalar_MNI_magnJ.nii.gz
  /network/iss/levy/valerocabre/stimSD/Data/derivatives/mri/2-simnibs-simu-left/0061/simulations/simulation_FTAF-left_a0a7d87a/mni_volumes/0061_TDCS_1_scalar_MNI_magnE_FTAF-left_masked.nii.gz  ->  001-0061-PM_TDCS_1_scalar_MNI_magnE_FTAF-left_masked.nii.gz
  /network/iss/levy/valerocabre/stimSD/Data/derivatives/mri/2-simnibs-simu-left/0061/simulations/simulation_FTAF-left_a0a7d87a/mni_volumes/0061_TDCS_1_scalar_MNI_magnE_FTAF-left_cleaned.nii.gz  ->  001-0061-PM_TDCS_1_scalar_MNI_magnE_FTAF-left_cleaned.nii.gz
  /network/iss/levy/valerocabre/stimSD/Data/derivatives/mri/2-simnibs-simu-left/0061/simulations/simulation_FTAF-left_a0a7d87a/mni_volumes/0061_TDCS_1_scalar_MNI_magnE_extra_FTAF-left_masked.nii.gz  ->  001-0061-PM_TDCS_1_scalar_MNI_magnE_extra_FTAF-left_masked.nii.gz
  /network/iss/levy/valerocabre/stimSD/Data/derivatives/mri/2-simnibs-simu-left/0061/simulations/simulation_FTAF-left_a0a7d87a/mni_volumes/0061_TDCS_1_scalar_MNI_magnE_extra_FTAF-left_cleaned.nii.gz  ->  001-0061-PM_TDCS_1_scalar_MNI_magnE_extra_FTAF-left_cleaned.nii.gz
  /network/iss/levy/valerocabre/stimSD/Data/derivatives/mri/2-simnibs-simu-left/0064/simulations/simulation_AFFT-left_8dbde024/subject_overlays/lh.0064_TDCS_1_scalar.central.E.magn  ->  lh.001-0064-RD_TDCS_1_scalar.central.E.magn
  /network/iss/levy/valerocabre/stimSD/Data/derivatives/mri/2-simnibs-simu-left/0064/simulations/simulation_AFFT-left_8dbde024/subject_overlays/lh.0064_TDCS_1_scalar.central.E.normal  ->  lh.001-0064-RD_TDCS_1_scalar.central.E.normal
  /network/iss/levy/valerocabre/stimSD/Data/derivatives/mri/2-simnibs-simu-left/0064/simulations/simulation_AFFT-left_8dbde024/subject_overlays/lh.0064_TDCS_1_scalar.central.E.tangent  ->  lh.001-0064-RD_TDCS_1_scalar.central.E.tangent
  /network/iss/levy/valerocabre/stimSD/Data/derivatives/mri/2-simnibs-simu-left/0064/simulations/simulation_AFFT-left_8dbde024/subject_overlays/lh.0064_TDCS_1_scalar.central.E.angle  ->  lh.001-0064-RD_TDCS_1_scalar.central.E.angle
  /network/iss/levy/valerocabre/stimSD/Data/derivatives/mri/2-simnibs-simu-left/0064/simulations/simulation_AFFT-left_8dbde024/subject_overlays/rh.0064_TDCS_1_scalar.central.E.magn  ->  rh.001-0064-RD_TDCS_1_scalar.central.E.magn
  /network/iss/levy/valerocabre/stimSD/Data/derivatives/mri/2-simnibs-simu-left/0064/simulations/simulation_AFFT-left_8dbde024/subject_overlays/rh.0064_TDCS_1_scalar.central.E.normal  ->  rh.001-0064-RD_TDCS_1_scalar.central.E.normal
  /network/iss/levy/valerocabre/stimSD/Data/derivatives/mri/2-simnibs-simu-left/0064/simulations/simulation_AFFT-left_8dbde024/subject_overlays/rh.0064_TDCS_1_scalar.central.E.tangent  ->  rh.001-0064-RD_TDCS_1_scalar.central.E.tangent
  /network/iss/levy/valerocabre/stimSD/Data/derivatives/mri/2-simnibs-simu-left/0064/simulations/simulation_AFFT-left_8dbde024/subject_overlays/rh.0064_TDCS_1_scalar.central.E.angle  ->  rh.001-0064-RD_TDCS_1_scalar.central.E.angle
  /network/iss/levy/valerocabre/stimSD/Data/derivatives/mri/2-simnibs-simu-left/0064/simulations/simulation_AFFT-left_8dbde024/subject_overlays/lh.0064_TDCS_1_scalar.central.J.magn  ->  lh.001-0064-RD_TDCS_1_scalar.central.J.magn
  /network/iss/levy/valerocabre/stimSD/Data/derivatives/mri/2-simnibs-simu-left/0064/simulations/simulation_AFFT-left_8dbde024/subject_overlays/lh.0064_TDCS_1_scalar.central.J.normal  ->  lh.001-0064-RD_TDCS_1_scalar.central.J.normal
  /network/iss/levy/valerocabre/stimSD/Data/derivatives/mri/2-simnibs-simu-left/0064/simulations/simulation_AFFT-left_8dbde024/subject_overlays/lh.0064_TDCS_1_scalar.central.J.tangent  ->  lh.001-0064-RD_TDCS_1_scalar.central.J.tangent
  /network/iss/levy/valerocabre/stimSD/Data/derivatives/mri/2-simnibs-simu-left/0064/simulations/simulation_AFFT-left_8dbde024/subject_overlays/lh.0064_TDCS_1_scalar.central.J.angle  ->  lh.001-0064-RD_TDCS_1_scalar.central.J.angle
  /network/iss/levy/valerocabre/stimSD/Data/derivatives/mri/2-simnibs-simu-left/0064/simulations/simulation_AFFT-left_8dbde024/subject_overlays/rh.0064_TDCS_1_scalar.central.J.magn  ->  rh.001-0064-RD_TDCS_1_scalar.central.J.magn
  /network/iss/levy/valerocabre/stimSD/Data/derivatives/mri/2-simnibs-simu-left/0064/simulations/simulation_AFFT-left_8dbde024/subject_overlays/rh.0064_TDCS_1_scalar.central.J.normal  ->  rh.001-0064-RD_TDCS_1_scalar.central.J.normal
  /network/iss/levy/valerocabre/stimSD/Data/derivatives/mri/2-simnibs-simu-left/0064/simulations/simulation_AFFT-left_8dbde024/subject_overlays/rh.0064_TDCS_1_scalar.central.J.tangent  ->  rh.001-0064-RD_TDCS_1_scalar.central.J.tangent
  /network/iss/levy/valerocabre/stimSD/Data/derivatives/mri/2-simnibs-simu-left/0064/simulations/simulation_AFFT-left_8dbde024/subject_overlays/rh.0064_TDCS_1_scalar.central.J.angle  ->  rh.001-0064-RD_TDCS_1_scalar.central.J.angle
  /network/iss/levy/valerocabre/stimSD/Data/derivatives/mri/2-simnibs-simu-left/0064/simulations/simulation_AFFT-left_8dbde024/subject_overlays/0064_TDCS_1_scalar_central.msh  ->  001-0064-RD_TDCS_1_scalar_central.msh
  /network/iss/levy/valerocabre/stimSD/Data/derivatives/mri/2-simnibs-simu-left/0064/simulations/simulation_AFFT-left_8dbde024/subject_overlays/0064_TDCS_1_scalar_central.msh.opt  ->  001-0064-RD_TDCS_1_scalar_central.msh.opt
  /network/iss/levy/valerocabre/stimSD/Data/derivatives/mri/2-simnibs-simu-left/0064/simulations/simulation_AFFT-left_8dbde024/subject_volumes/0064_TDCS_1_scalar_E.nii.gz  ->  001-0064-RD_TDCS_1_scalar_E.nii.gz
  /network/iss/levy/valerocabre/stimSD/Data/derivatives/mri/2-simnibs-simu-left/0064/simulations/simulation_AFFT-left_8dbde024/subject_volumes/0064_TDCS_1_scalar_magnE.nii.gz  ->  001-0064-RD_TDCS_1_scalar_magnE.nii.gz
  /network/iss/levy/valerocabre/stimSD/Data/derivatives/mri/2-simnibs-simu-left/0064/simulations/simulation_AFFT-left_8dbde024/subject_volumes/0064_TDCS_1_scalar_J.nii.gz  ->  001-0064-RD_TDCS_1_scalar_J.nii.gz
  /network/iss/levy/valerocabre/stimSD/Data/derivatives/mri/2-simnibs-simu-left/0064/simulations/simulation_AFFT-left_8dbde024/subject_volumes/0064_TDCS_1_scalar_magnJ.nii.gz  ->  001-0064-RD_TDCS_1_scalar_magnJ.nii.gz
  /network/iss/levy/valerocabre/stimSD/Data/derivatives/mri/2-simnibs-simu-left/0064/simulations/simulation_AFFT-left_8dbde024/mni_volumes/0064_TDCS_1_scalar_MNI_E.nii.gz  ->  001-0064-RD_TDCS_1_scalar_MNI_E.nii.gz
  /network/iss/levy/valerocabre/stimSD/Data/derivatives/mri/2-simnibs-simu-left/0064/simulations/simulation_AFFT-left_8dbde024/mni_volumes/0064_TDCS_1_scalar_MNI_magnE.nii.gz  ->  001-0064-RD_TDCS_1_scalar_MNI_magnE.nii.gz
  /network/iss/levy/valerocabre/stimSD/Data/derivatives/mri/2-simnibs-simu-left/0064/simulations/simulation_AFFT-left_8dbde024/mni_volumes/0064_TDCS_1_scalar_MNI_J.nii.gz  ->  001-0064-RD_TDCS_1_scalar_MNI_J.nii.gz
  /network/iss/levy/valerocabre/stimSD/Data/derivatives/mri/2-simnibs-simu-left/0064/simulations/simulation_AFFT-left_8dbde024/mni_volumes/0064_TDCS_1_scalar_MNI_magnJ.nii.gz  ->  001-0064-RD_TDCS_1_scalar_MNI_magnJ.nii.gz
  /network/iss/levy/valerocabre/stimSD/Data/derivatives/mri/2-simnibs-simu-left/0064/simulations/simulation_AFFT-left_8dbde024/mni_volumes/0064_TDCS_1_scalar_MNI_magnE_AFFT-left_masked.nii.gz  ->  001-0064-RD_TDCS_1_scalar_MNI_magnE_AFFT-left_masked.nii.gz
  /network/iss/levy/valerocabre/stimSD/Data/derivatives/mri/2-simnibs-simu-left/0064/simulations/simulation_AFFT-left_8dbde024/mni_volumes/0064_TDCS_1_scalar_MNI_magnE_AFFT-left_cleaned.nii.gz  ->  001-0064-RD_TDCS_1_scalar_MNI_magnE_AFFT-left_cleaned.nii.gz
  /network/iss/levy/valerocabre/stimSD/Data/derivatives/mri/2-simnibs-simu-left/0064/simulations/simulation_AFFT-left_8dbde024/mni_volumes/0064_TDCS_1_scalar_MNI_magnE_extra_AFFT-left_masked.nii.gz  ->  001-0064-RD_TDCS_1_scalar_MNI_magnE_extra_AFFT-left_masked.nii.gz
  /network/iss/levy/valerocabre/stimSD/Data/derivatives/mri/2-simnibs-simu-left/0064/simulations/simulation_AFFT-left_8dbde024/mni_volumes/0064_TDCS_1_scalar_MNI_magnE_extra_AFFT-left_cleaned.nii.gz  ->  001-0064-RD_TDCS_1_scalar_MNI_magnE_extra_AFFT-left_cleaned.nii.gz
  /network/iss/levy/valerocabre/stimSD/Data/derivatives/mri/2-simnibs-simu-left/0064/simulations/simulation_FTAF-left_a0a7d87a/subject_overlays/lh.0064_TDCS_1_scalar.central.E.magn  ->  lh.001-0064-RD_TDCS_1_scalar.central.E.magn
  /network/iss/levy/valerocabre/stimSD/Data/derivatives/mri/2-simnibs-simu-left/0064/simulations/simulation_FTAF-left_a0a7d87a/subject_overlays/lh.0064_TDCS_1_scalar.central.E.normal  ->  lh.001-0064-RD_TDCS_1_scalar.central.E.normal
  /network/iss/levy/valerocabre/stimSD/Data/derivatives/mri/2-simnibs-simu-left/0064/simulations/simulation_FTAF-left_a0a7d87a/subject_overlays/lh.0064_TDCS_1_scalar.central.E.tangent  ->  lh.001-0064-RD_TDCS_1_scalar.central.E.tangent
  /network/iss/levy/valerocabre/stimSD/Data/derivatives/mri/2-simnibs-simu-left/0064/simulations/simulation_FTAF-left_a0a7d87a/subject_overlays/lh.0064_TDCS_1_scalar.central.E.angle  ->  lh.001-0064-RD_TDCS_1_scalar.central.E.angle
  /network/iss/levy/valerocabre/stimSD/Data/derivatives/mri/2-simnibs-simu-left/0064/simulations/simulation_FTAF-left_a0a7d87a/subject_overlays/rh.0064_TDCS_1_scalar.central.E.magn  ->  rh.001-0064-RD_TDCS_1_scalar.central.E.magn
  /network/iss/levy/valerocabre/stimSD/Data/derivatives/mri/2-simnibs-simu-left/0064/simulations/simulation_FTAF-left_a0a7d87a/subject_overlays/rh.0064_TDCS_1_scalar.central.E.normal  ->  rh.001-0064-RD_TDCS_1_scalar.central.E.normal
  /network/iss/levy/valerocabre/stimSD/Data/derivatives/mri/2-simnibs-simu-left/0064/simulations/simulation_FTAF-left_a0a7d87a/subject_overlays/rh.0064_TDCS_1_scalar.central.E.tangent  ->  rh.001-0064-RD_TDCS_1_scalar.central.E.tangent
  /network/iss/levy/valerocabre/stimSD/Data/derivatives/mri/2-simnibs-simu-left/0064/simulations/simulation_FTAF-left_a0a7d87a/subject_overlays/rh.0064_TDCS_1_scalar.central.E.angle  ->  rh.001-0064-RD_TDCS_1_scalar.central.E.angle
  /network/iss/levy/valerocabre/stimSD/Data/derivatives/mri/2-simnibs-simu-left/0064/simulations/simulation_FTAF-left_a0a7d87a/subject_overlays/lh.0064_TDCS_1_scalar.central.J.magn  ->  lh.001-0064-RD_TDCS_1_scalar.central.J.magn
  /network/iss/levy/valerocabre/stimSD/Data/derivatives/mri/2-simnibs-simu-left/0064/simulations/simulation_FTAF-left_a0a7d87a/subject_overlays/lh.0064_TDCS_1_scalar.central.J.normal  ->  lh.001-0064-RD_TDCS_1_scalar.central.J.normal
  /network/iss/levy/valerocabre/stimSD/Data/derivatives/mri/2-simnibs-simu-left/0064/simulations/simulation_FTAF-left_a0a7d87a/subject_overlays/lh.0064_TDCS_1_scalar.central.J.tangent  ->  lh.001-0064-RD_TDCS_1_scalar.central.J.tangent
  /network/iss/levy/valerocabre/stimSD/Data/derivatives/mri/2-simnibs-simu-left/0064/simulations/simulation_FTAF-left_a0a7d87a/subject_overlays/lh.0064_TDCS_1_scalar.central.J.angle  ->  lh.001-0064-RD_TDCS_1_scalar.central.J.angle
  /network/iss/levy/valerocabre/stimSD/Data/derivatives/mri/2-simnibs-simu-left/0064/simulations/simulation_FTAF-left_a0a7d87a/subject_overlays/rh.0064_TDCS_1_scalar.central.J.magn  ->  rh.001-0064-RD_TDCS_1_scalar.central.J.magn
  /network/iss/levy/valerocabre/stimSD/Data/derivatives/mri/2-simnibs-simu-left/0064/simulations/simulation_FTAF-left_a0a7d87a/subject_overlays/rh.0064_TDCS_1_scalar.central.J.normal  ->  rh.001-0064-RD_TDCS_1_scalar.central.J.normal
  /network/iss/levy/valerocabre/stimSD/Data/derivatives/mri/2-simnibs-simu-left/0064/simulations/simulation_FTAF-left_a0a7d87a/subject_overlays/rh.0064_TDCS_1_scalar.central.J.tangent  ->  rh.001-0064-RD_TDCS_1_scalar.central.J.tangent
  /network/iss/levy/valerocabre/stimSD/Data/derivatives/mri/2-simnibs-simu-left/0064/simulations/simulation_FTAF-left_a0a7d87a/subject_overlays/rh.0064_TDCS_1_scalar.central.J.angle  ->  rh.001-0064-RD_TDCS_1_scalar.central.J.angle
  /network/iss/levy/valerocabre/stimSD/Data/derivatives/mri/2-simnibs-simu-left/0064/simulations/simulation_FTAF-left_a0a7d87a/subject_overlays/0064_TDCS_1_scalar_central.msh  ->  001-0064-RD_TDCS_1_scalar_central.msh
  /network/iss/levy/valerocabre/stimSD/Data/derivatives/mri/2-simnibs-simu-left/0064/simulations/simulation_FTAF-left_a0a7d87a/subject_overlays/0064_TDCS_1_scalar_central.msh.opt  ->  001-0064-RD_TDCS_1_scalar_central.msh.opt
  /network/iss/levy/valerocabre/stimSD/Data/derivatives/mri/2-simnibs-simu-left/0064/simulations/simulation_FTAF-left_a0a7d87a/subject_volumes/0064_TDCS_1_scalar_E.nii.gz  ->  001-0064-RD_TDCS_1_scalar_E.nii.gz
  /network/iss/levy/valerocabre/stimSD/Data/derivatives/mri/2-simnibs-simu-left/0064/simulations/simulation_FTAF-left_a0a7d87a/subject_volumes/0064_TDCS_1_scalar_magnE.nii.gz  ->  001-0064-RD_TDCS_1_scalar_magnE.nii.gz
  /network/iss/levy/valerocabre/stimSD/Data/derivatives/mri/2-simnibs-simu-left/0064/simulations/simulation_FTAF-left_a0a7d87a/subject_volumes/0064_TDCS_1_scalar_J.nii.gz  ->  001-0064-RD_TDCS_1_scalar_J.nii.gz
  /network/iss/levy/valerocabre/stimSD/Data/derivatives/mri/2-simnibs-simu-left/0064/simulations/simulation_FTAF-left_a0a7d87a/subject_volumes/0064_TDCS_1_scalar_magnJ.nii.gz  ->  001-0064-RD_TDCS_1_scalar_magnJ.nii.gz
  /network/iss/levy/valerocabre/stimSD/Data/derivatives/mri/2-simnibs-simu-left/0064/simulations/simulation_FTAF-left_a0a7d87a/mni_volumes/0064_TDCS_1_scalar_MNI_E.nii.gz  ->  001-0064-RD_TDCS_1_scalar_MNI_E.nii.gz
  /network/iss/levy/valerocabre/stimSD/Data/derivatives/mri/2-simnibs-simu-left/0064/simulations/simulation_FTAF-left_a0a7d87a/mni_volumes/0064_TDCS_1_scalar_MNI_magnE.nii.gz  ->  001-0064-RD_TDCS_1_scalar_MNI_magnE.nii.gz
  /network/iss/levy/valerocabre/stimSD/Data/derivatives/mri/2-simnibs-simu-left/0064/simulations/simulation_FTAF-left_a0a7d87a/mni_volumes/0064_TDCS_1_scalar_MNI_J.nii.gz  ->  001-0064-RD_TDCS_1_scalar_MNI_J.nii.gz
  /network/iss/levy/valerocabre/stimSD/Data/derivatives/mri/2-simnibs-simu-left/0064/simulations/simulation_FTAF-left_a0a7d87a/mni_volumes/0064_TDCS_1_scalar_MNI_magnJ.nii.gz  ->  001-0064-RD_TDCS_1_scalar_MNI_magnJ.nii.gz
  /network/iss/levy/valerocabre/stimSD/Data/derivatives/mri/2-simnibs-simu-left/0064/simulations/simulation_FTAF-left_a0a7d87a/mni_volumes/0064_TDCS_1_scalar_MNI_magnE_FTAF-left_masked.nii.gz  ->  001-0064-RD_TDCS_1_scalar_MNI_magnE_FTAF-left_masked.nii.gz
  /network/iss/levy/valerocabre/stimSD/Data/derivatives/mri/2-simnibs-simu-left/0064/simulations/simulation_FTAF-left_a0a7d87a/mni_volumes/0064_TDCS_1_scalar_MNI_magnE_FTAF-left_cleaned.nii.gz  ->  001-0064-RD_TDCS_1_scalar_MNI_magnE_FTAF-left_cleaned.nii.gz
  /network/iss/levy/valerocabre/stimSD/Data/derivatives/mri/2-simnibs-simu-left/0064/simulations/simulation_FTAF-left_a0a7d87a/mni_volumes/0064_TDCS_1_scalar_MNI_magnE_extra_FTAF-left_masked.nii.gz  ->  001-0064-RD_TDCS_1_scalar_MNI_magnE_extra_FTAF-left_masked.nii.gz
  /network/iss/levy/valerocabre/stimSD/Data/derivatives/mri/2-simnibs-simu-left/0064/simulations/simulation_FTAF-left_a0a7d87a/mni_volumes/0064_TDCS_1_scalar_MNI_magnE_extra_FTAF-left_cleaned.nii.gz  ->  001-0064-RD_TDCS_1_scalar_MNI_magnE_extra_FTAF-left_cleaned.nii.gz
  /network/iss/levy/valerocabre/stimSD/Data/derivatives/mri/2-simnibs-simu-left/0065/simulations/simulation_AFFT-left_8dbde024/subject_overlays/lh.0065_TDCS_1_scalar.central.E.magn  ->  lh.001-0065-BA_TDCS_1_scalar.central.E.magn
  /network/iss/levy/valerocabre/stimSD/Data/derivatives/mri/2-simnibs-simu-left/0065/simulations/simulation_AFFT-left_8dbde024/subject_overlays/lh.0065_TDCS_1_scalar.central.E.normal  ->  lh.001-0065-BA_TDCS_1_scalar.central.E.normal
  /network/iss/levy/valerocabre/stimSD/Data/derivatives/mri/2-simnibs-simu-left/0065/simulations/simulation_AFFT-left_8dbde024/subject_overlays/lh.0065_TDCS_1_scalar.central.E.tangent  ->  lh.001-0065-BA_TDCS_1_scalar.central.E.tangent
  /network/iss/levy/valerocabre/stimSD/Data/derivatives/mri/2-simnibs-simu-left/0065/simulations/simulation_AFFT-left_8dbde024/subject_overlays/lh.0065_TDCS_1_scalar.central.E.angle  ->  lh.001-0065-BA_TDCS_1_scalar.central.E.angle
  /network/iss/levy/valerocabre/stimSD/Data/derivatives/mri/2-simnibs-simu-left/0065/simulations/simulation_AFFT-left_8dbde024/subject_overlays/rh.0065_TDCS_1_scalar.central.E.magn  ->  rh.001-0065-BA_TDCS_1_scalar.central.E.magn
  /network/iss/levy/valerocabre/stimSD/Data/derivatives/mri/2-simnibs-simu-left/0065/simulations/simulation_AFFT-left_8dbde024/subject_overlays/rh.0065_TDCS_1_scalar.central.E.normal  ->  rh.001-0065-BA_TDCS_1_scalar.central.E.normal
  /network/iss/levy/valerocabre/stimSD/Data/derivatives/mri/2-simnibs-simu-left/0065/simulations/simulation_AFFT-left_8dbde024/subject_overlays/rh.0065_TDCS_1_scalar.central.E.tangent  ->  rh.001-0065-BA_TDCS_1_scalar.central.E.tangent
  /network/iss/levy/valerocabre/stimSD/Data/derivatives/mri/2-simnibs-simu-left/0065/simulations/simulation_AFFT-left_8dbde024/subject_overlays/rh.0065_TDCS_1_scalar.central.E.angle  ->  rh.001-0065-BA_TDCS_1_scalar.central.E.angle
  /network/iss/levy/valerocabre/stimSD/Data/derivatives/mri/2-simnibs-simu-left/0065/simulations/simulation_AFFT-left_8dbde024/subject_overlays/lh.0065_TDCS_1_scalar.central.J.magn  ->  lh.001-0065-BA_TDCS_1_scalar.central.J.magn
  /network/iss/levy/valerocabre/stimSD/Data/derivatives/mri/2-simnibs-simu-left/0065/simulations/simulation_AFFT-left_8dbde024/subject_overlays/lh.0065_TDCS_1_scalar.central.J.normal  ->  lh.001-0065-BA_TDCS_1_scalar.central.J.normal
  /network/iss/levy/valerocabre/stimSD/Data/derivatives/mri/2-simnibs-simu-left/0065/simulations/simulation_AFFT-left_8dbde024/subject_overlays/lh.0065_TDCS_1_scalar.central.J.tangent  ->  lh.001-0065-BA_TDCS_1_scalar.central.J.tangent
  /network/iss/levy/valerocabre/stimSD/Data/derivatives/mri/2-simnibs-simu-left/0065/simulations/simulation_AFFT-left_8dbde024/subject_overlays/lh.0065_TDCS_1_scalar.central.J.angle  ->  lh.001-0065-BA_TDCS_1_scalar.central.J.angle
  /network/iss/levy/valerocabre/stimSD/Data/derivatives/mri/2-simnibs-simu-left/0065/simulations/simulation_AFFT-left_8dbde024/subject_overlays/rh.0065_TDCS_1_scalar.central.J.magn  ->  rh.001-0065-BA_TDCS_1_scalar.central.J.magn
  /network/iss/levy/valerocabre/stimSD/Data/derivatives/mri/2-simnibs-simu-left/0065/simulations/simulation_AFFT-left_8dbde024/subject_overlays/rh.0065_TDCS_1_scalar.central.J.normal  ->  rh.001-0065-BA_TDCS_1_scalar.central.J.normal
  /network/iss/levy/valerocabre/stimSD/Data/derivatives/mri/2-simnibs-simu-left/0065/simulations/simulation_AFFT-left_8dbde024/subject_overlays/rh.0065_TDCS_1_scalar.central.J.tangent  ->  rh.001-0065-BA_TDCS_1_scalar.central.J.tangent
  /network/iss/levy/valerocabre/stimSD/Data/derivatives/mri/2-simnibs-simu-left/0065/simulations/simulation_AFFT-left_8dbde024/subject_overlays/rh.0065_TDCS_1_scalar.central.J.angle  ->  rh.001-0065-BA_TDCS_1_scalar.central.J.angle
  /network/iss/levy/valerocabre/stimSD/Data/derivatives/mri/2-simnibs-simu-left/0065/simulations/simulation_AFFT-left_8dbde024/subject_overlays/0065_TDCS_1_scalar_central.msh  ->  001-0065-BA_TDCS_1_scalar_central.msh
  /network/iss/levy/valerocabre/stimSD/Data/derivatives/mri/2-simnibs-simu-left/0065/simulations/simulation_AFFT-left_8dbde024/subject_overlays/0065_TDCS_1_scalar_central.msh.opt  ->  001-0065-BA_TDCS_1_scalar_central.msh.opt
  /network/iss/levy/valerocabre/stimSD/Data/derivatives/mri/2-simnibs-simu-left/0065/simulations/simulation_AFFT-left_8dbde024/subject_volumes/0065_TDCS_1_scalar_E.nii.gz  ->  001-0065-BA_TDCS_1_scalar_E.nii.gz
  /network/iss/levy/valerocabre/stimSD/Data/derivatives/mri/2-simnibs-simu-left/0065/simulations/simulation_AFFT-left_8dbde024/subject_volumes/0065_TDCS_1_scalar_magnE.nii.gz  ->  001-0065-BA_TDCS_1_scalar_magnE.nii.gz
  /network/iss/levy/valerocabre/stimSD/Data/derivatives/mri/2-simnibs-simu-left/0065/simulations/simulation_AFFT-left_8dbde024/subject_volumes/0065_TDCS_1_scalar_J.nii.gz  ->  001-0065-BA_TDCS_1_scalar_J.nii.gz
  /network/iss/levy/valerocabre/stimSD/Data/derivatives/mri/2-simnibs-simu-left/0065/simulations/simulation_AFFT-left_8dbde024/subject_volumes/0065_TDCS_1_scalar_magnJ.nii.gz  ->  001-0065-BA_TDCS_1_scalar_magnJ.nii.gz
  /network/iss/levy/valerocabre/stimSD/Data/derivatives/mri/2-simnibs-simu-left/0065/simulations/simulation_AFFT-left_8dbde024/mni_volumes/0065_TDCS_1_scalar_MNI_E.nii.gz  ->  001-0065-BA_TDCS_1_scalar_MNI_E.nii.gz
  /network/iss/levy/valerocabre/stimSD/Data/derivatives/mri/2-simnibs-simu-left/0065/simulations/simulation_AFFT-left_8dbde024/mni_volumes/0065_TDCS_1_scalar_MNI_magnE.nii.gz  ->  001-0065-BA_TDCS_1_scalar_MNI_magnE.nii.gz
  /network/iss/levy/valerocabre/stimSD/Data/derivatives/mri/2-simnibs-simu-left/0065/simulations/simulation_AFFT-left_8dbde024/mni_volumes/0065_TDCS_1_scalar_MNI_J.nii.gz  ->  001-0065-BA_TDCS_1_scalar_MNI_J.nii.gz
  /network/iss/levy/valerocabre/stimSD/Data/derivatives/mri/2-simnibs-simu-left/0065/simulations/simulation_AFFT-left_8dbde024/mni_volumes/0065_TDCS_1_scalar_MNI_magnJ.nii.gz  ->  001-0065-BA_TDCS_1_scalar_MNI_magnJ.nii.gz
  /network/iss/levy/valerocabre/stimSD/Data/derivatives/mri/2-simnibs-simu-left/0065/simulations/simulation_AFFT-left_8dbde024/mni_volumes/0065_TDCS_1_scalar_MNI_magnE_AFFT-left_masked.nii.gz  ->  001-0065-BA_TDCS_1_scalar_MNI_magnE_AFFT-left_masked.nii.gz
  /network/iss/levy/valerocabre/stimSD/Data/derivatives/mri/2-simnibs-simu-left/0065/simulations/simulation_AFFT-left_8dbde024/mni_volumes/0065_TDCS_1_scalar_MNI_magnE_AFFT-left_cleaned.nii.gz  ->  001-0065-BA_TDCS_1_scalar_MNI_magnE_AFFT-left_cleaned.nii.gz
  /network/iss/levy/valerocabre/stimSD/Data/derivatives/mri/2-simnibs-simu-left/0065/simulations/simulation_AFFT-left_8dbde024/mni_volumes/0065_TDCS_1_scalar_MNI_magnE_extra_AFFT-left_masked.nii.gz  ->  001-0065-BA_TDCS_1_scalar_MNI_magnE_extra_AFFT-left_masked.nii.gz
  /network/iss/levy/valerocabre/stimSD/Data/derivatives/mri/2-simnibs-simu-left/0065/simulations/simulation_AFFT-left_8dbde024/mni_volumes/0065_TDCS_1_scalar_MNI_magnE_extra_AFFT-left_cleaned.nii.gz  ->  001-0065-BA_TDCS_1_scalar_MNI_magnE_extra_AFFT-left_cleaned.nii.gz
  /network/iss/levy/valerocabre/stimSD/Data/derivatives/mri/2-simnibs-simu-left/0065/simulations/simulation_FTAF-left_a0a7d87a/subject_overlays/lh.0065_TDCS_1_scalar.central.E.magn  ->  lh.001-0065-BA_TDCS_1_scalar.central.E.magn
  /network/iss/levy/valerocabre/stimSD/Data/derivatives/mri/2-simnibs-simu-left/0065/simulations/simulation_FTAF-left_a0a7d87a/subject_overlays/lh.0065_TDCS_1_scalar.central.E.normal  ->  lh.001-0065-BA_TDCS_1_scalar.central.E.normal
  /network/iss/levy/valerocabre/stimSD/Data/derivatives/mri/2-simnibs-simu-left/0065/simulations/simulation_FTAF-left_a0a7d87a/subject_overlays/lh.0065_TDCS_1_scalar.central.E.tangent  ->  lh.001-0065-BA_TDCS_1_scalar.central.E.tangent
  /network/iss/levy/valerocabre/stimSD/Data/derivatives/mri/2-simnibs-simu-left/0065/simulations/simulation_FTAF-left_a0a7d87a/subject_overlays/lh.0065_TDCS_1_scalar.central.E.angle  ->  lh.001-0065-BA_TDCS_1_scalar.central.E.angle
  /network/iss/levy/valerocabre/stimSD/Data/derivatives/mri/2-simnibs-simu-left/0065/simulations/simulation_FTAF-left_a0a7d87a/subject_overlays/rh.0065_TDCS_1_scalar.central.E.magn  ->  rh.001-0065-BA_TDCS_1_scalar.central.E.magn
  /network/iss/levy/valerocabre/stimSD/Data/derivatives/mri/2-simnibs-simu-left/0065/simulations/simulation_FTAF-left_a0a7d87a/subject_overlays/rh.0065_TDCS_1_scalar.central.E.normal  ->  rh.001-0065-BA_TDCS_1_scalar.central.E.normal
  /network/iss/levy/valerocabre/stimSD/Data/derivatives/mri/2-simnibs-simu-left/0065/simulations/simulation_FTAF-left_a0a7d87a/subject_overlays/rh.0065_TDCS_1_scalar.central.E.tangent  ->  rh.001-0065-BA_TDCS_1_scalar.central.E.tangent
  /network/iss/levy/valerocabre/stimSD/Data/derivatives/mri/2-simnibs-simu-left/0065/simulations/simulation_FTAF-left_a0a7d87a/subject_overlays/rh.0065_TDCS_1_scalar.central.E.angle  ->  rh.001-0065-BA_TDCS_1_scalar.central.E.angle
  /network/iss/levy/valerocabre/stimSD/Data/derivatives/mri/2-simnibs-simu-left/0065/simulations/simulation_FTAF-left_a0a7d87a/subject_overlays/lh.0065_TDCS_1_scalar.central.J.magn  ->  lh.001-0065-BA_TDCS_1_scalar.central.J.magn
  /network/iss/levy/valerocabre/stimSD/Data/derivatives/mri/2-simnibs-simu-left/0065/simulations/simulation_FTAF-left_a0a7d87a/subject_overlays/lh.0065_TDCS_1_scalar.central.J.normal  ->  lh.001-0065-BA_TDCS_1_scalar.central.J.normal
  /network/iss/levy/valerocabre/stimSD/Data/derivatives/mri/2-simnibs-simu-left/0065/simulations/simulation_FTAF-left_a0a7d87a/subject_overlays/lh.0065_TDCS_1_scalar.central.J.tangent  ->  lh.001-0065-BA_TDCS_1_scalar.central.J.tangent
  /network/iss/levy/valerocabre/stimSD/Data/derivatives/mri/2-simnibs-simu-left/0065/simulations/simulation_FTAF-left_a0a7d87a/subject_overlays/lh.0065_TDCS_1_scalar.central.J.angle  ->  lh.001-0065-BA_TDCS_1_scalar.central.J.angle
  /network/iss/levy/valerocabre/stimSD/Data/derivatives/mri/2-simnibs-simu-left/0065/simulations/simulation_FTAF-left_a0a7d87a/subject_overlays/rh.0065_TDCS_1_scalar.central.J.magn  ->  rh.001-0065-BA_TDCS_1_scalar.central.J.magn
  /network/iss/levy/valerocabre/stimSD/Data/derivatives/mri/2-simnibs-simu-left/0065/simulations/simulation_FTAF-left_a0a7d87a/subject_overlays/rh.0065_TDCS_1_scalar.central.J.normal  ->  rh.001-0065-BA_TDCS_1_scalar.central.J.normal
  /network/iss/levy/valerocabre/stimSD/Data/derivatives/mri/2-simnibs-simu-left/0065/simulations/simulation_FTAF-left_a0a7d87a/subject_overlays/rh.0065_TDCS_1_scalar.central.J.tangent  ->  rh.001-0065-BA_TDCS_1_scalar.central.J.tangent
  /network/iss/levy/valerocabre/stimSD/Data/derivatives/mri/2-simnibs-simu-left/0065/simulations/simulation_FTAF-left_a0a7d87a/subject_overlays/rh.0065_TDCS_1_scalar.central.J.angle  ->  rh.001-0065-BA_TDCS_1_scalar.central.J.angle
  /network/iss/levy/valerocabre/stimSD/Data/derivatives/mri/2-simnibs-simu-left/0065/simulations/simulation_FTAF-left_a0a7d87a/subject_overlays/0065_TDCS_1_scalar_central.msh  ->  001-0065-BA_TDCS_1_scalar_central.msh
  /network/iss/levy/valerocabre/stimSD/Data/derivatives/mri/2-simnibs-simu-left/0065/simulations/simulation_FTAF-left_a0a7d87a/subject_overlays/0065_TDCS_1_scalar_central.msh.opt  ->  001-0065-BA_TDCS_1_scalar_central.msh.opt
  /network/iss/levy/valerocabre/stimSD/Data/derivatives/mri/2-simnibs-simu-left/0065/simulations/simulation_FTAF-left_a0a7d87a/subject_volumes/0065_TDCS_1_scalar_E.nii.gz  ->  001-0065-BA_TDCS_1_scalar_E.nii.gz
  /network/iss/levy/valerocabre/stimSD/Data/derivatives/mri/2-simnibs-simu-left/0065/simulations/simulation_FTAF-left_a0a7d87a/subject_volumes/0065_TDCS_1_scalar_magnE.nii.gz  ->  001-0065-BA_TDCS_1_scalar_magnE.nii.gz
  /network/iss/levy/valerocabre/stimSD/Data/derivatives/mri/2-simnibs-simu-left/0065/simulations/simulation_FTAF-left_a0a7d87a/subject_volumes/0065_TDCS_1_scalar_J.nii.gz  ->  001-0065-BA_TDCS_1_scalar_J.nii.gz
  /network/iss/levy/valerocabre/stimSD/Data/derivatives/mri/2-simnibs-simu-left/0065/simulations/simulation_FTAF-left_a0a7d87a/subject_volumes/0065_TDCS_1_scalar_magnJ.nii.gz  ->  001-0065-BA_TDCS_1_scalar_magnJ.nii.gz
  /network/iss/levy/valerocabre/stimSD/Data/derivatives/mri/2-simnibs-simu-left/0065/simulations/simulation_FTAF-left_a0a7d87a/mni_volumes/0065_TDCS_1_scalar_MNI_E.nii.gz  ->  001-0065-BA_TDCS_1_scalar_MNI_E.nii.gz
  /network/iss/levy/valerocabre/stimSD/Data/derivatives/mri/2-simnibs-simu-left/0065/simulations/simulation_FTAF-left_a0a7d87a/mni_volumes/0065_TDCS_1_scalar_MNI_magnE.nii.gz  ->  001-0065-BA_TDCS_1_scalar_MNI_magnE.nii.gz
  /network/iss/levy/valerocabre/stimSD/Data/derivatives/mri/2-simnibs-simu-left/0065/simulations/simulation_FTAF-left_a0a7d87a/mni_volumes/0065_TDCS_1_scalar_MNI_J.nii.gz  ->  001-0065-BA_TDCS_1_scalar_MNI_J.nii.gz
  /network/iss/levy/valerocabre/stimSD/Data/derivatives/mri/2-simnibs-simu-left/0065/simulations/simulation_FTAF-left_a0a7d87a/mni_volumes/0065_TDCS_1_scalar_MNI_magnJ.nii.gz  ->  001-0065-BA_TDCS_1_scalar_MNI_magnJ.nii.gz
  /network/iss/levy/valerocabre/stimSD/Data/derivatives/mri/2-simnibs-simu-left/0065/simulations/simulation_FTAF-left_a0a7d87a/mni_volumes/0065_TDCS_1_scalar_MNI_magnE_FTAF-left_masked.nii.gz  ->  001-0065-BA_TDCS_1_scalar_MNI_magnE_FTAF-left_masked.nii.gz
  /network/iss/levy/valerocabre/stimSD/Data/derivatives/mri/2-simnibs-simu-left/0065/simulations/simulation_FTAF-left_a0a7d87a/mni_volumes/0065_TDCS_1_scalar_MNI_magnE_FTAF-left_cleaned.nii.gz  ->  001-0065-BA_TDCS_1_scalar_MNI_magnE_FTAF-left_cleaned.nii.gz
  /network/iss/levy/valerocabre/stimSD/Data/derivatives/mri/2-simnibs-simu-left/0065/simulations/simulation_FTAF-left_a0a7d87a/mni_volumes/0065_TDCS_1_scalar_MNI_magnE_extra_FTAF-left_masked.nii.gz  ->  001-0065-BA_TDCS_1_scalar_MNI_magnE_extra_FTAF-left_masked.nii.gz
  /network/iss/levy/valerocabre/stimSD/Data/derivatives/mri/2-simnibs-simu-left/0065/simulations/simulation_FTAF-left_a0a7d87a/mni_volumes/0065_TDCS_1_scalar_MNI_magnE_extra_FTAF-left_cleaned.nii.gz  ->  001-0065-BA_TDCS_1_scalar_MNI_magnE_extra_FTAF-left_cleaned.nii.gz
  /network/iss/levy/valerocabre/stimSD/Data/derivatives/mri/2-simnibs-simu-left/0063/simulations/simulation_AFFT-left_8dbde024/subject_overlays/lh.0063_TDCS_1_scalar.central.E.magn  ->  lh.001-0063-DD_TDCS_1_scalar.central.E.magn
  /network/iss/levy/valerocabre/stimSD/Data/derivatives/mri/2-simnibs-simu-left/0063/simulations/simulation_AFFT-left_8dbde024/subject_overlays/lh.0063_TDCS_1_scalar.central.E.normal  ->  lh.001-0063-DD_TDCS_1_scalar.central.E.normal
  /network/iss/levy/valerocabre/stimSD/Data/derivatives/mri/2-simnibs-simu-left/0063/simulations/simulation_AFFT-left_8dbde024/subject_overlays/lh.0063_TDCS_1_scalar.central.E.tangent  ->  lh.001-0063-DD_TDCS_1_scalar.central.E.tangent
  /network/iss/levy/valerocabre/stimSD/Data/derivatives/mri/2-simnibs-simu-left/0063/simulations/simulation_AFFT-left_8dbde024/subject_overlays/lh.0063_TDCS_1_scalar.central.E.angle  ->  lh.001-0063-DD_TDCS_1_scalar.central.E.angle
  /network/iss/levy/valerocabre/stimSD/Data/derivatives/mri/2-simnibs-simu-left/0063/simulations/simulation_AFFT-left_8dbde024/subject_overlays/rh.0063_TDCS_1_scalar.central.E.magn  ->  rh.001-0063-DD_TDCS_1_scalar.central.E.magn
  /network/iss/levy/valerocabre/stimSD/Data/derivatives/mri/2-simnibs-simu-left/0063/simulations/simulation_AFFT-left_8dbde024/subject_overlays/rh.0063_TDCS_1_scalar.central.E.normal  ->  rh.001-0063-DD_TDCS_1_scalar.central.E.normal
  /network/iss/levy/valerocabre/stimSD/Data/derivatives/mri/2-simnibs-simu-left/0063/simulations/simulation_AFFT-left_8dbde024/subject_overlays/rh.0063_TDCS_1_scalar.central.E.tangent  ->  rh.001-0063-DD_TDCS_1_scalar.central.E.tangent
  /network/iss/levy/valerocabre/stimSD/Data/derivatives/mri/2-simnibs-simu-left/0063/simulations/simulation_AFFT-left_8dbde024/subject_overlays/rh.0063_TDCS_1_scalar.central.E.angle  ->  rh.001-0063-DD_TDCS_1_scalar.central.E.angle
  /network/iss/levy/valerocabre/stimSD/Data/derivatives/mri/2-simnibs-simu-left/0063/simulations/simulation_AFFT-left_8dbde024/subject_overlays/lh.0063_TDCS_1_scalar.central.J.magn  ->  lh.001-0063-DD_TDCS_1_scalar.central.J.magn
  /network/iss/levy/valerocabre/stimSD/Data/derivatives/mri/2-simnibs-simu-left/0063/simulations/simulation_AFFT-left_8dbde024/subject_overlays/lh.0063_TDCS_1_scalar.central.J.normal  ->  lh.001-0063-DD_TDCS_1_scalar.central.J.normal
  /network/iss/levy/valerocabre/stimSD/Data/derivatives/mri/2-simnibs-simu-left/0063/simulations/simulation_AFFT-left_8dbde024/subject_overlays/lh.0063_TDCS_1_scalar.central.J.tangent  ->  lh.001-0063-DD_TDCS_1_scalar.central.J.tangent
  /network/iss/levy/valerocabre/stimSD/Data/derivatives/mri/2-simnibs-simu-left/0063/simulations/simulation_AFFT-left_8dbde024/subject_overlays/lh.0063_TDCS_1_scalar.central.J.angle  ->  lh.001-0063-DD_TDCS_1_scalar.central.J.angle
  /network/iss/levy/valerocabre/stimSD/Data/derivatives/mri/2-simnibs-simu-left/0063/simulations/simulation_AFFT-left_8dbde024/subject_overlays/rh.0063_TDCS_1_scalar.central.J.magn  ->  rh.001-0063-DD_TDCS_1_scalar.central.J.magn
  /network/iss/levy/valerocabre/stimSD/Data/derivatives/mri/2-simnibs-simu-left/0063/simulations/simulation_AFFT-left_8dbde024/subject_overlays/rh.0063_TDCS_1_scalar.central.J.normal  ->  rh.001-0063-DD_TDCS_1_scalar.central.J.normal
  /network/iss/levy/valerocabre/stimSD/Data/derivatives/mri/2-simnibs-simu-left/0063/simulations/simulation_AFFT-left_8dbde024/subject_overlays/rh.0063_TDCS_1_scalar.central.J.tangent  ->  rh.001-0063-DD_TDCS_1_scalar.central.J.tangent
  /network/iss/levy/valerocabre/stimSD/Data/derivatives/mri/2-simnibs-simu-left/0063/simulations/simulation_AFFT-left_8dbde024/subject_overlays/rh.0063_TDCS_1_scalar.central.J.angle  ->  rh.001-0063-DD_TDCS_1_scalar.central.J.angle
  /network/iss/levy/valerocabre/stimSD/Data/derivatives/mri/2-simnibs-simu-left/0063/simulations/simulation_AFFT-left_8dbde024/subject_overlays/0063_TDCS_1_scalar_central.msh  ->  001-0063-DD_TDCS_1_scalar_central.msh
  /network/iss/levy/valerocabre/stimSD/Data/derivatives/mri/2-simnibs-simu-left/0063/simulations/simulation_AFFT-left_8dbde024/subject_overlays/0063_TDCS_1_scalar_central.msh.opt  ->  001-0063-DD_TDCS_1_scalar_central.msh.opt
  /network/iss/levy/valerocabre/stimSD/Data/derivatives/mri/2-simnibs-simu-left/0063/simulations/simulation_AFFT-left_8dbde024/subject_volumes/0063_TDCS_1_scalar_E.nii.gz  ->  001-0063-DD_TDCS_1_scalar_E.nii.gz
  /network/iss/levy/valerocabre/stimSD/Data/derivatives/mri/2-simnibs-simu-left/0063/simulations/simulation_AFFT-left_8dbde024/subject_volumes/0063_TDCS_1_scalar_magnE.nii.gz  ->  001-0063-DD_TDCS_1_scalar_magnE.nii.gz
  /network/iss/levy/valerocabre/stimSD/Data/derivatives/mri/2-simnibs-simu-left/0063/simulations/simulation_AFFT-left_8dbde024/subject_volumes/0063_TDCS_1_scalar_J.nii.gz  ->  001-0063-DD_TDCS_1_scalar_J.nii.gz
  /network/iss/levy/valerocabre/stimSD/Data/derivatives/mri/2-simnibs-simu-left/0063/simulations/simulation_AFFT-left_8dbde024/subject_volumes/0063_TDCS_1_scalar_magnJ.nii.gz  ->  001-0063-DD_TDCS_1_scalar_magnJ.nii.gz
  /network/iss/levy/valerocabre/stimSD/Data/derivatives/mri/2-simnibs-simu-left/0063/simulations/simulation_AFFT-left_8dbde024/mni_volumes/0063_TDCS_1_scalar_MNI_E.nii.gz  ->  001-0063-DD_TDCS_1_scalar_MNI_E.nii.gz
  /network/iss/levy/valerocabre/stimSD/Data/derivatives/mri/2-simnibs-simu-left/0063/simulations/simulation_AFFT-left_8dbde024/mni_volumes/0063_TDCS_1_scalar_MNI_magnE.nii.gz  ->  001-0063-DD_TDCS_1_scalar_MNI_magnE.nii.gz
  /network/iss/levy/valerocabre/stimSD/Data/derivatives/mri/2-simnibs-simu-left/0063/simulations/simulation_AFFT-left_8dbde024/mni_volumes/0063_TDCS_1_scalar_MNI_J.nii.gz  ->  001-0063-DD_TDCS_1_scalar_MNI_J.nii.gz
  /network/iss/levy/valerocabre/stimSD/Data/derivatives/mri/2-simnibs-simu-left/0063/simulations/simulation_AFFT-left_8dbde024/mni_volumes/0063_TDCS_1_scalar_MNI_magnJ.nii.gz  ->  001-0063-DD_TDCS_1_scalar_MNI_magnJ.nii.gz
  /network/iss/levy/valerocabre/stimSD/Data/derivatives/mri/2-simnibs-simu-left/0063/simulations/simulation_AFFT-left_8dbde024/mni_volumes/0063_TDCS_1_scalar_MNI_magnE_AFFT-left_masked.nii.gz  ->  001-0063-DD_TDCS_1_scalar_MNI_magnE_AFFT-left_masked.nii.gz
  /network/iss/levy/valerocabre/stimSD/Data/derivatives/mri/2-simnibs-simu-left/0063/simulations/simulation_AFFT-left_8dbde024/mni_volumes/0063_TDCS_1_scalar_MNI_magnE_AFFT-left_cleaned.nii.gz  ->  001-0063-DD_TDCS_1_scalar_MNI_magnE_AFFT-left_cleaned.nii.gz
  /network/iss/levy/valerocabre/stimSD/Data/derivatives/mri/2-simnibs-simu-left/0063/simulations/simulation_AFFT-left_8dbde024/mni_volumes/0063_TDCS_1_scalar_MNI_magnE_extra_AFFT-left_masked.nii.gz  ->  001-0063-DD_TDCS_1_scalar_MNI_magnE_extra_AFFT-left_masked.nii.gz
  /network/iss/levy/valerocabre/stimSD/Data/derivatives/mri/2-simnibs-simu-left/0063/simulations/simulation_AFFT-left_8dbde024/mni_volumes/0063_TDCS_1_scalar_MNI_magnE_extra_AFFT-left_cleaned.nii.gz  ->  001-0063-DD_TDCS_1_scalar_MNI_magnE_extra_AFFT-left_cleaned.nii.gz
  /network/iss/levy/valerocabre/stimSD/Data/derivatives/mri/2-simnibs-simu-left/0063/simulations/simulation_FTAF-left_a0a7d87a/subject_overlays/lh.0063_TDCS_1_scalar.central.E.magn  ->  lh.001-0063-DD_TDCS_1_scalar.central.E.magn
  /network/iss/levy/valerocabre/stimSD/Data/derivatives/mri/2-simnibs-simu-left/0063/simulations/simulation_FTAF-left_a0a7d87a/subject_overlays/lh.0063_TDCS_1_scalar.central.E.normal  ->  lh.001-0063-DD_TDCS_1_scalar.central.E.normal
  /network/iss/levy/valerocabre/stimSD/Data/derivatives/mri/2-simnibs-simu-left/0063/simulations/simulation_FTAF-left_a0a7d87a/subject_overlays/lh.0063_TDCS_1_scalar.central.E.tangent  ->  lh.001-0063-DD_TDCS_1_scalar.central.E.tangent
  /network/iss/levy/valerocabre/stimSD/Data/derivatives/mri/2-simnibs-simu-left/0063/simulations/simulation_FTAF-left_a0a7d87a/subject_overlays/lh.0063_TDCS_1_scalar.central.E.angle  ->  lh.001-0063-DD_TDCS_1_scalar.central.E.angle
  /network/iss/levy/valerocabre/stimSD/Data/derivatives/mri/2-simnibs-simu-left/0063/simulations/simulation_FTAF-left_a0a7d87a/subject_overlays/rh.0063_TDCS_1_scalar.central.E.magn  ->  rh.001-0063-DD_TDCS_1_scalar.central.E.magn
  /network/iss/levy/valerocabre/stimSD/Data/derivatives/mri/2-simnibs-simu-left/0063/simulations/simulation_FTAF-left_a0a7d87a/subject_overlays/rh.0063_TDCS_1_scalar.central.E.normal  ->  rh.001-0063-DD_TDCS_1_scalar.central.E.normal
  /network/iss/levy/valerocabre/stimSD/Data/derivatives/mri/2-simnibs-simu-left/0063/simulations/simulation_FTAF-left_a0a7d87a/subject_overlays/rh.0063_TDCS_1_scalar.central.E.tangent  ->  rh.001-0063-DD_TDCS_1_scalar.central.E.tangent
  /network/iss/levy/valerocabre/stimSD/Data/derivatives/mri/2-simnibs-simu-left/0063/simulations/simulation_FTAF-left_a0a7d87a/subject_overlays/rh.0063_TDCS_1_scalar.central.E.angle  ->  rh.001-0063-DD_TDCS_1_scalar.central.E.angle
  /network/iss/levy/valerocabre/stimSD/Data/derivatives/mri/2-simnibs-simu-left/0063/simulations/simulation_FTAF-left_a0a7d87a/subject_overlays/lh.0063_TDCS_1_scalar.central.J.magn  ->  lh.001-0063-DD_TDCS_1_scalar.central.J.magn
  /network/iss/levy/valerocabre/stimSD/Data/derivatives/mri/2-simnibs-simu-left/0063/simulations/simulation_FTAF-left_a0a7d87a/subject_overlays/lh.0063_TDCS_1_scalar.central.J.normal  ->  lh.001-0063-DD_TDCS_1_scalar.central.J.normal
  /network/iss/levy/valerocabre/stimSD/Data/derivatives/mri/2-simnibs-simu-left/0063/simulations/simulation_FTAF-left_a0a7d87a/subject_overlays/lh.0063_TDCS_1_scalar.central.J.tangent  ->  lh.001-0063-DD_TDCS_1_scalar.central.J.tangent
  /network/iss/levy/valerocabre/stimSD/Data/derivatives/mri/2-simnibs-simu-left/0063/simulations/simulation_FTAF-left_a0a7d87a/subject_overlays/lh.0063_TDCS_1_scalar.central.J.angle  ->  lh.001-0063-DD_TDCS_1_scalar.central.J.angle
  /network/iss/levy/valerocabre/stimSD/Data/derivatives/mri/2-simnibs-simu-left/0063/simulations/simulation_FTAF-left_a0a7d87a/subject_overlays/rh.0063_TDCS_1_scalar.central.J.magn  ->  rh.001-0063-DD_TDCS_1_scalar.central.J.magn
  /network/iss/levy/valerocabre/stimSD/Data/derivatives/mri/2-simnibs-simu-left/0063/simulations/simulation_FTAF-left_a0a7d87a/subject_overlays/rh.0063_TDCS_1_scalar.central.J.normal  ->  rh.001-0063-DD_TDCS_1_scalar.central.J.normal
  /network/iss/levy/valerocabre/stimSD/Data/derivatives/mri/2-simnibs-simu-left/0063/simulations/simulation_FTAF-left_a0a7d87a/subject_overlays/rh.0063_TDCS_1_scalar.central.J.tangent  ->  rh.001-0063-DD_TDCS_1_scalar.central.J.tangent
  /network/iss/levy/valerocabre/stimSD/Data/derivatives/mri/2-simnibs-simu-left/0063/simulations/simulation_FTAF-left_a0a7d87a/subject_overlays/rh.0063_TDCS_1_scalar.central.J.angle  ->  rh.001-0063-DD_TDCS_1_scalar.central.J.angle
  /network/iss/levy/valerocabre/stimSD/Data/derivatives/mri/2-simnibs-simu-left/0063/simulations/simulation_FTAF-left_a0a7d87a/subject_overlays/0063_TDCS_1_scalar_central.msh  ->  001-0063-DD_TDCS_1_scalar_central.msh
  /network/iss/levy/valerocabre/stimSD/Data/derivatives/mri/2-simnibs-simu-left/0063/simulations/simulation_FTAF-left_a0a7d87a/subject_overlays/0063_TDCS_1_scalar_central.msh.opt  ->  001-0063-DD_TDCS_1_scalar_central.msh.opt
  /network/iss/levy/valerocabre/stimSD/Data/derivatives/mri/2-simnibs-simu-left/0063/simulations/simulation_FTAF-left_a0a7d87a/subject_volumes/0063_TDCS_1_scalar_E.nii.gz  ->  001-0063-DD_TDCS_1_scalar_E.nii.gz
  /network/iss/levy/valerocabre/stimSD/Data/derivatives/mri/2-simnibs-simu-left/0063/simulations/simulation_FTAF-left_a0a7d87a/subject_volumes/0063_TDCS_1_scalar_magnE.nii.gz  ->  001-0063-DD_TDCS_1_scalar_magnE.nii.gz
  /network/iss/levy/valerocabre/stimSD/Data/derivatives/mri/2-simnibs-simu-left/0063/simulations/simulation_FTAF-left_a0a7d87a/subject_volumes/0063_TDCS_1_scalar_J.nii.gz  ->  001-0063-DD_TDCS_1_scalar_J.nii.gz
  /network/iss/levy/valerocabre/stimSD/Data/derivatives/mri/2-simnibs-simu-left/0063/simulations/simulation_FTAF-left_a0a7d87a/subject_volumes/0063_TDCS_1_scalar_magnJ.nii.gz  ->  001-0063-DD_TDCS_1_scalar_magnJ.nii.gz
  /network/iss/levy/valerocabre/stimSD/Data/derivatives/mri/2-simnibs-simu-left/0063/simulations/simulation_FTAF-left_a0a7d87a/mni_volumes/0063_TDCS_1_scalar_MNI_E.nii.gz  ->  001-0063-DD_TDCS_1_scalar_MNI_E.nii.gz
  /network/iss/levy/valerocabre/stimSD/Data/derivatives/mri/2-simnibs-simu-left/0063/simulations/simulation_FTAF-left_a0a7d87a/mni_volumes/0063_TDCS_1_scalar_MNI_magnE.nii.gz  ->  001-0063-DD_TDCS_1_scalar_MNI_magnE.nii.gz
  /network/iss/levy/valerocabre/stimSD/Data/derivatives/mri/2-simnibs-simu-left/0063/simulations/simulation_FTAF-left_a0a7d87a/mni_volumes/0063_TDCS_1_scalar_MNI_J.nii.gz  ->  001-0063-DD_TDCS_1_scalar_MNI_J.nii.gz
  /network/iss/levy/valerocabre/stimSD/Data/derivatives/mri/2-simnibs-simu-left/0063/simulations/simulation_FTAF-left_a0a7d87a/mni_volumes/0063_TDCS_1_scalar_MNI_magnJ.nii.gz  ->  001-0063-DD_TDCS_1_scalar_MNI_magnJ.nii.gz
  /network/iss/levy/valerocabre/stimSD/Data/derivatives/mri/2-simnibs-simu-left/0063/simulations/simulation_FTAF-left_a0a7d87a/mni_volumes/0063_TDCS_1_scalar_MNI_magnE_FTAF-left_masked.nii.gz  ->  001-0063-DD_TDCS_1_scalar_MNI_magnE_FTAF-left_masked.nii.gz
  /network/iss/levy/valerocabre/stimSD/Data/derivatives/mri/2-simnibs-simu-left/0063/simulations/simulation_FTAF-left_a0a7d87a/mni_volumes/0063_TDCS_1_scalar_MNI_magnE_FTAF-left_cleaned.nii.gz  ->  001-0063-DD_TDCS_1_scalar_MNI_magnE_FTAF-left_cleaned.nii.gz
  /network/iss/levy/valerocabre/stimSD/Data/derivatives/mri/2-simnibs-simu-left/0063/simulations/simulation_FTAF-left_a0a7d87a/mni_volumes/0063_TDCS_1_scalar_MNI_magnE_extra_FTAF-left_masked.nii.gz  ->  001-0063-DD_TDCS_1_scalar_MNI_magnE_extra_FTAF-left_masked.nii.gz
  /network/iss/levy/valerocabre/stimSD/Data/derivatives/mri/2-simnibs-simu-left/0063/simulations/simulation_FTAF-left_a0a7d87a/mni_volumes/0063_TDCS_1_scalar_MNI_magnE_extra_FTAF-left_cleaned.nii.gz  ->  001-0063-DD_TDCS_1_scalar_MNI_magnE_extra_FTAF-left_cleaned.nii.gz
  /network/iss/levy/valerocabre/stimSD/Data/derivatives/mri/2-simnibs-simu-left/0062/simulations/simulation_AFFT-left_8dbde024/subject_overlays/lh.0062_TDCS_1_scalar.central.E.magn  ->  lh.001-0062-PM_TDCS_1_scalar.central.E.magn
  /network/iss/levy/valerocabre/stimSD/Data/derivatives/mri/2-simnibs-simu-left/0062/simulations/simulation_AFFT-left_8dbde024/subject_overlays/lh.0062_TDCS_1_scalar.central.E.normal  ->  lh.001-0062-PM_TDCS_1_scalar.central.E.normal
  /network/iss/levy/valerocabre/stimSD/Data/derivatives/mri/2-simnibs-simu-left/0062/simulations/simulation_AFFT-left_8dbde024/subject_overlays/lh.0062_TDCS_1_scalar.central.E.tangent  ->  lh.001-0062-PM_TDCS_1_scalar.central.E.tangent
  /network/iss/levy/valerocabre/stimSD/Data/derivatives/mri/2-simnibs-simu-left/0062/simulations/simulation_AFFT-left_8dbde024/subject_overlays/lh.0062_TDCS_1_scalar.central.E.angle  ->  lh.001-0062-PM_TDCS_1_scalar.central.E.angle
  /network/iss/levy/valerocabre/stimSD/Data/derivatives/mri/2-simnibs-simu-left/0062/simulations/simulation_AFFT-left_8dbde024/subject_overlays/rh.0062_TDCS_1_scalar.central.E.magn  ->  rh.001-0062-PM_TDCS_1_scalar.central.E.magn
  /network/iss/levy/valerocabre/stimSD/Data/derivatives/mri/2-simnibs-simu-left/0062/simulations/simulation_AFFT-left_8dbde024/subject_overlays/rh.0062_TDCS_1_scalar.central.E.normal  ->  rh.001-0062-PM_TDCS_1_scalar.central.E.normal
  /network/iss/levy/valerocabre/stimSD/Data/derivatives/mri/2-simnibs-simu-left/0062/simulations/simulation_AFFT-left_8dbde024/subject_overlays/rh.0062_TDCS_1_scalar.central.E.tangent  ->  rh.001-0062-PM_TDCS_1_scalar.central.E.tangent
  /network/iss/levy/valerocabre/stimSD/Data/derivatives/mri/2-simnibs-simu-left/0062/simulations/simulation_AFFT-left_8dbde024/subject_overlays/rh.0062_TDCS_1_scalar.central.E.angle  ->  rh.001-0062-PM_TDCS_1_scalar.central.E.angle
  /network/iss/levy/valerocabre/stimSD/Data/derivatives/mri/2-simnibs-simu-left/0062/simulations/simulation_AFFT-left_8dbde024/subject_overlays/lh.0062_TDCS_1_scalar.central.J.magn  ->  lh.001-0062-PM_TDCS_1_scalar.central.J.magn
  /network/iss/levy/valerocabre/stimSD/Data/derivatives/mri/2-simnibs-simu-left/0062/simulations/simulation_AFFT-left_8dbde024/subject_overlays/lh.0062_TDCS_1_scalar.central.J.normal  ->  lh.001-0062-PM_TDCS_1_scalar.central.J.normal
  /network/iss/levy/valerocabre/stimSD/Data/derivatives/mri/2-simnibs-simu-left/0062/simulations/simulation_AFFT-left_8dbde024/subject_overlays/lh.0062_TDCS_1_scalar.central.J.tangent  ->  lh.001-0062-PM_TDCS_1_scalar.central.J.tangent
  /network/iss/levy/valerocabre/stimSD/Data/derivatives/mri/2-simnibs-simu-left/0062/simulations/simulation_AFFT-left_8dbde024/subject_overlays/lh.0062_TDCS_1_scalar.central.J.angle  ->  lh.001-0062-PM_TDCS_1_scalar.central.J.angle
  /network/iss/levy/valerocabre/stimSD/Data/derivatives/mri/2-simnibs-simu-left/0062/simulations/simulation_AFFT-left_8dbde024/subject_overlays/rh.0062_TDCS_1_scalar.central.J.magn  ->  rh.001-0062-PM_TDCS_1_scalar.central.J.magn
  /network/iss/levy/valerocabre/stimSD/Data/derivatives/mri/2-simnibs-simu-left/0062/simulations/simulation_AFFT-left_8dbde024/subject_overlays/rh.0062_TDCS_1_scalar.central.J.normal  ->  rh.001-0062-PM_TDCS_1_scalar.central.J.normal
  /network/iss/levy/valerocabre/stimSD/Data/derivatives/mri/2-simnibs-simu-left/0062/simulations/simulation_AFFT-left_8dbde024/subject_overlays/rh.0062_TDCS_1_scalar.central.J.tangent  ->  rh.001-0062-PM_TDCS_1_scalar.central.J.tangent
  /network/iss/levy/valerocabre/stimSD/Data/derivatives/mri/2-simnibs-simu-left/0062/simulations/simulation_AFFT-left_8dbde024/subject_overlays/rh.0062_TDCS_1_scalar.central.J.angle  ->  rh.001-0062-PM_TDCS_1_scalar.central.J.angle
  /network/iss/levy/valerocabre/stimSD/Data/derivatives/mri/2-simnibs-simu-left/0062/simulations/simulation_AFFT-left_8dbde024/subject_overlays/0062_TDCS_1_scalar_central.msh  ->  001-0062-PM_TDCS_1_scalar_central.msh
  /network/iss/levy/valerocabre/stimSD/Data/derivatives/mri/2-simnibs-simu-left/0062/simulations/simulation_AFFT-left_8dbde024/subject_overlays/0062_TDCS_1_scalar_central.msh.opt  ->  001-0062-PM_TDCS_1_scalar_central.msh.opt
  /network/iss/levy/valerocabre/stimSD/Data/derivatives/mri/2-simnibs-simu-left/0062/simulations/simulation_AFFT-left_8dbde024/subject_volumes/0062_TDCS_1_scalar_E.nii.gz  ->  001-0062-PM_TDCS_1_scalar_E.nii.gz
  /network/iss/levy/valerocabre/stimSD/Data/derivatives/mri/2-simnibs-simu-left/0062/simulations/simulation_AFFT-left_8dbde024/subject_volumes/0062_TDCS_1_scalar_magnE.nii.gz  ->  001-0062-PM_TDCS_1_scalar_magnE.nii.gz
  /network/iss/levy/valerocabre/stimSD/Data/derivatives/mri/2-simnibs-simu-left/0062/simulations/simulation_AFFT-left_8dbde024/subject_volumes/0062_TDCS_1_scalar_J.nii.gz  ->  001-0062-PM_TDCS_1_scalar_J.nii.gz
  /network/iss/levy/valerocabre/stimSD/Data/derivatives/mri/2-simnibs-simu-left/0062/simulations/simulation_AFFT-left_8dbde024/subject_volumes/0062_TDCS_1_scalar_magnJ.nii.gz  ->  001-0062-PM_TDCS_1_scalar_magnJ.nii.gz
  /network/iss/levy/valerocabre/stimSD/Data/derivatives/mri/2-simnibs-simu-left/0062/simulations/simulation_AFFT-left_8dbde024/mni_volumes/0062_TDCS_1_scalar_MNI_E.nii.gz  ->  001-0062-PM_TDCS_1_scalar_MNI_E.nii.gz
  /network/iss/levy/valerocabre/stimSD/Data/derivatives/mri/2-simnibs-simu-left/0062/simulations/simulation_AFFT-left_8dbde024/mni_volumes/0062_TDCS_1_scalar_MNI_magnE.nii.gz  ->  001-0062-PM_TDCS_1_scalar_MNI_magnE.nii.gz
  /network/iss/levy/valerocabre/stimSD/Data/derivatives/mri/2-simnibs-simu-left/0062/simulations/simulation_AFFT-left_8dbde024/mni_volumes/0062_TDCS_1_scalar_MNI_J.nii.gz  ->  001-0062-PM_TDCS_1_scalar_MNI_J.nii.gz
  /network/iss/levy/valerocabre/stimSD/Data/derivatives/mri/2-simnibs-simu-left/0062/simulations/simulation_AFFT-left_8dbde024/mni_volumes/0062_TDCS_1_scalar_MNI_magnJ.nii.gz  ->  001-0062-PM_TDCS_1_scalar_MNI_magnJ.nii.gz
  /network/iss/levy/valerocabre/stimSD/Data/derivatives/mri/2-simnibs-simu-left/0062/simulations/simulation_AFFT-left_8dbde024/mni_volumes/0062_TDCS_1_scalar_MNI_magnE_AFFT-left_masked.nii.gz  ->  001-0062-PM_TDCS_1_scalar_MNI_magnE_AFFT-left_masked.nii.gz
  /network/iss/levy/valerocabre/stimSD/Data/derivatives/mri/2-simnibs-simu-left/0062/simulations/simulation_AFFT-left_8dbde024/mni_volumes/0062_TDCS_1_scalar_MNI_magnE_AFFT-left_cleaned.nii.gz  ->  001-0062-PM_TDCS_1_scalar_MNI_magnE_AFFT-left_cleaned.nii.gz
  /network/iss/levy/valerocabre/stimSD/Data/derivatives/mri/2-simnibs-simu-left/0062/simulations/simulation_AFFT-left_8dbde024/mni_volumes/0062_TDCS_1_scalar_MNI_magnE_extra_AFFT-left_masked.nii.gz  ->  001-0062-PM_TDCS_1_scalar_MNI_magnE_extra_AFFT-left_masked.nii.gz
  /network/iss/levy/valerocabre/stimSD/Data/derivatives/mri/2-simnibs-simu-left/0062/simulations/simulation_AFFT-left_8dbde024/mni_volumes/0062_TDCS_1_scalar_MNI_magnE_extra_AFFT-left_cleaned.nii.gz  ->  001-0062-PM_TDCS_1_scalar_MNI_magnE_extra_AFFT-left_cleaned.nii.gz
  /network/iss/levy/valerocabre/stimSD/Data/derivatives/mri/2-simnibs-simu-left/0062/simulations/simulation_FTAF-left_a0a7d87a/subject_overlays/lh.0062_TDCS_1_scalar.central.E.magn  ->  lh.001-0062-PM_TDCS_1_scalar.central.E.magn
  /network/iss/levy/valerocabre/stimSD/Data/derivatives/mri/2-simnibs-simu-left/0062/simulations/simulation_FTAF-left_a0a7d87a/subject_overlays/lh.0062_TDCS_1_scalar.central.E.normal  ->  lh.001-0062-PM_TDCS_1_scalar.central.E.normal
  /network/iss/levy/valerocabre/stimSD/Data/derivatives/mri/2-simnibs-simu-left/0062/simulations/simulation_FTAF-left_a0a7d87a/subject_overlays/lh.0062_TDCS_1_scalar.central.E.tangent  ->  lh.001-0062-PM_TDCS_1_scalar.central.E.tangent
  /network/iss/levy/valerocabre/stimSD/Data/derivatives/mri/2-simnibs-simu-left/0062/simulations/simulation_FTAF-left_a0a7d87a/subject_overlays/lh.0062_TDCS_1_scalar.central.E.angle  ->  lh.001-0062-PM_TDCS_1_scalar.central.E.angle
  /network/iss/levy/valerocabre/stimSD/Data/derivatives/mri/2-simnibs-simu-left/0062/simulations/simulation_FTAF-left_a0a7d87a/subject_overlays/rh.0062_TDCS_1_scalar.central.E.magn  ->  rh.001-0062-PM_TDCS_1_scalar.central.E.magn
  /network/iss/levy/valerocabre/stimSD/Data/derivatives/mri/2-simnibs-simu-left/0062/simulations/simulation_FTAF-left_a0a7d87a/subject_overlays/rh.0062_TDCS_1_scalar.central.E.normal  ->  rh.001-0062-PM_TDCS_1_scalar.central.E.normal
  /network/iss/levy/valerocabre/stimSD/Data/derivatives/mri/2-simnibs-simu-left/0062/simulations/simulation_FTAF-left_a0a7d87a/subject_overlays/rh.0062_TDCS_1_scalar.central.E.tangent  ->  rh.001-0062-PM_TDCS_1_scalar.central.E.tangent
  /network/iss/levy/valerocabre/stimSD/Data/derivatives/mri/2-simnibs-simu-left/0062/simulations/simulation_FTAF-left_a0a7d87a/subject_overlays/rh.0062_TDCS_1_scalar.central.E.angle  ->  rh.001-0062-PM_TDCS_1_scalar.central.E.angle
  /network/iss/levy/valerocabre/stimSD/Data/derivatives/mri/2-simnibs-simu-left/0062/simulations/simulation_FTAF-left_a0a7d87a/subject_overlays/lh.0062_TDCS_1_scalar.central.J.magn  ->  lh.001-0062-PM_TDCS_1_scalar.central.J.magn
  /network/iss/levy/valerocabre/stimSD/Data/derivatives/mri/2-simnibs-simu-left/0062/simulations/simulation_FTAF-left_a0a7d87a/subject_overlays/lh.0062_TDCS_1_scalar.central.J.normal  ->  lh.001-0062-PM_TDCS_1_scalar.central.J.normal
  /network/iss/levy/valerocabre/stimSD/Data/derivatives/mri/2-simnibs-simu-left/0062/simulations/simulation_FTAF-left_a0a7d87a/subject_overlays/lh.0062_TDCS_1_scalar.central.J.tangent  ->  lh.001-0062-PM_TDCS_1_scalar.central.J.tangent
  /network/iss/levy/valerocabre/stimSD/Data/derivatives/mri/2-simnibs-simu-left/0062/simulations/simulation_FTAF-left_a0a7d87a/subject_overlays/lh.0062_TDCS_1_scalar.central.J.angle  ->  lh.001-0062-PM_TDCS_1_scalar.central.J.angle
  /network/iss/levy/valerocabre/stimSD/Data/derivatives/mri/2-simnibs-simu-left/0062/simulations/simulation_FTAF-left_a0a7d87a/subject_overlays/rh.0062_TDCS_1_scalar.central.J.magn  ->  rh.001-0062-PM_TDCS_1_scalar.central.J.magn
  /network/iss/levy/valerocabre/stimSD/Data/derivatives/mri/2-simnibs-simu-left/0062/simulations/simulation_FTAF-left_a0a7d87a/subject_overlays/rh.0062_TDCS_1_scalar.central.J.normal  ->  rh.001-0062-PM_TDCS_1_scalar.central.J.normal
  /network/iss/levy/valerocabre/stimSD/Data/derivatives/mri/2-simnibs-simu-left/0062/simulations/simulation_FTAF-left_a0a7d87a/subject_overlays/rh.0062_TDCS_1_scalar.central.J.tangent  ->  rh.001-0062-PM_TDCS_1_scalar.central.J.tangent
  /network/iss/levy/valerocabre/stimSD/Data/derivatives/mri/2-simnibs-simu-left/0062/simulations/simulation_FTAF-left_a0a7d87a/subject_overlays/rh.0062_TDCS_1_scalar.central.J.angle  ->  rh.001-0062-PM_TDCS_1_scalar.central.J.angle
  /network/iss/levy/valerocabre/stimSD/Data/derivatives/mri/2-simnibs-simu-left/0062/simulations/simulation_FTAF-left_a0a7d87a/subject_overlays/0062_TDCS_1_scalar_central.msh  ->  001-0062-PM_TDCS_1_scalar_central.msh
  /network/iss/levy/valerocabre/stimSD/Data/derivatives/mri/2-simnibs-simu-left/0062/simulations/simulation_FTAF-left_a0a7d87a/subject_overlays/0062_TDCS_1_scalar_central.msh.opt  ->  001-0062-PM_TDCS_1_scalar_central.msh.opt
  /network/iss/levy/valerocabre/stimSD/Data/derivatives/mri/2-simnibs-simu-left/0062/simulations/simulation_FTAF-left_a0a7d87a/subject_volumes/0062_TDCS_1_scalar_E.nii.gz  ->  001-0062-PM_TDCS_1_scalar_E.nii.gz
  /network/iss/levy/valerocabre/stimSD/Data/derivatives/mri/2-simnibs-simu-left/0062/simulations/simulation_FTAF-left_a0a7d87a/subject_volumes/0062_TDCS_1_scalar_magnE.nii.gz  ->  001-0062-PM_TDCS_1_scalar_magnE.nii.gz
  /network/iss/levy/valerocabre/stimSD/Data/derivatives/mri/2-simnibs-simu-left/0062/simulations/simulation_FTAF-left_a0a7d87a/subject_volumes/0062_TDCS_1_scalar_J.nii.gz  ->  001-0062-PM_TDCS_1_scalar_J.nii.gz
  /network/iss/levy/valerocabre/stimSD/Data/derivatives/mri/2-simnibs-simu-left/0062/simulations/simulation_FTAF-left_a0a7d87a/subject_volumes/0062_TDCS_1_scalar_magnJ.nii.gz  ->  001-0062-PM_TDCS_1_scalar_magnJ.nii.gz
  /network/iss/levy/valerocabre/stimSD/Data/derivatives/mri/2-simnibs-simu-left/0062/simulations/simulation_FTAF-left_a0a7d87a/mni_volumes/0062_TDCS_1_scalar_MNI_E.nii.gz  ->  001-0062-PM_TDCS_1_scalar_MNI_E.nii.gz
  /network/iss/levy/valerocabre/stimSD/Data/derivatives/mri/2-simnibs-simu-left/0062/simulations/simulation_FTAF-left_a0a7d87a/mni_volumes/0062_TDCS_1_scalar_MNI_magnE.nii.gz  ->  001-0062-PM_TDCS_1_scalar_MNI_magnE.nii.gz
  /network/iss/levy/valerocabre/stimSD/Data/derivatives/mri/2-simnibs-simu-left/0062/simulations/simulation_FTAF-left_a0a7d87a/mni_volumes/0062_TDCS_1_scalar_MNI_J.nii.gz  ->  001-0062-PM_TDCS_1_scalar_MNI_J.nii.gz
  /network/iss/levy/valerocabre/stimSD/Data/derivatives/mri/2-simnibs-simu-left/0062/simulations/simulation_FTAF-left_a0a7d87a/mni_volumes/0062_TDCS_1_scalar_MNI_magnJ.nii.gz  ->  001-0062-PM_TDCS_1_scalar_MNI_magnJ.nii.gz
  /network/iss/levy/valerocabre/stimSD/Data/derivatives/mri/2-simnibs-simu-left/0062/simulations/simulation_FTAF-left_a0a7d87a/mni_volumes/0062_TDCS_1_scalar_MNI_magnE_FTAF-left_masked.nii.gz  ->  001-0062-PM_TDCS_1_scalar_MNI_magnE_FTAF-left_masked.nii.gz
  /network/iss/levy/valerocabre/stimSD/Data/derivatives/mri/2-simnibs-simu-left/0062/simulations/simulation_FTAF-left_a0a7d87a/mni_volumes/0062_TDCS_1_scalar_MNI_magnE_FTAF-left_cleaned.nii.gz  ->  001-0062-PM_TDCS_1_scalar_MNI_magnE_FTAF-left_cleaned.nii.gz
  /network/iss/levy/valerocabre/stimSD/Data/derivatives/mri/2-simnibs-simu-left/0062/simulations/simulation_FTAF-left_a0a7d87a/mni_volumes/0062_TDCS_1_scalar_MNI_magnE_extra_FTAF-left_masked.nii.gz  ->  001-0062-PM_TDCS_1_scalar_MNI_magnE_extra_FTAF-left_masked.nii.gz
  /network/iss/levy/valerocabre/stimSD/Data/derivatives/mri/2-simnibs-simu-left/0062/simulations/simulation_FTAF-left_a0a7d87a/mni_volumes/0062_TDCS_1_scalar_MNI_magnE_extra_FTAF-left_cleaned.nii.gz  ->  001-0062-PM_TDCS_1_scalar_MNI_magnE_extra_FTAF-left_cleaned.nii.gz
  /network/iss/levy/valerocabre/stimSD/Data/derivatives/mri/2-simnibs-simu-left/0003/simulations/simulation_AFFT-left_8dbde024/0003_TDCS_1_scalar.msh  ->  001-0004-MA_TDCS_1_scalar.msh
  /network/iss/levy/valerocabre/stimSD/Data/derivatives/mri/2-simnibs-simu-left/0003/simulations/simulation_AFFT-left_8dbde024/0003_TDCS_1_el_currents.geo  ->  001-0004-MA_TDCS_1_el_currents.geo
  /network/iss/levy/valerocabre/stimSD/Data/derivatives/mri/2-simnibs-simu-left/0003/simulations/simulation_AFFT-left_8dbde024/0003_TDCS_1_scalar.msh.opt  ->  001-0004-MA_TDCS_1_scalar.msh.opt
  /network/iss/levy/valerocabre/stimSD/Data/derivatives/mri/2-simnibs-simu-left/0003/simulations/simulation_FTAF-left_a0a7d87a/0003_TDCS_1_scalar.msh  ->  001-0004-MA_TDCS_1_scalar.msh
  /network/iss/levy/valerocabre/stimSD/Data/derivatives/mri/2-simnibs-simu-left/0003/simulations/simulation_FTAF-left_a0a7d87a/0003_TDCS_1_el_currents.geo  ->  001-0004-MA_TDCS_1_el_currents.geo
  /network/iss/levy/valerocabre/stimSD/Data/derivatives/mri/2-simnibs-simu-left/0003/simulations/simulation_FTAF-left_a0a7d87a/0003_TDCS_1_scalar.msh.opt  ->  001-0004-MA_TDCS_1_scalar.msh.opt
  /network/iss/levy/valerocabre/stimSD/Data/derivatives/mri/2-simnibs-simu-left/0001/simulations/simulation_AFFT-left_8dbde024/0001_TDCS_1_scalar.msh  ->  001-0001-CM_TDCS_1_scalar.msh
  /network/iss/levy/valerocabre/stimSD/Data/derivatives/mri/2-simnibs-simu-left/0001/simulations/simulation_AFFT-left_8dbde024/0001_TDCS_1_el_currents.geo  ->  001-0001-CM_TDCS_1_el_currents.geo
  /network/iss/levy/valerocabre/stimSD/Data/derivatives/mri/2-simnibs-simu-left/0001/simulations/simulation_AFFT-left_8dbde024/0001_TDCS_1_scalar.msh.opt  ->  001-0001-CM_TDCS_1_scalar.msh.opt
  /network/iss/levy/valerocabre/stimSD/Data/derivatives/mri/2-simnibs-simu-left/0001/simulations/simulation_FTAF-left_a0a7d87a/0001_TDCS_1_scalar.msh  ->  001-0001-CM_TDCS_1_scalar.msh
  /network/iss/levy/valerocabre/stimSD/Data/derivatives/mri/2-simnibs-simu-left/0001/simulations/simulation_FTAF-left_a0a7d87a/0001_TDCS_1_el_currents.geo  ->  001-0001-CM_TDCS_1_el_currents.geo
  /network/iss/levy/valerocabre/stimSD/Data/derivatives/mri/2-simnibs-simu-left/0001/simulations/simulation_FTAF-left_a0a7d87a/0001_TDCS_1_scalar.msh.opt  ->  001-0001-CM_TDCS_1_scalar.msh.opt
  /network/iss/levy/valerocabre/stimSD/Data/derivatives/mri/2-simnibs-simu-left/0004/simulations/simulation_AFFT-left_8dbde024/0004_TDCS_1_scalar.msh  ->  001-0005-LS_TDCS_1_scalar.msh
  /network/iss/levy/valerocabre/stimSD/Data/derivatives/mri/2-simnibs-simu-left/0004/simulations/simulation_AFFT-left_8dbde024/0004_TDCS_1_el_currents.geo  ->  001-0005-LS_TDCS_1_el_currents.geo
  /network/iss/levy/valerocabre/stimSD/Data/derivatives/mri/2-simnibs-simu-left/0004/simulations/simulation_AFFT-left_8dbde024/0004_TDCS_1_scalar.msh.opt  ->  001-0005-LS_TDCS_1_scalar.msh.opt
  /network/iss/levy/valerocabre/stimSD/Data/derivatives/mri/2-simnibs-simu-left/0004/simulations/simulation_FTAF-left_a0a7d87a/0004_TDCS_1_scalar.msh  ->  001-0005-LS_TDCS_1_scalar.msh
  /network/iss/levy/valerocabre/stimSD/Data/derivatives/mri/2-simnibs-simu-left/0004/simulations/simulation_FTAF-left_a0a7d87a/0004_TDCS_1_el_currents.geo  ->  001-0005-LS_TDCS_1_el_currents.geo
  /network/iss/levy/valerocabre/stimSD/Data/derivatives/mri/2-simnibs-simu-left/0004/simulations/simulation_FTAF-left_a0a7d87a/0004_TDCS_1_scalar.msh.opt  ->  001-0005-LS_TDCS_1_scalar.msh.opt
  /network/iss/levy/valerocabre/stimSD/Data/derivatives/mri/2-simnibs-simu-left/0005/simulations/simulation_AFFT-left_8dbde024/0005_TDCS_1_scalar.msh  ->  001-0006-CV_TDCS_1_scalar.msh
  /network/iss/levy/valerocabre/stimSD/Data/derivatives/mri/2-simnibs-simu-left/0005/simulations/simulation_AFFT-left_8dbde024/0005_TDCS_1_el_currents.geo  ->  001-0006-CV_TDCS_1_el_currents.geo
  /network/iss/levy/valerocabre/stimSD/Data/derivatives/mri/2-simnibs-simu-left/0005/simulations/simulation_AFFT-left_8dbde024/0005_TDCS_1_scalar.msh.opt  ->  001-0006-CV_TDCS_1_scalar.msh.opt
  /network/iss/levy/valerocabre/stimSD/Data/derivatives/mri/2-simnibs-simu-left/0005/simulations/simulation_FTAF-left_a0a7d87a/0005_TDCS_1_scalar.msh  ->  001-0006-CV_TDCS_1_scalar.msh
  /network/iss/levy/valerocabre/stimSD/Data/derivatives/mri/2-simnibs-simu-left/0005/simulations/simulation_FTAF-left_a0a7d87a/0005_TDCS_1_el_currents.geo  ->  001-0006-CV_TDCS_1_el_currents.geo
  /network/iss/levy/valerocabre/stimSD/Data/derivatives/mri/2-simnibs-simu-left/0005/simulations/simulation_FTAF-left_a0a7d87a/0005_TDCS_1_scalar.msh.opt  ->  001-0006-CV_TDCS_1_scalar.msh.opt
  /network/iss/levy/valerocabre/stimSD/Data/derivatives/mri/2-simnibs-simu-left/0007/simulations/simulation_AFFT-left_8dbde024/0007_TDCS_1_scalar.msh  ->  001-0007-ME_TDCS_1_scalar.msh
  /network/iss/levy/valerocabre/stimSD/Data/derivatives/mri/2-simnibs-simu-left/0007/simulations/simulation_AFFT-left_8dbde024/0007_TDCS_1_el_currents.geo  ->  001-0007-ME_TDCS_1_el_currents.geo
  /network/iss/levy/valerocabre/stimSD/Data/derivatives/mri/2-simnibs-simu-left/0007/simulations/simulation_AFFT-left_8dbde024/0007_TDCS_1_scalar.msh.opt  ->  001-0007-ME_TDCS_1_scalar.msh.opt
  /network/iss/levy/valerocabre/stimSD/Data/derivatives/mri/2-simnibs-simu-left/0007/simulations/simulation_FTAF-left_a0a7d87a/0007_TDCS_1_scalar.msh  ->  001-0007-ME_TDCS_1_scalar.msh
  /network/iss/levy/valerocabre/stimSD/Data/derivatives/mri/2-simnibs-simu-left/0007/simulations/simulation_FTAF-left_a0a7d87a/0007_TDCS_1_el_currents.geo  ->  001-0007-ME_TDCS_1_el_currents.geo
  /network/iss/levy/valerocabre/stimSD/Data/derivatives/mri/2-simnibs-simu-left/0007/simulations/simulation_FTAF-left_a0a7d87a/0007_TDCS_1_scalar.msh.opt  ->  001-0007-ME_TDCS_1_scalar.msh.opt
  /network/iss/levy/valerocabre/stimSD/Data/derivatives/mri/2-simnibs-simu-left/0009/simulations/simulation_AFFT-left_8dbde024/0009_TDCS_1_scalar.msh  ->  001-0010-LM_TDCS_1_scalar.msh
  /network/iss/levy/valerocabre/stimSD/Data/derivatives/mri/2-simnibs-simu-left/0009/simulations/simulation_AFFT-left_8dbde024/0009_TDCS_1_el_currents.geo  ->  001-0010-LM_TDCS_1_el_currents.geo
  /network/iss/levy/valerocabre/stimSD/Data/derivatives/mri/2-simnibs-simu-left/0009/simulations/simulation_AFFT-left_8dbde024/0009_TDCS_1_scalar.msh.opt  ->  001-0010-LM_TDCS_1_scalar.msh.opt
  /network/iss/levy/valerocabre/stimSD/Data/derivatives/mri/2-simnibs-simu-left/0009/simulations/simulation_FTAF-left_a0a7d87a/0009_TDCS_1_scalar.msh  ->  001-0010-LM_TDCS_1_scalar.msh
  /network/iss/levy/valerocabre/stimSD/Data/derivatives/mri/2-simnibs-simu-left/0009/simulations/simulation_FTAF-left_a0a7d87a/0009_TDCS_1_el_currents.geo  ->  001-0010-LM_TDCS_1_el_currents.geo
  /network/iss/levy/valerocabre/stimSD/Data/derivatives/mri/2-simnibs-simu-left/0009/simulations/simulation_FTAF-left_a0a7d87a/0009_TDCS_1_scalar.msh.opt  ->  001-0010-LM_TDCS_1_scalar.msh.opt
  /network/iss/levy/valerocabre/stimSD/Data/derivatives/mri/2-simnibs-simu-left/0008/simulations/simulation_AFFT-left_8dbde024/0008_TDCS_1_scalar.msh  ->  001-0008-LD_TDCS_1_scalar.msh
  /network/iss/levy/valerocabre/stimSD/Data/derivatives/mri/2-simnibs-simu-left/0008/simulations/simulation_AFFT-left_8dbde024/0008_TDCS_1_el_currents.geo  ->  001-0008-LD_TDCS_1_el_currents.geo
  /network/iss/levy/valerocabre/stimSD/Data/derivatives/mri/2-simnibs-simu-left/0008/simulations/simulation_AFFT-left_8dbde024/0008_TDCS_1_scalar.msh.opt  ->  001-0008-LD_TDCS_1_scalar.msh.opt
  /network/iss/levy/valerocabre/stimSD/Data/derivatives/mri/2-simnibs-simu-left/0008/simulations/simulation_FTAF-left_a0a7d87a/0008_TDCS_1_scalar.msh  ->  001-0008-LD_TDCS_1_scalar.msh
  /network/iss/levy/valerocabre/stimSD/Data/derivatives/mri/2-simnibs-simu-left/0008/simulations/simulation_FTAF-left_a0a7d87a/0008_TDCS_1_el_currents.geo  ->  001-0008-LD_TDCS_1_el_currents.geo
  /network/iss/levy/valerocabre/stimSD/Data/derivatives/mri/2-simnibs-simu-left/0008/simulations/simulation_FTAF-left_a0a7d87a/0008_TDCS_1_scalar.msh.opt  ->  001-0008-LD_TDCS_1_scalar.msh.opt
  /network/iss/levy/valerocabre/stimSD/Data/derivatives/mri/2-simnibs-simu-left/0017/simulations/simulation_AFFT-left_8dbde024/0017_TDCS_1_scalar.msh  ->  001-0018-JC_TDCS_1_scalar.msh
  /network/iss/levy/valerocabre/stimSD/Data/derivatives/mri/2-simnibs-simu-left/0017/simulations/simulation_AFFT-left_8dbde024/0017_TDCS_1_el_currents.geo  ->  001-0018-JC_TDCS_1_el_currents.geo
  /network/iss/levy/valerocabre/stimSD/Data/derivatives/mri/2-simnibs-simu-left/0017/simulations/simulation_AFFT-left_8dbde024/0017_TDCS_1_scalar.msh.opt  ->  001-0018-JC_TDCS_1_scalar.msh.opt
  /network/iss/levy/valerocabre/stimSD/Data/derivatives/mri/2-simnibs-simu-left/0017/simulations/simulation_FTAF-left_a0a7d87a/0017_TDCS_1_scalar.msh  ->  001-0018-JC_TDCS_1_scalar.msh
  /network/iss/levy/valerocabre/stimSD/Data/derivatives/mri/2-simnibs-simu-left/0017/simulations/simulation_FTAF-left_a0a7d87a/0017_TDCS_1_el_currents.geo  ->  001-0018-JC_TDCS_1_el_currents.geo
  /network/iss/levy/valerocabre/stimSD/Data/derivatives/mri/2-simnibs-simu-left/0017/simulations/simulation_FTAF-left_a0a7d87a/0017_TDCS_1_scalar.msh.opt  ->  001-0018-JC_TDCS_1_scalar.msh.opt
  /network/iss/levy/valerocabre/stimSD/Data/derivatives/mri/2-simnibs-simu-left/0015/simulations/simulation_AFFT-left_8dbde024/0015_TDCS_1_scalar.msh  ->  001-0021-RP_TDCS_1_scalar.msh
  /network/iss/levy/valerocabre/stimSD/Data/derivatives/mri/2-simnibs-simu-left/0015/simulations/simulation_AFFT-left_8dbde024/0015_TDCS_1_el_currents.geo  ->  001-0021-RP_TDCS_1_el_currents.geo
  /network/iss/levy/valerocabre/stimSD/Data/derivatives/mri/2-simnibs-simu-left/0015/simulations/simulation_AFFT-left_8dbde024/0015_TDCS_1_scalar.msh.opt  ->  001-0021-RP_TDCS_1_scalar.msh.opt
  /network/iss/levy/valerocabre/stimSD/Data/derivatives/mri/2-simnibs-simu-left/0015/simulations/simulation_FTAF-left_a0a7d87a/0015_TDCS_1_scalar.msh  ->  001-0021-RP_TDCS_1_scalar.msh
  /network/iss/levy/valerocabre/stimSD/Data/derivatives/mri/2-simnibs-simu-left/0015/simulations/simulation_FTAF-left_a0a7d87a/0015_TDCS_1_el_currents.geo  ->  001-0021-RP_TDCS_1_el_currents.geo
  /network/iss/levy/valerocabre/stimSD/Data/derivatives/mri/2-simnibs-simu-left/0015/simulations/simulation_FTAF-left_a0a7d87a/0015_TDCS_1_scalar.msh.opt  ->  001-0021-RP_TDCS_1_scalar.msh.opt
  /network/iss/levy/valerocabre/stimSD/Data/derivatives/mri/2-simnibs-simu-left/0021/simulations/simulation_AFFT-left_8dbde024/0021_TDCS_1_scalar.msh  ->  001-0020-RN_TDCS_1_scalar.msh
  /network/iss/levy/valerocabre/stimSD/Data/derivatives/mri/2-simnibs-simu-left/0021/simulations/simulation_AFFT-left_8dbde024/0021_TDCS_1_el_currents.geo  ->  001-0020-RN_TDCS_1_el_currents.geo
  /network/iss/levy/valerocabre/stimSD/Data/derivatives/mri/2-simnibs-simu-left/0021/simulations/simulation_AFFT-left_8dbde024/0021_TDCS_1_scalar.msh.opt  ->  001-0020-RN_TDCS_1_scalar.msh.opt
  /network/iss/levy/valerocabre/stimSD/Data/derivatives/mri/2-simnibs-simu-left/0021/simulations/simulation_FTAF-left_a0a7d87a/0021_TDCS_1_scalar.msh  ->  001-0020-RN_TDCS_1_scalar.msh
  /network/iss/levy/valerocabre/stimSD/Data/derivatives/mri/2-simnibs-simu-left/0021/simulations/simulation_FTAF-left_a0a7d87a/0021_TDCS_1_el_currents.geo  ->  001-0020-RN_TDCS_1_el_currents.geo
  /network/iss/levy/valerocabre/stimSD/Data/derivatives/mri/2-simnibs-simu-left/0021/simulations/simulation_FTAF-left_a0a7d87a/0021_TDCS_1_scalar.msh.opt  ->  001-0020-RN_TDCS_1_scalar.msh.opt
  /network/iss/levy/valerocabre/stimSD/Data/derivatives/mri/2-simnibs-simu-left/0023/simulations/simulation_AFFT-left_8dbde024/0023_TDCS_1_scalar.msh  ->  001-0022-LM_TDCS_1_scalar.msh
  /network/iss/levy/valerocabre/stimSD/Data/derivatives/mri/2-simnibs-simu-left/0023/simulations/simulation_AFFT-left_8dbde024/0023_TDCS_1_el_currents.geo  ->  001-0022-LM_TDCS_1_el_currents.geo
  /network/iss/levy/valerocabre/stimSD/Data/derivatives/mri/2-simnibs-simu-left/0023/simulations/simulation_AFFT-left_8dbde024/0023_TDCS_1_scalar.msh.opt  ->  001-0022-LM_TDCS_1_scalar.msh.opt
  /network/iss/levy/valerocabre/stimSD/Data/derivatives/mri/2-simnibs-simu-left/0023/simulations/simulation_FTAF-left_a0a7d87a/0023_TDCS_1_scalar.msh  ->  001-0022-LM_TDCS_1_scalar.msh
  /network/iss/levy/valerocabre/stimSD/Data/derivatives/mri/2-simnibs-simu-left/0023/simulations/simulation_FTAF-left_a0a7d87a/0023_TDCS_1_el_currents.geo  ->  001-0022-LM_TDCS_1_el_currents.geo
  /network/iss/levy/valerocabre/stimSD/Data/derivatives/mri/2-simnibs-simu-left/0023/simulations/simulation_FTAF-left_a0a7d87a/0023_TDCS_1_scalar.msh.opt  ->  001-0022-LM_TDCS_1_scalar.msh.opt
  /network/iss/levy/valerocabre/stimSD/Data/derivatives/mri/2-simnibs-simu-left/0031/simulations/simulation_AFFT-left_8dbde024/0031_TDCS_1_scalar.msh  ->  001-0030-GE_TDCS_1_scalar.msh
  /network/iss/levy/valerocabre/stimSD/Data/derivatives/mri/2-simnibs-simu-left/0031/simulations/simulation_AFFT-left_8dbde024/0031_TDCS_1_el_currents.geo  ->  001-0030-GE_TDCS_1_el_currents.geo
  /network/iss/levy/valerocabre/stimSD/Data/derivatives/mri/2-simnibs-simu-left/0031/simulations/simulation_AFFT-left_8dbde024/0031_TDCS_1_scalar.msh.opt  ->  001-0030-GE_TDCS_1_scalar.msh.opt
  /network/iss/levy/valerocabre/stimSD/Data/derivatives/mri/2-simnibs-simu-left/0031/simulations/simulation_FTAF-left_a0a7d87a/0031_TDCS_1_scalar.msh  ->  001-0030-GE_TDCS_1_scalar.msh
  /network/iss/levy/valerocabre/stimSD/Data/derivatives/mri/2-simnibs-simu-left/0031/simulations/simulation_FTAF-left_a0a7d87a/0031_TDCS_1_el_currents.geo  ->  001-0030-GE_TDCS_1_el_currents.geo
  /network/iss/levy/valerocabre/stimSD/Data/derivatives/mri/2-simnibs-simu-left/0031/simulations/simulation_FTAF-left_a0a7d87a/0031_TDCS_1_scalar.msh.opt  ->  001-0030-GE_TDCS_1_scalar.msh.opt
  /network/iss/levy/valerocabre/stimSD/Data/derivatives/mri/2-simnibs-simu-left/0035/simulations/simulation_AFFT-left_8dbde024/0035_TDCS_1_scalar.msh  ->  001-0033-PM_TDCS_1_scalar.msh
  /network/iss/levy/valerocabre/stimSD/Data/derivatives/mri/2-simnibs-simu-left/0035/simulations/simulation_AFFT-left_8dbde024/0035_TDCS_1_el_currents.geo  ->  001-0033-PM_TDCS_1_el_currents.geo
  /network/iss/levy/valerocabre/stimSD/Data/derivatives/mri/2-simnibs-simu-left/0035/simulations/simulation_AFFT-left_8dbde024/0035_TDCS_1_scalar.msh.opt  ->  001-0033-PM_TDCS_1_scalar.msh.opt
  /network/iss/levy/valerocabre/stimSD/Data/derivatives/mri/2-simnibs-simu-left/0035/simulations/simulation_FTAF-left_a0a7d87a/0035_TDCS_1_scalar.msh  ->  001-0033-PM_TDCS_1_scalar.msh
  /network/iss/levy/valerocabre/stimSD/Data/derivatives/mri/2-simnibs-simu-left/0035/simulations/simulation_FTAF-left_a0a7d87a/0035_TDCS_1_el_currents.geo  ->  001-0033-PM_TDCS_1_el_currents.geo
  /network/iss/levy/valerocabre/stimSD/Data/derivatives/mri/2-simnibs-simu-left/0035/simulations/simulation_FTAF-left_a0a7d87a/0035_TDCS_1_scalar.msh.opt  ->  001-0033-PM_TDCS_1_scalar.msh.opt
  /network/iss/levy/valerocabre/stimSD/Data/derivatives/mri/2-simnibs-simu-left/0036/simulations/simulation_AFFT-left_8dbde024/0036_TDCS_1_scalar.msh  ->  001-0035-LC_TDCS_1_scalar.msh
  /network/iss/levy/valerocabre/stimSD/Data/derivatives/mri/2-simnibs-simu-left/0036/simulations/simulation_AFFT-left_8dbde024/0036_TDCS_1_el_currents.geo  ->  001-0035-LC_TDCS_1_el_currents.geo
  /network/iss/levy/valerocabre/stimSD/Data/derivatives/mri/2-simnibs-simu-left/0036/simulations/simulation_AFFT-left_8dbde024/0036_TDCS_1_scalar.msh.opt  ->  001-0035-LC_TDCS_1_scalar.msh.opt
  /network/iss/levy/valerocabre/stimSD/Data/derivatives/mri/2-simnibs-simu-left/0036/simulations/simulation_FTAF-left_a0a7d87a/0036_TDCS_1_scalar.msh  ->  001-0035-LC_TDCS_1_scalar.msh
  /network/iss/levy/valerocabre/stimSD/Data/derivatives/mri/2-simnibs-simu-left/0036/simulations/simulation_FTAF-left_a0a7d87a/0036_TDCS_1_el_currents.geo  ->  001-0035-LC_TDCS_1_el_currents.geo
  /network/iss/levy/valerocabre/stimSD/Data/derivatives/mri/2-simnibs-simu-left/0036/simulations/simulation_FTAF-left_a0a7d87a/0036_TDCS_1_scalar.msh.opt  ->  001-0035-LC_TDCS_1_scalar.msh.opt
  /network/iss/levy/valerocabre/stimSD/Data/derivatives/mri/2-simnibs-simu-left/0034/simulations/simulation_AFFT-left_8dbde024/0034_TDCS_1_scalar.msh  ->  001-0032-HB_TDCS_1_scalar.msh
  /network/iss/levy/valerocabre/stimSD/Data/derivatives/mri/2-simnibs-simu-left/0034/simulations/simulation_AFFT-left_8dbde024/0034_TDCS_1_el_currents.geo  ->  001-0032-HB_TDCS_1_el_currents.geo
  /network/iss/levy/valerocabre/stimSD/Data/derivatives/mri/2-simnibs-simu-left/0034/simulations/simulation_AFFT-left_8dbde024/0034_TDCS_1_scalar.msh.opt  ->  001-0032-HB_TDCS_1_scalar.msh.opt
  /network/iss/levy/valerocabre/stimSD/Data/derivatives/mri/2-simnibs-simu-left/0034/simulations/simulation_FTAF-left_a0a7d87a/0034_TDCS_1_scalar.msh  ->  001-0032-HB_TDCS_1_scalar.msh
  /network/iss/levy/valerocabre/stimSD/Data/derivatives/mri/2-simnibs-simu-left/0034/simulations/simulation_FTAF-left_a0a7d87a/0034_TDCS_1_el_currents.geo  ->  001-0032-HB_TDCS_1_el_currents.geo
  /network/iss/levy/valerocabre/stimSD/Data/derivatives/mri/2-simnibs-simu-left/0034/simulations/simulation_FTAF-left_a0a7d87a/0034_TDCS_1_scalar.msh.opt  ->  001-0032-HB_TDCS_1_scalar.msh.opt
  /network/iss/levy/valerocabre/stimSD/Data/derivatives/mri/2-simnibs-simu-left/0037/simulations/simulation_AFFT-left_8dbde024/0037_TDCS_1_scalar.msh  ->  001-0037-TJ_TDCS_1_scalar.msh
  /network/iss/levy/valerocabre/stimSD/Data/derivatives/mri/2-simnibs-simu-left/0037/simulations/simulation_AFFT-left_8dbde024/0037_TDCS_1_el_currents.geo  ->  001-0037-TJ_TDCS_1_el_currents.geo
  /network/iss/levy/valerocabre/stimSD/Data/derivatives/mri/2-simnibs-simu-left/0037/simulations/simulation_AFFT-left_8dbde024/0037_TDCS_1_scalar.msh.opt  ->  001-0037-TJ_TDCS_1_scalar.msh.opt
  /network/iss/levy/valerocabre/stimSD/Data/derivatives/mri/2-simnibs-simu-left/0037/simulations/simulation_FTAF-left_a0a7d87a/0037_TDCS_1_scalar.msh  ->  001-0037-TJ_TDCS_1_scalar.msh
  /network/iss/levy/valerocabre/stimSD/Data/derivatives/mri/2-simnibs-simu-left/0037/simulations/simulation_FTAF-left_a0a7d87a/0037_TDCS_1_el_currents.geo  ->  001-0037-TJ_TDCS_1_el_currents.geo
  /network/iss/levy/valerocabre/stimSD/Data/derivatives/mri/2-simnibs-simu-left/0037/simulations/simulation_FTAF-left_a0a7d87a/0037_TDCS_1_scalar.msh.opt  ->  001-0037-TJ_TDCS_1_scalar.msh.opt
  /network/iss/levy/valerocabre/stimSD/Data/derivatives/mri/2-simnibs-simu-left/0046/simulations/simulation_AFFT-left_8dbde024/0046_TDCS_1_scalar.msh  ->  001-0046-OP_TDCS_1_scalar.msh
  /network/iss/levy/valerocabre/stimSD/Data/derivatives/mri/2-simnibs-simu-left/0046/simulations/simulation_AFFT-left_8dbde024/0046_TDCS_1_el_currents.geo  ->  001-0046-OP_TDCS_1_el_currents.geo
  /network/iss/levy/valerocabre/stimSD/Data/derivatives/mri/2-simnibs-simu-left/0046/simulations/simulation_AFFT-left_8dbde024/0046_TDCS_1_scalar.msh.opt  ->  001-0046-OP_TDCS_1_scalar.msh.opt
  /network/iss/levy/valerocabre/stimSD/Data/derivatives/mri/2-simnibs-simu-left/0046/simulations/simulation_FTAF-left_a0a7d87a/0046_TDCS_1_scalar.msh  ->  001-0046-OP_TDCS_1_scalar.msh
  /network/iss/levy/valerocabre/stimSD/Data/derivatives/mri/2-simnibs-simu-left/0046/simulations/simulation_FTAF-left_a0a7d87a/0046_TDCS_1_el_currents.geo  ->  001-0046-OP_TDCS_1_el_currents.geo
  /network/iss/levy/valerocabre/stimSD/Data/derivatives/mri/2-simnibs-simu-left/0046/simulations/simulation_FTAF-left_a0a7d87a/0046_TDCS_1_scalar.msh.opt  ->  001-0046-OP_TDCS_1_scalar.msh.opt
  /network/iss/levy/valerocabre/stimSD/Data/derivatives/mri/2-simnibs-simu-left/0043/simulations/simulation_AFFT-left_8dbde024/0043_TDCS_1_scalar.msh  ->  001-0041-PE_TDCS_1_scalar.msh
  /network/iss/levy/valerocabre/stimSD/Data/derivatives/mri/2-simnibs-simu-left/0043/simulations/simulation_AFFT-left_8dbde024/0043_TDCS_1_el_currents.geo  ->  001-0041-PE_TDCS_1_el_currents.geo
  /network/iss/levy/valerocabre/stimSD/Data/derivatives/mri/2-simnibs-simu-left/0043/simulations/simulation_AFFT-left_8dbde024/0043_TDCS_1_scalar.msh.opt  ->  001-0041-PE_TDCS_1_scalar.msh.opt
  /network/iss/levy/valerocabre/stimSD/Data/derivatives/mri/2-simnibs-simu-left/0043/simulations/simulation_FTAF-left_a0a7d87a/0043_TDCS_1_scalar.msh  ->  001-0041-PE_TDCS_1_scalar.msh
  /network/iss/levy/valerocabre/stimSD/Data/derivatives/mri/2-simnibs-simu-left/0043/simulations/simulation_FTAF-left_a0a7d87a/0043_TDCS_1_el_currents.geo  ->  001-0041-PE_TDCS_1_el_currents.geo
  /network/iss/levy/valerocabre/stimSD/Data/derivatives/mri/2-simnibs-simu-left/0043/simulations/simulation_FTAF-left_a0a7d87a/0043_TDCS_1_scalar.msh.opt  ->  001-0041-PE_TDCS_1_scalar.msh.opt
  /network/iss/levy/valerocabre/stimSD/Data/derivatives/mri/2-simnibs-simu-left/0048/simulations/simulation_AFFT-left_8dbde024/0048_TDCS_1_scalar.msh  ->  001-0047-HJ_TDCS_1_scalar.msh
  /network/iss/levy/valerocabre/stimSD/Data/derivatives/mri/2-simnibs-simu-left/0048/simulations/simulation_AFFT-left_8dbde024/0048_TDCS_1_el_currents.geo  ->  001-0047-HJ_TDCS_1_el_currents.geo
  /network/iss/levy/valerocabre/stimSD/Data/derivatives/mri/2-simnibs-simu-left/0048/simulations/simulation_AFFT-left_8dbde024/0048_TDCS_1_scalar.msh.opt  ->  001-0047-HJ_TDCS_1_scalar.msh.opt
  /network/iss/levy/valerocabre/stimSD/Data/derivatives/mri/2-simnibs-simu-left/0048/simulations/simulation_FTAF-left_a0a7d87a/0048_TDCS_1_scalar.msh  ->  001-0047-HJ_TDCS_1_scalar.msh
  /network/iss/levy/valerocabre/stimSD/Data/derivatives/mri/2-simnibs-simu-left/0048/simulations/simulation_FTAF-left_a0a7d87a/0048_TDCS_1_el_currents.geo  ->  001-0047-HJ_TDCS_1_el_currents.geo
  /network/iss/levy/valerocabre/stimSD/Data/derivatives/mri/2-simnibs-simu-left/0048/simulations/simulation_FTAF-left_a0a7d87a/0048_TDCS_1_scalar.msh.opt  ->  001-0047-HJ_TDCS_1_scalar.msh.opt
  /network/iss/levy/valerocabre/stimSD/Data/derivatives/mri/2-simnibs-simu-left/0050/simulations/simulation_AFFT-left_8dbde024/0050_TDCS_1_scalar.msh  ->  001-0049-GM_TDCS_1_scalar.msh
  /network/iss/levy/valerocabre/stimSD/Data/derivatives/mri/2-simnibs-simu-left/0050/simulations/simulation_AFFT-left_8dbde024/0050_TDCS_1_el_currents.geo  ->  001-0049-GM_TDCS_1_el_currents.geo
  /network/iss/levy/valerocabre/stimSD/Data/derivatives/mri/2-simnibs-simu-left/0050/simulations/simulation_AFFT-left_8dbde024/0050_TDCS_1_scalar.msh.opt  ->  001-0049-GM_TDCS_1_scalar.msh.opt
  /network/iss/levy/valerocabre/stimSD/Data/derivatives/mri/2-simnibs-simu-left/0050/simulations/simulation_FTAF-left_a0a7d87a/0050_TDCS_1_scalar.msh  ->  001-0049-GM_TDCS_1_scalar.msh
  /network/iss/levy/valerocabre/stimSD/Data/derivatives/mri/2-simnibs-simu-left/0050/simulations/simulation_FTAF-left_a0a7d87a/0050_TDCS_1_el_currents.geo  ->  001-0049-GM_TDCS_1_el_currents.geo
  /network/iss/levy/valerocabre/stimSD/Data/derivatives/mri/2-simnibs-simu-left/0050/simulations/simulation_FTAF-left_a0a7d87a/0050_TDCS_1_scalar.msh.opt  ->  001-0049-GM_TDCS_1_scalar.msh.opt
  /network/iss/levy/valerocabre/stimSD/Data/derivatives/mri/2-simnibs-simu-left/0052/simulations/simulation_AFFT-left_8dbde024/0052_TDCS_1_scalar.msh  ->  001-0048-LA_TDCS_1_scalar.msh
  /network/iss/levy/valerocabre/stimSD/Data/derivatives/mri/2-simnibs-simu-left/0052/simulations/simulation_AFFT-left_8dbde024/0052_TDCS_1_el_currents.geo  ->  001-0048-LA_TDCS_1_el_currents.geo
  /network/iss/levy/valerocabre/stimSD/Data/derivatives/mri/2-simnibs-simu-left/0052/simulations/simulation_AFFT-left_8dbde024/0052_TDCS_1_scalar.msh.opt  ->  001-0048-LA_TDCS_1_scalar.msh.opt
  /network/iss/levy/valerocabre/stimSD/Data/derivatives/mri/2-simnibs-simu-left/0052/simulations/simulation_FTAF-left_a0a7d87a/0052_TDCS_1_scalar.msh  ->  001-0048-LA_TDCS_1_scalar.msh
  /network/iss/levy/valerocabre/stimSD/Data/derivatives/mri/2-simnibs-simu-left/0052/simulations/simulation_FTAF-left_a0a7d87a/0052_TDCS_1_el_currents.geo  ->  001-0048-LA_TDCS_1_el_currents.geo
  /network/iss/levy/valerocabre/stimSD/Data/derivatives/mri/2-simnibs-simu-left/0052/simulations/simulation_FTAF-left_a0a7d87a/0052_TDCS_1_scalar.msh.opt  ->  001-0048-LA_TDCS_1_scalar.msh.opt
  /network/iss/levy/valerocabre/stimSD/Data/derivatives/mri/2-simnibs-simu-left/0053/simulations/simulation_AFFT-left_8dbde024/0053_TDCS_1_scalar.msh  ->  001-0050-AB_TDCS_1_scalar.msh
  /network/iss/levy/valerocabre/stimSD/Data/derivatives/mri/2-simnibs-simu-left/0053/simulations/simulation_AFFT-left_8dbde024/0053_TDCS_1_el_currents.geo  ->  001-0050-AB_TDCS_1_el_currents.geo
  /network/iss/levy/valerocabre/stimSD/Data/derivatives/mri/2-simnibs-simu-left/0053/simulations/simulation_AFFT-left_8dbde024/0053_TDCS_1_scalar.msh.opt  ->  001-0050-AB_TDCS_1_scalar.msh.opt
  /network/iss/levy/valerocabre/stimSD/Data/derivatives/mri/2-simnibs-simu-left/0053/simulations/simulation_FTAF-left_a0a7d87a/0053_TDCS_1_scalar.msh  ->  001-0050-AB_TDCS_1_scalar.msh
  /network/iss/levy/valerocabre/stimSD/Data/derivatives/mri/2-simnibs-simu-left/0053/simulations/simulation_FTAF-left_a0a7d87a/0053_TDCS_1_el_currents.geo  ->  001-0050-AB_TDCS_1_el_currents.geo
  /network/iss/levy/valerocabre/stimSD/Data/derivatives/mri/2-simnibs-simu-left/0053/simulations/simulation_FTAF-left_a0a7d87a/0053_TDCS_1_scalar.msh.opt  ->  001-0050-AB_TDCS_1_scalar.msh.opt
  /network/iss/levy/valerocabre/stimSD/Data/derivatives/mri/2-simnibs-simu-left/0054/simulations/simulation_AFFT-left_8dbde024/0054_TDCS_1_scalar.msh  ->  001-0054-DC_TDCS_1_scalar.msh
  /network/iss/levy/valerocabre/stimSD/Data/derivatives/mri/2-simnibs-simu-left/0054/simulations/simulation_AFFT-left_8dbde024/0054_TDCS_1_el_currents.geo  ->  001-0054-DC_TDCS_1_el_currents.geo
  /network/iss/levy/valerocabre/stimSD/Data/derivatives/mri/2-simnibs-simu-left/0054/simulations/simulation_AFFT-left_8dbde024/0054_TDCS_1_scalar.msh.opt  ->  001-0054-DC_TDCS_1_scalar.msh.opt
  /network/iss/levy/valerocabre/stimSD/Data/derivatives/mri/2-simnibs-simu-left/0054/simulations/simulation_FTAF-left_a0a7d87a/0054_TDCS_1_scalar.msh  ->  001-0054-DC_TDCS_1_scalar.msh
  /network/iss/levy/valerocabre/stimSD/Data/derivatives/mri/2-simnibs-simu-left/0054/simulations/simulation_FTAF-left_a0a7d87a/0054_TDCS_1_el_currents.geo  ->  001-0054-DC_TDCS_1_el_currents.geo
  /network/iss/levy/valerocabre/stimSD/Data/derivatives/mri/2-simnibs-simu-left/0054/simulations/simulation_FTAF-left_a0a7d87a/0054_TDCS_1_scalar.msh.opt  ->  001-0054-DC_TDCS_1_scalar.msh.opt
  /network/iss/levy/valerocabre/stimSD/Data/derivatives/mri/2-simnibs-simu-left/0056/simulations/simulation_AFFT-left_8dbde024/0056_TDCS_1_scalar.msh  ->  001-0056-GC_TDCS_1_scalar.msh
  /network/iss/levy/valerocabre/stimSD/Data/derivatives/mri/2-simnibs-simu-left/0056/simulations/simulation_AFFT-left_8dbde024/0056_TDCS_1_el_currents.geo  ->  001-0056-GC_TDCS_1_el_currents.geo
  /network/iss/levy/valerocabre/stimSD/Data/derivatives/mri/2-simnibs-simu-left/0056/simulations/simulation_AFFT-left_8dbde024/0056_TDCS_1_scalar.msh.opt  ->  001-0056-GC_TDCS_1_scalar.msh.opt
  /network/iss/levy/valerocabre/stimSD/Data/derivatives/mri/2-simnibs-simu-left/0056/simulations/simulation_FTAF-left_a0a7d87a/0056_TDCS_1_scalar.msh  ->  001-0056-GC_TDCS_1_scalar.msh
  /network/iss/levy/valerocabre/stimSD/Data/derivatives/mri/2-simnibs-simu-left/0056/simulations/simulation_FTAF-left_a0a7d87a/0056_TDCS_1_el_currents.geo  ->  001-0056-GC_TDCS_1_el_currents.geo
  /network/iss/levy/valerocabre/stimSD/Data/derivatives/mri/2-simnibs-simu-left/0056/simulations/simulation_FTAF-left_a0a7d87a/0056_TDCS_1_scalar.msh.opt  ->  001-0056-GC_TDCS_1_scalar.msh.opt
  /network/iss/levy/valerocabre/stimSD/Data/derivatives/mri/2-simnibs-simu-left/0055/simulations/simulation_AFFT-left_8dbde024/0055_TDCS_1_scalar.msh  ->  001-0055-BM_TDCS_1_scalar.msh
  /network/iss/levy/valerocabre/stimSD/Data/derivatives/mri/2-simnibs-simu-left/0055/simulations/simulation_AFFT-left_8dbde024/0055_TDCS_1_el_currents.geo  ->  001-0055-BM_TDCS_1_el_currents.geo
  /network/iss/levy/valerocabre/stimSD/Data/derivatives/mri/2-simnibs-simu-left/0055/simulations/simulation_AFFT-left_8dbde024/0055_TDCS_1_scalar.msh.opt  ->  001-0055-BM_TDCS_1_scalar.msh.opt
  /network/iss/levy/valerocabre/stimSD/Data/derivatives/mri/2-simnibs-simu-left/0055/simulations/simulation_FTAF-left_a0a7d87a/0055_TDCS_1_scalar.msh  ->  001-0055-BM_TDCS_1_scalar.msh
  /network/iss/levy/valerocabre/stimSD/Data/derivatives/mri/2-simnibs-simu-left/0055/simulations/simulation_FTAF-left_a0a7d87a/0055_TDCS_1_el_currents.geo  ->  001-0055-BM_TDCS_1_el_currents.geo
  /network/iss/levy/valerocabre/stimSD/Data/derivatives/mri/2-simnibs-simu-left/0055/simulations/simulation_FTAF-left_a0a7d87a/0055_TDCS_1_scalar.msh.opt  ->  001-0055-BM_TDCS_1_scalar.msh.opt
  /network/iss/levy/valerocabre/stimSD/Data/derivatives/mri/2-simnibs-simu-left/0057/simulations/simulation_AFFT-left_8dbde024/0057_TDCS_1_scalar.msh  ->  001-0057-HJ_TDCS_1_scalar.msh
  /network/iss/levy/valerocabre/stimSD/Data/derivatives/mri/2-simnibs-simu-left/0057/simulations/simulation_AFFT-left_8dbde024/0057_TDCS_1_el_currents.geo  ->  001-0057-HJ_TDCS_1_el_currents.geo
  /network/iss/levy/valerocabre/stimSD/Data/derivatives/mri/2-simnibs-simu-left/0057/simulations/simulation_AFFT-left_8dbde024/0057_TDCS_1_scalar.msh.opt  ->  001-0057-HJ_TDCS_1_scalar.msh.opt
  /network/iss/levy/valerocabre/stimSD/Data/derivatives/mri/2-simnibs-simu-left/0057/simulations/simulation_FTAF-left_a0a7d87a/0057_TDCS_1_scalar.msh  ->  001-0057-HJ_TDCS_1_scalar.msh
  /network/iss/levy/valerocabre/stimSD/Data/derivatives/mri/2-simnibs-simu-left/0057/simulations/simulation_FTAF-left_a0a7d87a/0057_TDCS_1_el_currents.geo  ->  001-0057-HJ_TDCS_1_el_currents.geo
  /network/iss/levy/valerocabre/stimSD/Data/derivatives/mri/2-simnibs-simu-left/0057/simulations/simulation_FTAF-left_a0a7d87a/0057_TDCS_1_scalar.msh.opt  ->  001-0057-HJ_TDCS_1_scalar.msh.opt
  /network/iss/levy/valerocabre/stimSD/Data/derivatives/mri/2-simnibs-simu-left/0060/simulations/simulation_AFFT-left_8dbde024/0060_TDCS_1_scalar.msh  ->  001-0060-GL_TDCS_1_scalar.msh
  /network/iss/levy/valerocabre/stimSD/Data/derivatives/mri/2-simnibs-simu-left/0060/simulations/simulation_AFFT-left_8dbde024/0060_TDCS_1_el_currents.geo  ->  001-0060-GL_TDCS_1_el_currents.geo
  /network/iss/levy/valerocabre/stimSD/Data/derivatives/mri/2-simnibs-simu-left/0060/simulations/simulation_AFFT-left_8dbde024/0060_TDCS_1_scalar.msh.opt  ->  001-0060-GL_TDCS_1_scalar.msh.opt
  /network/iss/levy/valerocabre/stimSD/Data/derivatives/mri/2-simnibs-simu-left/0060/simulations/simulation_FTAF-left_a0a7d87a/0060_TDCS_1_scalar.msh  ->  001-0060-GL_TDCS_1_scalar.msh
  /network/iss/levy/valerocabre/stimSD/Data/derivatives/mri/2-simnibs-simu-left/0060/simulations/simulation_FTAF-left_a0a7d87a/0060_TDCS_1_el_currents.geo  ->  001-0060-GL_TDCS_1_el_currents.geo
  /network/iss/levy/valerocabre/stimSD/Data/derivatives/mri/2-simnibs-simu-left/0060/simulations/simulation_FTAF-left_a0a7d87a/0060_TDCS_1_scalar.msh.opt  ->  001-0060-GL_TDCS_1_scalar.msh.opt
  /network/iss/levy/valerocabre/stimSD/Data/derivatives/mri/2-simnibs-simu-left/0058/simulations/simulation_AFFT-left_8dbde024/0058_TDCS_1_scalar.msh  ->  001-0058-TC_TDCS_1_scalar.msh
  /network/iss/levy/valerocabre/stimSD/Data/derivatives/mri/2-simnibs-simu-left/0058/simulations/simulation_AFFT-left_8dbde024/0058_TDCS_1_el_currents.geo  ->  001-0058-TC_TDCS_1_el_currents.geo
  /network/iss/levy/valerocabre/stimSD/Data/derivatives/mri/2-simnibs-simu-left/0058/simulations/simulation_AFFT-left_8dbde024/0058_TDCS_1_scalar.msh.opt  ->  001-0058-TC_TDCS_1_scalar.msh.opt
  /network/iss/levy/valerocabre/stimSD/Data/derivatives/mri/2-simnibs-simu-left/0058/simulations/simulation_FTAF-left_a0a7d87a/0058_TDCS_1_scalar.msh  ->  001-0058-TC_TDCS_1_scalar.msh
  /network/iss/levy/valerocabre/stimSD/Data/derivatives/mri/2-simnibs-simu-left/0058/simulations/simulation_FTAF-left_a0a7d87a/0058_TDCS_1_el_currents.geo  ->  001-0058-TC_TDCS_1_el_currents.geo
  /network/iss/levy/valerocabre/stimSD/Data/derivatives/mri/2-simnibs-simu-left/0058/simulations/simulation_FTAF-left_a0a7d87a/0058_TDCS_1_scalar.msh.opt  ->  001-0058-TC_TDCS_1_scalar.msh.opt
  /network/iss/levy/valerocabre/stimSD/Data/derivatives/mri/2-simnibs-simu-left/0061/simulations/simulation_AFFT-left_8dbde024/0061_TDCS_1_scalar.msh  ->  001-0061-PM_TDCS_1_scalar.msh
  /network/iss/levy/valerocabre/stimSD/Data/derivatives/mri/2-simnibs-simu-left/0061/simulations/simulation_AFFT-left_8dbde024/0061_TDCS_1_el_currents.geo  ->  001-0061-PM_TDCS_1_el_currents.geo
  /network/iss/levy/valerocabre/stimSD/Data/derivatives/mri/2-simnibs-simu-left/0061/simulations/simulation_AFFT-left_8dbde024/0061_TDCS_1_scalar.msh.opt  ->  001-0061-PM_TDCS_1_scalar.msh.opt
  /network/iss/levy/valerocabre/stimSD/Data/derivatives/mri/2-simnibs-simu-left/0061/simulations/simulation_FTAF-left_a0a7d87a/0061_TDCS_1_scalar.msh  ->  001-0061-PM_TDCS_1_scalar.msh
  /network/iss/levy/valerocabre/stimSD/Data/derivatives/mri/2-simnibs-simu-left/0061/simulations/simulation_FTAF-left_a0a7d87a/0061_TDCS_1_el_currents.geo  ->  001-0061-PM_TDCS_1_el_currents.geo
  /network/iss/levy/valerocabre/stimSD/Data/derivatives/mri/2-simnibs-simu-left/0061/simulations/simulation_FTAF-left_a0a7d87a/0061_TDCS_1_scalar.msh.opt  ->  001-0061-PM_TDCS_1_scalar.msh.opt
  /network/iss/levy/valerocabre/stimSD/Data/derivatives/mri/2-simnibs-simu-left/0064/simulations/simulation_AFFT-left_8dbde024/0064_TDCS_1_scalar.msh  ->  001-0064-RD_TDCS_1_scalar.msh
  /network/iss/levy/valerocabre/stimSD/Data/derivatives/mri/2-simnibs-simu-left/0064/simulations/simulation_AFFT-left_8dbde024/0064_TDCS_1_el_currents.geo  ->  001-0064-RD_TDCS_1_el_currents.geo
  /network/iss/levy/valerocabre/stimSD/Data/derivatives/mri/2-simnibs-simu-left/0064/simulations/simulation_AFFT-left_8dbde024/0064_TDCS_1_scalar.msh.opt  ->  001-0064-RD_TDCS_1_scalar.msh.opt
  /network/iss/levy/valerocabre/stimSD/Data/derivatives/mri/2-simnibs-simu-left/0064/simulations/simulation_FTAF-left_a0a7d87a/0064_TDCS_1_scalar.msh  ->  001-0064-RD_TDCS_1_scalar.msh
  /network/iss/levy/valerocabre/stimSD/Data/derivatives/mri/2-simnibs-simu-left/0064/simulations/simulation_FTAF-left_a0a7d87a/0064_TDCS_1_el_currents.geo  ->  001-0064-RD_TDCS_1_el_currents.geo
  /network/iss/levy/valerocabre/stimSD/Data/derivatives/mri/2-simnibs-simu-left/0064/simulations/simulation_FTAF-left_a0a7d87a/0064_TDCS_1_scalar.msh.opt  ->  001-0064-RD_TDCS_1_scalar.msh.opt
  /network/iss/levy/valerocabre/stimSD/Data/derivatives/mri/2-simnibs-simu-left/0065/simulations/simulation_AFFT-left_8dbde024/0065_TDCS_1_scalar.msh  ->  001-0065-BA_TDCS_1_scalar.msh
  /network/iss/levy/valerocabre/stimSD/Data/derivatives/mri/2-simnibs-simu-left/0065/simulations/simulation_AFFT-left_8dbde024/0065_TDCS_1_el_currents.geo  ->  001-0065-BA_TDCS_1_el_currents.geo
  /network/iss/levy/valerocabre/stimSD/Data/derivatives/mri/2-simnibs-simu-left/0065/simulations/simulation_AFFT-left_8dbde024/0065_TDCS_1_scalar.msh.opt  ->  001-0065-BA_TDCS_1_scalar.msh.opt
  /network/iss/levy/valerocabre/stimSD/Data/derivatives/mri/2-simnibs-simu-left/0065/simulations/simulation_FTAF-left_a0a7d87a/0065_TDCS_1_scalar.msh  ->  001-0065-BA_TDCS_1_scalar.msh
  /network/iss/levy/valerocabre/stimSD/Data/derivatives/mri/2-simnibs-simu-left/0065/simulations/simulation_FTAF-left_a0a7d87a/0065_TDCS_1_el_currents.geo  ->  001-0065-BA_TDCS_1_el_currents.geo
  /network/iss/levy/valerocabre/stimSD/Data/derivatives/mri/2-simnibs-simu-left/0065/simulations/simulation_FTAF-left_a0a7d87a/0065_TDCS_1_scalar.msh.opt  ->  001-0065-BA_TDCS_1_scalar.msh.opt
  /network/iss/levy/valerocabre/stimSD/Data/derivatives/mri/2-simnibs-simu-left/0063/simulations/simulation_AFFT-left_8dbde024/0063_TDCS_1_scalar.msh  ->  001-0063-DD_TDCS_1_scalar.msh
  /network/iss/levy/valerocabre/stimSD/Data/derivatives/mri/2-simnibs-simu-left/0063/simulations/simulation_AFFT-left_8dbde024/0063_TDCS_1_el_currents.geo  ->  001-0063-DD_TDCS_1_el_currents.geo
  /network/iss/levy/valerocabre/stimSD/Data/derivatives/mri/2-simnibs-simu-left/0063/simulations/simulation_AFFT-left_8dbde024/0063_TDCS_1_scalar.msh.opt  ->  001-0063-DD_TDCS_1_scalar.msh.opt
  /network/iss/levy/valerocabre/stimSD/Data/derivatives/mri/2-simnibs-simu-left/0063/simulations/simulation_FTAF-left_a0a7d87a/0063_TDCS_1_scalar.msh  ->  001-0063-DD_TDCS_1_scalar.msh
  /network/iss/levy/valerocabre/stimSD/Data/derivatives/mri/2-simnibs-simu-left/0063/simulations/simulation_FTAF-left_a0a7d87a/0063_TDCS_1_el_currents.geo  ->  001-0063-DD_TDCS_1_el_currents.geo
  /network/iss/levy/valerocabre/stimSD/Data/derivatives/mri/2-simnibs-simu-left/0063/simulations/simulation_FTAF-left_a0a7d87a/0063_TDCS_1_scalar.msh.opt  ->  001-0063-DD_TDCS_1_scalar.msh.opt
  /network/iss/levy/valerocabre/stimSD/Data/derivatives/mri/2-simnibs-simu-left/0062/simulations/simulation_AFFT-left_8dbde024/0062_TDCS_1_scalar.msh  ->  001-0062-PM_TDCS_1_scalar.msh
  /network/iss/levy/valerocabre/stimSD/Data/derivatives/mri/2-simnibs-simu-left/0062/simulations/simulation_AFFT-left_8dbde024/0062_TDCS_1_el_currents.geo  ->  001-0062-PM_TDCS_1_el_currents.geo
  /network/iss/levy/valerocabre/stimSD/Data/derivatives/mri/2-simnibs-simu-left/0062/simulations/simulation_AFFT-left_8dbde024/0062_TDCS_1_scalar.msh.opt  ->  001-0062-PM_TDCS_1_scalar.msh.opt
  /network/iss/levy/valerocabre/stimSD/Data/derivatives/mri/2-simnibs-simu-left/0062/simulations/simulation_FTAF-left_a0a7d87a/0062_TDCS_1_scalar.msh  ->  001-0062-PM_TDCS_1_scalar.msh
  /network/iss/levy/valerocabre/stimSD/Data/derivatives/mri/2-simnibs-simu-left/0062/simulations/simulation_FTAF-left_a0a7d87a/0062_TDCS_1_el_currents.geo  ->  001-0062-PM_TDCS_1_el_currents.geo
  /network/iss/levy/valerocabre/stimSD/Data/derivatives/mri/2-simnibs-simu-left/0062/simulations/simulation_FTAF-left_a0a7d87a/0062_TDCS_1_scalar.msh.opt  ->  001-0062-PM_TDCS_1_scalar.msh.opt
  /network/iss/levy/valerocabre/stimSD/Data/derivatives/mri/2-simnibs-simu-left/0003/logs/pipeline_0003_20260528_121237.log  ->  pipeline_001-0004-MA_20260528_121237.log
  /network/iss/levy/valerocabre/stimSD/Data/derivatives/mri/2-simnibs-simu-left/0003/logs/pipeline_0003_20260528_121531.log  ->  pipeline_001-0004-MA_20260528_121531.log
  /network/iss/levy/valerocabre/stimSD/Data/derivatives/mri/2-simnibs-simu-left/0001/logs/pipeline_0001_20260528_121237.log  ->  pipeline_001-0001-CM_20260528_121237.log
  /network/iss/levy/valerocabre/stimSD/Data/derivatives/mri/2-simnibs-simu-left/0001/logs/pipeline_0001_20260528_121531.log  ->  pipeline_001-0001-CM_20260528_121531.log
  /network/iss/levy/valerocabre/stimSD/Data/derivatives/mri/2-simnibs-simu-left/0004/logs/pipeline_0004_20260528_121322.log  ->  pipeline_001-0005-LS_20260528_121322.log
  /network/iss/levy/valerocabre/stimSD/Data/derivatives/mri/2-simnibs-simu-left/0004/logs/pipeline_0004_20260528_121532.log  ->  pipeline_001-0005-LS_20260528_121532.log
  /network/iss/levy/valerocabre/stimSD/Data/derivatives/mri/2-simnibs-simu-left/0005/logs/pipeline_0005_20260528_121325.log  ->  pipeline_001-0006-CV_20260528_121325.log
  /network/iss/levy/valerocabre/stimSD/Data/derivatives/mri/2-simnibs-simu-left/0005/logs/pipeline_0005_20260528_121601.log  ->  pipeline_001-0006-CV_20260528_121601.log
  /network/iss/levy/valerocabre/stimSD/Data/derivatives/mri/2-simnibs-simu-left/0007/logs/pipeline_0007_20260528_121448.log  ->  pipeline_001-0007-ME_20260528_121448.log
  /network/iss/levy/valerocabre/stimSD/Data/derivatives/mri/2-simnibs-simu-left/0007/logs/pipeline_0007_20260528_121601.log  ->  pipeline_001-0007-ME_20260528_121601.log
  /network/iss/levy/valerocabre/stimSD/Data/derivatives/mri/2-simnibs-simu-left/0009/logs/pipeline_0009_20260528_121507.log  ->  pipeline_001-0010-LM_20260528_121507.log
  /network/iss/levy/valerocabre/stimSD/Data/derivatives/mri/2-simnibs-simu-left/0009/logs/pipeline_0009_20260528_121631.log  ->  pipeline_001-0010-LM_20260528_121631.log
  /network/iss/levy/valerocabre/stimSD/Data/derivatives/mri/2-simnibs-simu-left/0008/logs/pipeline_0008_20260528_121507.log  ->  pipeline_001-0008-LD_20260528_121507.log
  /network/iss/levy/valerocabre/stimSD/Data/derivatives/mri/2-simnibs-simu-left/0008/logs/pipeline_0008_20260528_121601.log  ->  pipeline_001-0008-LD_20260528_121601.log
  /network/iss/levy/valerocabre/stimSD/Data/derivatives/mri/2-simnibs-simu-left/0017/logs/pipeline_0017_20260528_121538.log  ->  pipeline_001-0018-JC_20260528_121538.log
  /network/iss/levy/valerocabre/stimSD/Data/derivatives/mri/2-simnibs-simu-left/0017/logs/pipeline_0017_20260528_121711.log  ->  pipeline_001-0018-JC_20260528_121711.log
  /network/iss/levy/valerocabre/stimSD/Data/derivatives/mri/2-simnibs-simu-left/0015/logs/pipeline_0015_20260528_121538.log  ->  pipeline_001-0021-RP_20260528_121538.log
  /network/iss/levy/valerocabre/stimSD/Data/derivatives/mri/2-simnibs-simu-left/0015/logs/pipeline_0015_20260528_121709.log  ->  pipeline_001-0021-RP_20260528_121709.log
  /network/iss/levy/valerocabre/stimSD/Data/derivatives/mri/2-simnibs-simu-left/0013/logs/pipeline_0013_20260528_121539.log  ->  pipeline_001-0016-BJ_20260528_121539.log
  /network/iss/levy/valerocabre/stimSD/Data/derivatives/mri/2-simnibs-simu-left/0013/logs/pipeline_0013_20260528_121709.log  ->  pipeline_001-0016-BJ_20260528_121709.log
  /network/iss/levy/valerocabre/stimSD/Data/derivatives/mri/2-simnibs-simu-left/0021/logs/pipeline_0021_20260528_121542.log  ->  pipeline_001-0020-RN_20260528_121542.log
  /network/iss/levy/valerocabre/stimSD/Data/derivatives/mri/2-simnibs-simu-left/0021/logs/pipeline_0021_20260528_121711.log  ->  pipeline_001-0020-RN_20260528_121711.log
  /network/iss/levy/valerocabre/stimSD/Data/derivatives/mri/2-simnibs-simu-left/0023/logs/pipeline_0023_20260528_121552.log  ->  pipeline_001-0022-LM_20260528_121552.log
  /network/iss/levy/valerocabre/stimSD/Data/derivatives/mri/2-simnibs-simu-left/0023/logs/pipeline_0023_20260528_121711.log  ->  pipeline_001-0022-LM_20260528_121711.log
  /network/iss/levy/valerocabre/stimSD/Data/derivatives/mri/2-simnibs-simu-left/0031/logs/pipeline_0031_20260528_121552.log  ->  pipeline_001-0030-GE_20260528_121552.log
  /network/iss/levy/valerocabre/stimSD/Data/derivatives/mri/2-simnibs-simu-left/0031/logs/pipeline_0031_20260528_121710.log  ->  pipeline_001-0030-GE_20260528_121710.log
  /network/iss/levy/valerocabre/stimSD/Data/derivatives/mri/2-simnibs-simu-left/0032/logs/pipeline_0032_20260528_121620.log  ->  pipeline_001-0031-GS_20260528_121620.log
  /network/iss/levy/valerocabre/stimSD/Data/derivatives/mri/2-simnibs-simu-left/0032/logs/pipeline_0032_20260528_121710.log  ->  pipeline_001-0031-GS_20260528_121710.log
  /network/iss/levy/valerocabre/stimSD/Data/derivatives/mri/2-simnibs-simu-left/0035/logs/pipeline_0035_20260528_121620.log  ->  pipeline_001-0033-PM_20260528_121620.log
  /network/iss/levy/valerocabre/stimSD/Data/derivatives/mri/2-simnibs-simu-left/0035/logs/pipeline_0035_20260528_121711.log  ->  pipeline_001-0033-PM_20260528_121711.log
  /network/iss/levy/valerocabre/stimSD/Data/derivatives/mri/2-simnibs-simu-left/0036/logs/pipeline_0036_20260528_121620.log  ->  pipeline_001-0035-LC_20260528_121620.log
  /network/iss/levy/valerocabre/stimSD/Data/derivatives/mri/2-simnibs-simu-left/0036/logs/pipeline_0036_20260528_121711.log  ->  pipeline_001-0035-LC_20260528_121711.log
  /network/iss/levy/valerocabre/stimSD/Data/derivatives/mri/2-simnibs-simu-left/0034/logs/pipeline_0034_20260528_121620.log  ->  pipeline_001-0032-HB_20260528_121620.log
  /network/iss/levy/valerocabre/stimSD/Data/derivatives/mri/2-simnibs-simu-left/0034/logs/pipeline_0034_20260528_121710.log  ->  pipeline_001-0032-HB_20260528_121710.log
  /network/iss/levy/valerocabre/stimSD/Data/derivatives/mri/2-simnibs-simu-left/0037/logs/pipeline_0037_20260528_121623.log  ->  pipeline_001-0037-TJ_20260528_121623.log
  /network/iss/levy/valerocabre/stimSD/Data/derivatives/mri/2-simnibs-simu-left/0037/logs/pipeline_0037_20260528_121711.log  ->  pipeline_001-0037-TJ_20260528_121711.log
  /network/iss/levy/valerocabre/stimSD/Data/derivatives/mri/2-simnibs-simu-left/0046/logs/pipeline_0046_20260528_121640.log  ->  pipeline_001-0046-OP_20260528_121640.log
  /network/iss/levy/valerocabre/stimSD/Data/derivatives/mri/2-simnibs-simu-left/0046/logs/pipeline_0046_20260528_121714.log  ->  pipeline_001-0046-OP_20260528_121714.log
  /network/iss/levy/valerocabre/stimSD/Data/derivatives/mri/2-simnibs-simu-left/0043/logs/pipeline_0043_20260528_121640.log  ->  pipeline_001-0041-PE_20260528_121640.log
  /network/iss/levy/valerocabre/stimSD/Data/derivatives/mri/2-simnibs-simu-left/0043/logs/pipeline_0043_20260528_121711.log  ->  pipeline_001-0041-PE_20260528_121711.log
  /network/iss/levy/valerocabre/stimSD/Data/derivatives/mri/2-simnibs-simu-left/0048/logs/pipeline_0048_20260528_121644.log  ->  pipeline_001-0047-HJ_20260528_121644.log
  /network/iss/levy/valerocabre/stimSD/Data/derivatives/mri/2-simnibs-simu-left/0048/logs/pipeline_0048_20260528_121740.log  ->  pipeline_001-0047-HJ_20260528_121740.log
  /network/iss/levy/valerocabre/stimSD/Data/derivatives/mri/2-simnibs-simu-left/0050/logs/pipeline_0050_20260528_121644.log  ->  pipeline_001-0049-GM_20260528_121644.log
  /network/iss/levy/valerocabre/stimSD/Data/derivatives/mri/2-simnibs-simu-left/0050/logs/pipeline_0050_20260528_121740.log  ->  pipeline_001-0049-GM_20260528_121740.log
  /network/iss/levy/valerocabre/stimSD/Data/derivatives/mri/2-simnibs-simu-left/0052/logs/pipeline_0052_20260528_121709.log  ->  pipeline_001-0048-LA_20260528_121709.log
  /network/iss/levy/valerocabre/stimSD/Data/derivatives/mri/2-simnibs-simu-left/0052/logs/pipeline_0052_20260528_121743.log  ->  pipeline_001-0048-LA_20260528_121743.log
  /network/iss/levy/valerocabre/stimSD/Data/derivatives/mri/2-simnibs-simu-left/0053/logs/pipeline_0053_20260528_121709.log  ->  pipeline_001-0050-AB_20260528_121709.log
  /network/iss/levy/valerocabre/stimSD/Data/derivatives/mri/2-simnibs-simu-left/0053/logs/pipeline_0053_20260528_121743.log  ->  pipeline_001-0050-AB_20260528_121743.log
  /network/iss/levy/valerocabre/stimSD/Data/derivatives/mri/2-simnibs-simu-left/0054/logs/pipeline_0054_20260528_121710.log  ->  pipeline_001-0054-DC_20260528_121710.log
  /network/iss/levy/valerocabre/stimSD/Data/derivatives/mri/2-simnibs-simu-left/0054/logs/pipeline_0054_20260528_121811.log  ->  pipeline_001-0054-DC_20260528_121811.log
  /network/iss/levy/valerocabre/stimSD/Data/derivatives/mri/2-simnibs-simu-left/0056/logs/pipeline_0056_20260528_121710.log  ->  pipeline_001-0056-GC_20260528_121710.log
  /network/iss/levy/valerocabre/stimSD/Data/derivatives/mri/2-simnibs-simu-left/0056/logs/pipeline_0056_20260528_121851.log  ->  pipeline_001-0056-GC_20260528_121851.log
  /network/iss/levy/valerocabre/stimSD/Data/derivatives/mri/2-simnibs-simu-left/0055/logs/pipeline_0055_20260528_121710.log  ->  pipeline_001-0055-BM_20260528_121710.log
  /network/iss/levy/valerocabre/stimSD/Data/derivatives/mri/2-simnibs-simu-left/0055/logs/pipeline_0055_20260528_121811.log  ->  pipeline_001-0055-BM_20260528_121811.log
  /network/iss/levy/valerocabre/stimSD/Data/derivatives/mri/2-simnibs-simu-left/0057/logs/pipeline_0057_20260528_121710.log  ->  pipeline_001-0057-HJ_20260528_121710.log
  /network/iss/levy/valerocabre/stimSD/Data/derivatives/mri/2-simnibs-simu-left/0057/logs/pipeline_0057_20260528_121853.log  ->  pipeline_001-0057-HJ_20260528_121853.log
  /network/iss/levy/valerocabre/stimSD/Data/derivatives/mri/2-simnibs-simu-left/0060/logs/pipeline_0060_20260528_121711.log  ->  pipeline_001-0060-GL_20260528_121711.log
  /network/iss/levy/valerocabre/stimSD/Data/derivatives/mri/2-simnibs-simu-left/0060/logs/pipeline_0060_20260528_121853.log  ->  pipeline_001-0060-GL_20260528_121853.log
  /network/iss/levy/valerocabre/stimSD/Data/derivatives/mri/2-simnibs-simu-left/0058/logs/pipeline_0058_20260528_121711.log  ->  pipeline_001-0058-TC_20260528_121711.log
  /network/iss/levy/valerocabre/stimSD/Data/derivatives/mri/2-simnibs-simu-left/0058/logs/pipeline_0058_20260528_121853.log  ->  pipeline_001-0058-TC_20260528_121853.log
  /network/iss/levy/valerocabre/stimSD/Data/derivatives/mri/2-simnibs-simu-left/0061/logs/pipeline_0061_20260528_121711.log  ->  pipeline_001-0061-PM_20260528_121711.log
  /network/iss/levy/valerocabre/stimSD/Data/derivatives/mri/2-simnibs-simu-left/0061/logs/pipeline_0061_20260528_121909.log  ->  pipeline_001-0061-PM_20260528_121909.log
  /network/iss/levy/valerocabre/stimSD/Data/derivatives/mri/2-simnibs-simu-left/0064/logs/pipeline_0064_20260528_121711.log  ->  pipeline_001-0064-RD_20260528_121711.log
  /network/iss/levy/valerocabre/stimSD/Data/derivatives/mri/2-simnibs-simu-left/0064/logs/pipeline_0064_20260528_121930.log  ->  pipeline_001-0064-RD_20260528_121930.log
  /network/iss/levy/valerocabre/stimSD/Data/derivatives/mri/2-simnibs-simu-left/0065/logs/pipeline_0065_20260528_121711.log  ->  pipeline_001-0065-BA_20260528_121711.log
  /network/iss/levy/valerocabre/stimSD/Data/derivatives/mri/2-simnibs-simu-left/0065/logs/pipeline_0065_20260528_122047.log  ->  pipeline_001-0065-BA_20260528_122047.log
  /network/iss/levy/valerocabre/stimSD/Data/derivatives/mri/2-simnibs-simu-left/0063/logs/pipeline_0063_20260528_121711.log  ->  pipeline_001-0063-DD_20260528_121711.log
  /network/iss/levy/valerocabre/stimSD/Data/derivatives/mri/2-simnibs-simu-left/0063/logs/pipeline_0063_20260528_121930.log  ->  pipeline_001-0063-DD_20260528_121930.log
  /network/iss/levy/valerocabre/stimSD/Data/derivatives/mri/2-simnibs-simu-left/0062/logs/pipeline_0062_20260528_121711.log  ->  pipeline_001-0062-PM_20260528_121711.log
  /network/iss/levy/valerocabre/stimSD/Data/derivatives/mri/2-simnibs-simu-left/0062/logs/pipeline_0062_20260528_121909.log  ->  pipeline_001-0062-PM_20260528_121909.log
  /network/iss/levy/valerocabre/stimSD/Data/derivatives/mri/2-simnibs-simu-left/0003  ->  001-0004-MA
  /network/iss/levy/valerocabre/stimSD/Data/derivatives/mri/2-simnibs-simu-left/0001  ->  001-0001-CM
  /network/iss/levy/valerocabre/stimSD/Data/derivatives/mri/2-simnibs-simu-left/0004  ->  001-0005-LS
  /network/iss/levy/valerocabre/stimSD/Data/derivatives/mri/2-simnibs-simu-left/0005  ->  001-0006-CV
  /network/iss/levy/valerocabre/stimSD/Data/derivatives/mri/2-simnibs-simu-left/0007  ->  001-0007-ME
  /network/iss/levy/valerocabre/stimSD/Data/derivatives/mri/2-simnibs-simu-left/0009  ->  001-0010-LM
  /network/iss/levy/valerocabre/stimSD/Data/derivatives/mri/2-simnibs-simu-left/0008  ->  001-0008-LD
  /network/iss/levy/valerocabre/stimSD/Data/derivatives/mri/2-simnibs-simu-left/0017  ->  001-0018-JC
  /network/iss/levy/valerocabre/stimSD/Data/derivatives/mri/2-simnibs-simu-left/0015  ->  001-0021-RP
  /network/iss/levy/valerocabre/stimSD/Data/derivatives/mri/2-simnibs-simu-left/0013  ->  001-0016-BJ
  /network/iss/levy/valerocabre/stimSD/Data/derivatives/mri/2-simnibs-simu-left/0021  ->  001-0020-RN
  /network/iss/levy/valerocabre/stimSD/Data/derivatives/mri/2-simnibs-simu-left/0023  ->  001-0022-LM
  /network/iss/levy/valerocabre/stimSD/Data/derivatives/mri/2-simnibs-simu-left/0031  ->  001-0030-GE
  /network/iss/levy/valerocabre/stimSD/Data/derivatives/mri/2-simnibs-simu-left/0032  ->  001-0031-GS
  /network/iss/levy/valerocabre/stimSD/Data/derivatives/mri/2-simnibs-simu-left/0035  ->  001-0033-PM
  /network/iss/levy/valerocabre/stimSD/Data/derivatives/mri/2-simnibs-simu-left/0036  ->  001-0035-LC
  /network/iss/levy/valerocabre/stimSD/Data/derivatives/mri/2-simnibs-simu-left/0034  ->  001-0032-HB
  /network/iss/levy/valerocabre/stimSD/Data/derivatives/mri/2-simnibs-simu-left/0037  ->  001-0037-TJ
  /network/iss/levy/valerocabre/stimSD/Data/derivatives/mri/2-simnibs-simu-left/0046  ->  001-0046-OP
  /network/iss/levy/valerocabre/stimSD/Data/derivatives/mri/2-simnibs-simu-left/0043  ->  001-0041-PE
  /network/iss/levy/valerocabre/stimSD/Data/derivatives/mri/2-simnibs-simu-left/0048  ->  001-0047-HJ
  /network/iss/levy/valerocabre/stimSD/Data/derivatives/mri/2-simnibs-simu-left/0050  ->  001-0049-GM
  /network/iss/levy/valerocabre/stimSD/Data/derivatives/mri/2-simnibs-simu-left/0052  ->  001-0048-LA
  /network/iss/levy/valerocabre/stimSD/Data/derivatives/mri/2-simnibs-simu-left/0053  ->  001-0050-AB
  /network/iss/levy/valerocabre/stimSD/Data/derivatives/mri/2-simnibs-simu-left/0054  ->  001-0054-DC
  /network/iss/levy/valerocabre/stimSD/Data/derivatives/mri/2-simnibs-simu-left/0056  ->  001-0056-GC
  /network/iss/levy/valerocabre/stimSD/Data/derivatives/mri/2-simnibs-simu-left/0055  ->  001-0055-BM
  /network/iss/levy/valerocabre/stimSD/Data/derivatives/mri/2-simnibs-simu-left/0057  ->  001-0057-HJ
  /network/iss/levy/valerocabre/stimSD/Data/derivatives/mri/2-simnibs-simu-left/0060  ->  001-0060-GL
  /network/iss/levy/valerocabre/stimSD/Data/derivatives/mri/2-simnibs-simu-left/0058  ->  001-0058-TC
  /network/iss/levy/valerocabre/stimSD/Data/derivatives/mri/2-simnibs-simu-left/0061  ->  001-0061-PM
  /network/iss/levy/valerocabre/stimSD/Data/derivatives/mri/2-simnibs-simu-left/0064  ->  001-0064-RD
  /network/iss/levy/valerocabre/stimSD/Data/derivatives/mri/2-simnibs-simu-left/0065  ->  001-0065-BA
  /network/iss/levy/valerocabre/stimSD/Data/derivatives/mri/2-simnibs-simu-left/0063  ->  001-0063-DD
  /network/iss/levy/valerocabre/stimSD/Data/derivatives/mri/2-simnibs-simu-left/0062  ->  001-0062-PM

[dry-run] 2283 élément(s) renommé(s) sur 3356 inspecté(s).
