🔎 Scan de /Volumes/levy/valerocabre/stimSD/Data/sourcedata/1_DATA/1_RAW/1_PATIENTS ...
  ⚠️  Pas de correspondance eCRF pour '0X-00X-Initiale' (norm='0x00xinitiale') → ignoré
  ⚠️  Pas de correspondance eCRF pour '0X-00X-Initiale' (norm='0x00xinitiale') → ignoré
🔎 Scan de /Volumes/levy/valerocabre/stimSD/Data/sourcedata/1_DATA/1_RAW/2_TEMOINS ...
🔎 Scan de /Volumes/levy/valerocabre/stimSD/Data/sourcedata/toni_data (fallback patients manquants) ...
  ⚠️  toni_data: pas de correspondance eCRF pour '000-00053-AB' (norm='00000053ab') → ignoré
  ⏭️  toni_data: 001-0007-ME déjà couvert par PATIENTS_DIR → ignoré
  ⏭️  toni_data: 001-0001-CMC déjà couvert par PATIENTS_DIR → ignoré
  ⏭️  toni_data: 001-0014-BS déjà couvert par PATIENTS_DIR → ignoré
  ⏭️  toni_data: 001-0016-BJC déjà couvert par PATIENTS_DIR → ignoré
  ⏭️  toni_data: 001-0018-JC déjà couvert par PATIENTS_DIR → ignoré
  ⏭️  toni_data: 001-0020-RN déjà couvert par PATIENTS_DIR → ignoré
  ⏭️  toni_data: 001-0021-RP déjà couvert par PATIENTS_DIR → ignoré
  ⏭️  toni_data: 001-0005-LS déjà couvert par PATIENTS_DIR → ignoré
  ⏭️  toni_data: 001-0030-GE déjà couvert par PATIENTS_DIR → ignoré
  ⏭️  toni_data: 001-0031-GS déjà couvert par PATIENTS_DIR → ignoré
  ⏭️  toni_data: 001-0032-HB déjà couvert par PATIENTS_DIR → ignoré
  ⏭️  toni_data: 001-0033-PM déjà couvert par PATIENTS_DIR → ignoré
  ⏭️  toni_data: 001-0035-LC déjà couvert par PATIENTS_DIR → ignoré
  ⏭️  toni_data: 001-0037-TJ déjà couvert par PATIENTS_DIR → ignoré
  ⏭️  toni_data: 001-0004-MA déjà couvert par PATIENTS_DIR → ignoré
  ⏭️  toni_data: 001-0041-PE déjà couvert par PATIENTS_DIR → ignoré
  ⏭️  toni_data: 001-0046-OP déjà couvert par PATIENTS_DIR → ignoré
  ⏭️  toni_data: 001-0047-HJ déjà couvert par PATIENTS_DIR → ignoré
  ⏭️  toni_data: 001-0049-GM déjà couvert par PATIENTS_DIR → ignoré
  ⏭️  toni_data: 001-0053-MT déjà couvert par PATIENTS_DIR → ignoré
  ⏭️  toni_data: 001-0054-DC déjà couvert par PATIENTS_DIR → ignoré
  ⏭️  toni_data: 001-0055-BM déjà couvert par PATIENTS_DIR → ignoré
  ⏭️  toni_data: 001-0056-GC déjà couvert par PATIENTS_DIR → ignoré
  ⏭️  toni_data: 001-0057-HJ déjà couvert par PATIENTS_DIR → ignoré
  ⏭️  toni_data: 001-0058-TC déjà couvert par PATIENTS_DIR → ignoré
  ⏭️  toni_data: 001-0008-LD déjà couvert par PATIENTS_DIR → ignoré
  ⏭️  toni_data: 001-0010-LM déjà couvert par PATIENTS_DIR → ignoré
  ⏭️  toni_data: 001-0017-KV déjà couvert par PATIENTS_DIR → ignoré
  ⏭️  toni_data: 001-0022-LM déjà couvert par PATIENTS_DIR → ignoré
  ⏭️  toni_data: 001-0006-CV déjà couvert par PATIENTS_DIR → ignoré

🔍 31 fichiers XLSX patients + 8 toni_data + 20 témoins = 59 total
  - [001-0001-CMC] 3_TESTS_LANGAGIERS/001-001-CM.xlsx
  - [001-0004-MA] 3_TESTS_LANGAGIERS/001-004-MA.xlsx
  - [001-0005-LS] 001-0005-LS/0_001-005-LS.xlsx
  - [001-0005-LS] 001-0005-LS/001-003-LS.xlsx
  - [001-0006-CV] 001-0006-CV/01-006-CV.xlsx
  - [001-0007-ME] 001-0007-ME/001-0007-ME.xlsx
  - [001-0008-LD] 001-0008-LD/001-008-LD.xlsx
  - [001-0010-LM] 001-0010-LM/001-009-LM.xlsx
  - [001-0014-BS] 3_TESTS_LANGAGIERS/001-0012-BS.xlsx
  - [001-0016-BJC] 3_TESTS_LANGAGIERS/001-0017-BJC.xlsx
  - [001-0017-KV] 3_TESTS_LANGAGIERS/003-001-KV.xlsx
  - [001-0018-JC] 3_TESTS_LANGAGIERS/001-0019-JC.xlsx
  - [001-0020-RN] 3_TESTS_LANGAGIERS/001-0020-RN.xlsx
  - [001-0021-RP] 3_TESTS_LANGAGIERS/001-0021-RP.xlsx
  - [001-0022-LM] 3_TESTS_LANGAGIERS/01-0024LLM.xlsx
  - [001-0030-GE] 3_TESTS LANGAGIERS/001-0032-EG (3)der.xlsx
  - [001-0031-GS] 3_TESTS_LANGAGIERS/001-0033-GS.xlsx
  - [001-0032-HB] 3_TESTS_LANGAGIERS/001-0034-HB.xlsx
  - [001-0033-PM] 3_TESTS_LANGAGIERS/001-0035-PM.xlsx
  - [001-0035-LC] 3_TESTS_LANGAGIERS/001-0036-LC.xlsx
  - [001-0037-TJ] 3_TESTS_LANGAGIERS/001-0038-TJ.xlsx
  - [001-0041-PE] 3_TESTS_LANGAGIERS/001-0043-PE.xlsx
  - [001-0046-OP] 3_TESTS_LANGAGIERS/001-0048-OP.xlsx
  - [001-0047-HJ] 3_TESTS_LANGAGIERS/001-0049-HJ.xlsx
  - [001-0049-GM] 3_TESTS_LANGAGIERS/001-0051-GM.xlsx
  - [001-0053-MT] 3_TESTS_LANGAGIERS/001-0056-MT.xlsx
  - [001-0054-DC] 3_TESTS_LANGAGIERS/001-0057-DC.xlsx
  - [001-0055-BM] 3_TESTS_LANGAGIERS/001-0058-BM.xlsx
  - [001-0056-GC] 001-0056-GC/001-0059-GC.xlsx
  - [001-0057-HJ] 3_TESTS_LANGAGIERS/001-0060-HJ.xlsx
  - [001-0058-TC] 3_TESTS_LANGAGIERS/001-0061-TC.xlsx
  - [001-0048-LA] toni_data/001-0052-LA.xlsx
  - [001-0059-FL] toni_data/001-0062-FL.xlsx
  - [001-0060-GL] toni_data/001-0063-GL.xlsx
  - [001-0061-PM] toni_data/001-0064-PM.xlsx
  - [001-0062-PM] toni_data/001-0065-PM.xlsx
  - [001-0063-DD] toni_data/001-0066-DD.xlsx
  - [001-0064-RD] toni_data/001-0067-RD.xlsx
  - [001-0065-BA] toni_data/001-0068-BA.xlsx
  - [001-0011-CJ-T] 001-0011-CJ-T/001-0010-CJ-T.xlsx
  - [001-0012-MM-T] 001-0012-MM-T/001-0011-MM-T.xlsx
  - [001-0013-LB-T] 001-0013-LB-T/001-0015-LB.xlsx
  - [001-0015-GP-T] 001-0015-GP-T/001-0016-GP.xlsx
  - [001-0019-KY-T] 001-0019-KY-T/001-0020-K.xlsx
  - [001-0024-GJ-T] 001-0024-GJ-T/001-0023-GJ.xlsx
  - [001-0025-MR-T] 001-0025-MR-T/01-0025-MR-T.xlsx
  - [001-0026-RY-T] 001-0026-RY-T/00-0026-RY-T.xlsx
  - [001-0028-TE-T] 001-0028-TE-T/001-0030-TE-T.xlsx
  - [001-0029-VB-T] 001-0029-VB-T/001-0031-VB.xlsx
  - [001-0036-PD-T] 001-0036-PD-T/001-0037-PD-T.xlsx
  - [001-0038-TP-T] 001-0038-TP-T/001-0039-TP-T.xlsx
  - [001-0039-CM-T] 001-0039-CM-T/001-0040-CM.xlsx
  - [001-0040-LM-T] 001-0040-LM-T/001-0041-LM.xlsx
  - [001-0042-LM-T] 001-0042-LM-T/001-0044-LM.xlsx
  - [001-0043-PJ-T] 001-0043-PJ-T/001-0045-PJ-T.xlsx
  - [001-0044-DC-T] Tests/001-0046-DC-T.xlsx
  - [001-0045-PO-T] 001-0045-PO-T/001-0047-PO-T.xlsx
  - [001-0051-RD-T] 001-0051-RD-T/001-0054-RD.xlsx
  - [001-0052-AM-T] Tests/001-0055-AM.xlsx

📂 sub-001-0001-CMC  (3_TESTS_LANGAGIERS/001-001-CM.xlsx)
  ⏳ 'AS verbale' → task-asverbale
  📋 'AS verbale': 4 bloc(s) détecté(s)
    ✓ sub-001-0001-CMC_ses-01_task-asverbale_beh.tsv  [v=1, n=26]
    ✓ sub-001-0001-CMC_ses-02_task-asverbale_beh.tsv  [v=1, n=26]
    ✓ sub-001-0001-CMC_ses-03_task-asverbale_beh.tsv  [v=1, n=26]
    ✓ sub-001-0001-CMC_ses-04_task-asverbale_beh.tsv  [v=2, n=26]
  ⏳ 'AS visuelle' → task-asvisuelle
  📋 'AS visuelle': 4 bloc(s) détecté(s)
    ✓ sub-001-0001-CMC_ses-01_task-asvisuelle_beh.tsv  [v=1, n=26]
    ✓ sub-001-0001-CMC_ses-02_task-asvisuelle_beh.tsv  [v=1, n=26]
    ✓ sub-001-0001-CMC_ses-03_task-asvisuelle_beh.tsv  [v=1, n=26]
    ✓ sub-001-0001-CMC_ses-04_task-asvisuelle_beh.tsv  [v=2, n=26]
  ⏳ 'EXE verb.' → task-exeverb
  📋 'EXE verb.': 4 bloc(s) détecté(s)
    ✓ sub-001-0001-CMC_ses-01_task-exeverb_beh.tsv  [v=1, n=26]
    ✓ sub-001-0001-CMC_ses-02_task-exeverb_beh.tsv  [v=1, n=26]
    ✓ sub-001-0001-CMC_ses-03_task-exeverb_beh.tsv  [v=2, n=26]
    ✓ sub-001-0001-CMC_ses-04_task-exeverb_beh.tsv  [v=2, n=26]
  ⏳ 'EXE visu.' → task-exevisu
  📋 'EXE visu.': 4 bloc(s) détecté(s)
    ✓ sub-001-0001-CMC_ses-01_task-exevisu_beh.tsv  [v=1, n=26]
    ✓ sub-001-0001-CMC_ses-02_task-exevisu_beh.tsv  [v=1, n=26]
    ✓ sub-001-0001-CMC_ses-03_task-exevisu_beh.tsv  [v=2, n=26]
    ✓ sub-001-0001-CMC_ses-04_task-exevisu_beh.tsv  [v=2, n=26]
  ⏳ 'FLUENCE cat.' → task-fluencecat
    ⚠️  bloc 1: colonnes introuvables ['item_text'] → ignoré
         noms détectés : ['PAT001-001-CM.1', 'Version.1', 'Session.1', 'Nombre.1']
  📋 'FLUENCE cat.': 3 bloc(s) détecté(s)
    ✓ sub-001-0001-CMC_ses-01_task-fluencecat_beh.tsv  [v=1, n=4]
    ✓ sub-001-0001-CMC_ses-03_task-fluencecat_beh.tsv  [v=2, n=4]
    ✓ sub-001-0001-CMC_ses-04_task-fluencecat_beh.tsv  [v=2, n=4]
  ⏳ 'FLUENCE verb.' → task-fluenceverb
  📋 'FLUENCE verb.': 4 bloc(s) détecté(s)
    ✓ sub-001-0001-CMC_ses-01_task-fluenceverb_beh.tsv  [v=1, n=9]
    ✓ sub-001-0001-CMC_ses-02_task-fluenceverb_beh.tsv  [v=1, n=9]
    ✓ sub-001-0001-CMC_ses-03_task-fluenceverb_beh.tsv  [v=2, n=9]
    ✓ sub-001-0001-CMC_ses-04_task-fluenceverb_beh.tsv  [v=2, n=9]
  ⏳ 'DC cat.' → task-dccat
  📋 'DC cat.': 4 bloc(s) détecté(s)
    ✓ sub-001-0001-CMC_ses-01_task-dccat_beh.tsv  [v=1, n=40]
    ✓ sub-001-0001-CMC_ses-02_task-dccat_beh.tsv  [v=1, n=40]
    ✓ sub-001-0001-CMC_ses-03_task-dccat_beh.tsv  [v=2, n=40]
    ✓ sub-001-0001-CMC_ses-04_task-dccat_beh.tsv  [v=2, n=40]
  ⏳ 'DENO' → task-deno
    ⚠️  bloc 1: facultatives absentes ['stimulus', 'status', 'response_time', 'accuracy'] → n/a
    ⚠️  bloc 2: facultatives absentes ['stimulus', 'status', 'response_time', 'accuracy'] → n/a
    ⚠️  bloc 3: facultatives absentes ['stimulus', 'status', 'response_time', 'accuracy'] → n/a
    ⚠️  bloc 4: facultatives absentes ['stimulus', 'status', 'response_time', 'accuracy'] → n/a
  📋 'DENO': 5 bloc(s) détecté(s)
    ✓ sub-001-0001-CMC_ses-01_task-deno_beh.tsv  [v=1, n=40]
    ✓ sub-001-0001-CMC_ses-02_task-deno_beh.tsv  [v=1, n=40]
    ✓ sub-001-0001-CMC_ses-03_task-deno_beh.tsv  [v=2, n=40]
    ✓ sub-001-0001-CMC_ses-04_task-deno_beh.tsv  [v=2, n=40]
    ⏭️  ses-05 > ses-04 ignoré (001-0001-CMC)
  ⏳ 'LECTURE' → task-lecture
  📋 'LECTURE': 4 bloc(s) détecté(s)
    ✓ sub-001-0001-CMC_ses-01_task-lecture_beh.tsv  [v=1, n=45]
    ⚠️  DOUBLON de session : ses-01 déjà vu au bloc 1 → bloc 2 va écraser le précédent
    ✓ sub-001-0001-CMC_ses-01_task-lecture_beh.tsv  [v=1, n=45]
    ✓ sub-001-0001-CMC_ses-03_task-lecture_beh.tsv  [v=2, n=45]
    ✓ sub-001-0001-CMC_ses-04_task-lecture_beh.tsv  [v=2, n=45]
  ⏳ 'BIP' → task-bip
    ⚠️  bloc 0: facultatives absentes ['personnalites_reconnues'] → n/a
    ⚠️  bloc 1: facultatives absentes ['personnalites_reconnues'] → n/a
    ⚠️  bloc 2: facultatives absentes ['personnalites_reconnues'] → n/a
    ⚠️  bloc 3: facultatives absentes ['personnalites_reconnues'] → n/a
  📋 'BIP': 4 bloc(s) détecté(s)
    ✓ sub-001-0001-CMC_ses-01_task-bip_beh.tsv  [v=1, n=14]
    ✓ sub-001-0001-CMC_ses-02_task-bip_beh.tsv  [v=1, n=14]
    ✓ sub-001-0001-CMC_ses-03_task-bip_beh.tsv  [v=2, n=14]
    ✓ sub-001-0001-CMC_ses-04_task-bip_beh.tsv  [v=2, n=14]
📂 sub-001-0004-MA  (3_TESTS_LANGAGIERS/001-004-MA.xlsx)
  ⏳ 'AS verbale' → task-asverbale
  📋 'AS verbale': 4 bloc(s) détecté(s)
    ✓ sub-001-0004-MA_ses-01_task-asverbale_beh.tsv  [v=1, n=26]
    ✓ sub-001-0004-MA_ses-02_task-asverbale_beh.tsv  [v=1, n=26]
    ✓ sub-001-0004-MA_ses-03_task-asverbale_beh.tsv  [v=2, n=26]
    ✓ sub-001-0004-MA_ses-04_task-asverbale_beh.tsv  [v=2, n=26]
  ⏳ 'AS visuelle' → task-asvisuelle
  📋 'AS visuelle': 4 bloc(s) détecté(s)
    ✓ sub-001-0004-MA_ses-01_task-asvisuelle_beh.tsv  [v=1, n=26]
    ✓ sub-001-0004-MA_ses-02_task-asvisuelle_beh.tsv  [v=1, n=26]
    ✓ sub-001-0004-MA_ses-03_task-asvisuelle_beh.tsv  [v=2, n=26]
    ✓ sub-001-0004-MA_ses-04_task-asvisuelle_beh.tsv  [v=2, n=26]
  ⏳ 'EXE verb.' → task-exeverb
  📋 'EXE verb.': 4 bloc(s) détecté(s)
    ✓ sub-001-0004-MA_ses-01_task-exeverb_beh.tsv  [v=1, n=26]
    ✓ sub-001-0004-MA_ses-02_task-exeverb_beh.tsv  [v=1, n=26]
    ✓ sub-001-0004-MA_ses-03_task-exeverb_beh.tsv  [v=2, n=26]
    ✓ sub-001-0004-MA_ses-04_task-exeverb_beh.tsv  [v=2, n=26]
  ⏳ 'EXE visu.' → task-exevisu
  📋 'EXE visu.': 4 bloc(s) détecté(s)
    ✓ sub-001-0004-MA_ses-01_task-exevisu_beh.tsv  [v=1, n=26]
    ✓ sub-001-0004-MA_ses-02_task-exevisu_beh.tsv  [v=1, n=26]
    ✓ sub-001-0004-MA_ses-03_task-exevisu_beh.tsv  [v=2, n=26]
    ✓ sub-001-0004-MA_ses-04_task-exevisu_beh.tsv  [v=2, n=26]
  ⏳ 'FLUENCE cat.' → task-fluencecat
  📋 'FLUENCE cat.': 4 bloc(s) détecté(s)
    ✓ sub-001-0004-MA_ses-01_task-fluencecat_beh.tsv  [v=1, n=4]
    ✓ sub-001-0004-MA_ses-02_task-fluencecat_beh.tsv  [v=1, n=4]
    ✓ sub-001-0004-MA_ses-03_task-fluencecat_beh.tsv  [v=2, n=4]
    ✓ sub-001-0004-MA_ses-04_task-fluencecat_beh.tsv  [v=2, n=4]
  ⏳ 'FLUENCE verb.' → task-fluenceverb
  📋 'FLUENCE verb.': 4 bloc(s) détecté(s)
    ✓ sub-001-0004-MA_ses-01_task-fluenceverb_beh.tsv  [v=1, n=9]
    ✓ sub-001-0004-MA_ses-02_task-fluenceverb_beh.tsv  [v=1, n=9]
    ✓ sub-001-0004-MA_ses-03_task-fluenceverb_beh.tsv  [v=2, n=9]
    ✓ sub-001-0004-MA_ses-04_task-fluenceverb_beh.tsv  [v=2, n=9]
  ⏳ 'DC cat.' → task-dccat
  📋 'DC cat.': 4 bloc(s) détecté(s)
    ✓ sub-001-0004-MA_ses-01_task-dccat_beh.tsv  [v=1, n=40]
    ✓ sub-001-0004-MA_ses-02_task-dccat_beh.tsv  [v=1, n=40]
    ✓ sub-001-0004-MA_ses-03_task-dccat_beh.tsv  [v=2, n=40]
    ✓ sub-001-0004-MA_ses-04_task-dccat_beh.tsv  [v=2, n=40]
  ⏳ 'DENO' → task-deno
    ⚠️  bloc 0: facultatives absentes ['response_time', 'accuracy'] → n/a
    ⚠️  bloc 1: facultatives absentes ['response_time', 'accuracy', 'response'] → n/a
    ⚠️  bloc 2: facultatives absentes ['response_time', 'accuracy', 'response'] → n/a
    ⚠️  bloc 3: facultatives absentes ['stimulus', 'status', 'response_time', 'accuracy'] → n/a
  📋 'DENO': 4 bloc(s) détecté(s)
    ✓ sub-001-0004-MA_ses-01_task-deno_beh.tsv  [v=1, n=40]
    ✓ sub-001-0004-MA_ses-02_task-deno_beh.tsv  [v=1, n=40]
    ✓ sub-001-0004-MA_ses-03_task-deno_beh.tsv  [v=2, n=40]
    ✓ sub-001-0004-MA_ses-04_task-deno_beh.tsv  [v=2, n=40]
  ⏳ 'LECTURE' → task-lecture
    ⚠️  bloc 0: facultatives absentes ['status', 'api_errors'] → n/a
    ⚠️  bloc 1: facultatives absentes ['status', 'api_errors'] → n/a
    ⚠️  bloc 2: facultatives absentes ['status', 'api_errors'] → n/a
    ⚠️  bloc 3: facultatives absentes ['status', 'api_errors'] → n/a
  📋 'LECTURE': 4 bloc(s) détecté(s)
    ✓ sub-001-0004-MA_ses-01_task-lecture_beh.tsv  [v=1, n=45]
    ✓ sub-001-0004-MA_ses-02_task-lecture_beh.tsv  [v=1, n=45]
    ✓ sub-001-0004-MA_ses-03_task-lecture_beh.tsv  [v=2, n=45]
    ✓ sub-001-0004-MA_ses-04_task-lecture_beh.tsv  [v=2, n=45]
  ⏳ 'BIP' → task-bip
    ⚠️  bloc 0: facultatives absentes ['category', 'personnalites_reconnues'] → n/a
    ⚠️  bloc 1: facultatives absentes ['category', 'personnalites_reconnues'] → n/a
    ⚠️  bloc 2: facultatives absentes ['category', 'personnalites_reconnues'] → n/a
    ⚠️  bloc 3: facultatives absentes ['category', 'personnalites_reconnues'] → n/a
  📋 'BIP': 4 bloc(s) détecté(s)
    ✓ sub-001-0004-MA_ses-01_task-bip_beh.tsv  [v=1, n=14]
    ✓ sub-001-0004-MA_ses-02_task-bip_beh.tsv  [v=1, n=14]
    ✓ sub-001-0004-MA_ses-03_task-bip_beh.tsv  [v=2, n=14]
    ✓ sub-001-0004-MA_ses-04_task-bip_beh.tsv  [v=2, n=14]
📂 sub-001-0005-LS  (001-0005-LS/0_001-005-LS.xlsx)
  ⏳ 'AS verbale' → task-asverbale
    ⚠️  bloc 0: 2 ligne(s) récap supprimée(s) (pas de '.bmp' dans ['19', '19'])
  📋 'AS verbale': 4 bloc(s) détecté(s)
    ✓ sub-001-0005-LS_ses-01_task-asverbale_beh.tsv  [v=1, n=26]
    ✓ sub-001-0005-LS_ses-02_task-asverbale_beh.tsv  [v=2, n=26]
    ✓ sub-001-0005-LS_ses-03_task-asverbale_beh.tsv  [v=2, n=26]
    ✓ sub-001-0005-LS_ses-04_task-asverbale_beh.tsv  [v=2, n=26]
  ⏳ 'AS visuelle' → task-asvisuelle
    ⚠️  bloc 0: 1 ligne(s) récap supprimée(s) (pas de '.bmp' dans ['25'])
  📋 'AS visuelle': 4 bloc(s) détecté(s)
    ✓ sub-001-0005-LS_ses-01_task-asvisuelle_beh.tsv  [v=1, n=26]
    ✓ sub-001-0005-LS_ses-02_task-asvisuelle_beh.tsv  [v=2, n=26]
    ✓ sub-001-0005-LS_ses-03_task-asvisuelle_beh.tsv  [v=2, n=26]
    ⚠️  DOUBLON de session : ses-03 déjà vu au bloc 3 → bloc 4 va écraser le précédent
    ✓ sub-001-0005-LS_ses-03_task-asvisuelle_beh.tsv  [v=2, n=26]
  ⏳ 'EXE verb.' → task-exeverb
  📋 'EXE verb.': 4 bloc(s) détecté(s)
    ✓ sub-001-0005-LS_ses-01_task-exeverb_beh.tsv  [v=1, n=26]
    ✓ sub-001-0005-LS_ses-02_task-exeverb_beh.tsv  [v=2, n=26]
    ✓ sub-001-0005-LS_ses-03_task-exeverb_beh.tsv  [v=2, n=26]
    ✓ sub-001-0005-LS_ses-04_task-exeverb_beh.tsv  [v=2, n=26]
  ⏳ 'EXE visu.' → task-exevisu
  📋 'EXE visu.': 4 bloc(s) détecté(s)
    ✓ sub-001-0005-LS_ses-01_task-exevisu_beh.tsv  [v=1, n=26]
    ✓ sub-001-0005-LS_ses-02_task-exevisu_beh.tsv  [v=2, n=26]
    ✓ sub-001-0005-LS_ses-03_task-exevisu_beh.tsv  [v=2, n=26]
    ⚠️  DOUBLON de session : ses-03 déjà vu au bloc 3 → bloc 4 va écraser le précédent
    ✓ sub-001-0005-LS_ses-03_task-exevisu_beh.tsv  [v=2, n=26]
  ⏳ 'FLUENCE cat.' → task-fluencecat
  📋 'FLUENCE cat.': 4 bloc(s) détecté(s)
    ✓ sub-001-0005-LS_ses-01_task-fluencecat_beh.tsv  [v=1, n=11]
    ✓ sub-001-0005-LS_ses-02_task-fluencecat_beh.tsv  [v=2, n=11]
    ✓ sub-001-0005-LS_ses-03_task-fluencecat_beh.tsv  [v=2, n=11]
    ✓ sub-001-0005-LS_ses-04_task-fluencecat_beh.tsv  [v=2, n=11]
  ⏳ 'FLUENCE verb.' → task-fluenceverb
  📋 'FLUENCE verb.': 4 bloc(s) détecté(s)
    ✓ sub-001-0005-LS_ses-01_task-fluenceverb_beh.tsv  [v=1, n=18]
    ✓ sub-001-0005-LS_ses-02_task-fluenceverb_beh.tsv  [v=2, n=18]
    ✓ sub-001-0005-LS_ses-03_task-fluenceverb_beh.tsv  [v=2, n=18]
    ✓ sub-001-0005-LS_ses-04_task-fluenceverb_beh.tsv  [v=2, n=18]
  ⏳ 'DC cat.' → task-dccat
  📋 'DC cat.': 4 bloc(s) détecté(s)
    ✓ sub-001-0005-LS_ses-01_task-dccat_beh.tsv  [v=1, n=40]
    ✓ sub-001-0005-LS_ses-02_task-dccat_beh.tsv  [v=2, n=40]
    ✓ sub-001-0005-LS_ses-03_task-dccat_beh.tsv  [v=2, n=40]
    ⚠️  DOUBLON de session : ses-03 déjà vu au bloc 3 → bloc 4 va écraser le précédent
    ✓ sub-001-0005-LS_ses-03_task-dccat_beh.tsv  [v=2, n=40]
  ⏳ 'DENO' → task-deno
    ⚠️  bloc 0: 1 ligne(s) récap supprimée(s) (pas de '.bmp' dans ['20'])
    ⚠️  bloc 2: facultatives absentes ['response_time', 'accuracy'] → n/a
    ⚠️  bloc 3: facultatives absentes ['response_time', 'accuracy'] → n/a
  📋 'DENO': 4 bloc(s) détecté(s)
    ✓ sub-001-0005-LS_ses-01_task-deno_beh.tsv  [v=1, n=40]
    ✓ sub-001-0005-LS_ses-02_task-deno_beh.tsv  [v=2, n=40]
    ✓ sub-001-0005-LS_ses-03_task-deno_beh.tsv  [v=2, n=40]
    ✓ sub-001-0005-LS_ses-04_task-deno_beh.tsv  [v=2, n=40]
  ⏳ 'LECTURE' → task-lecture
  📋 'LECTURE': 4 bloc(s) détecté(s)
    ✓ sub-001-0005-LS_ses-01_task-lecture_beh.tsv  [v=1, n=45]
    ✓ sub-001-0005-LS_ses-02_task-lecture_beh.tsv  [v=2, n=45]
    ✓ sub-001-0005-LS_ses-03_task-lecture_beh.tsv  [v=2, n=45]
    ✓ sub-001-0005-LS_ses-04_task-lecture_beh.tsv  [v=2, n=45]
  ⏳ 'BIP' → task-bip
    ⚠️  bloc 0: facultatives absentes ['category'] → n/a
    ⚠️  bloc 0: 1 doublon(s) de trial supprimé(s)
    ⚠️  bloc 1: facultatives absentes ['category'] → n/a
    ⚠️  bloc 2: facultatives absentes ['category'] → n/a
    ⚠️  bloc 3: facultatives absentes ['category'] → n/a
  📋 'BIP': 4 bloc(s) détecté(s)
    ✓ sub-001-0005-LS_ses-01_task-bip_beh.tsv  [v=1, n=14]
    ✓ sub-001-0005-LS_ses-02_task-bip_beh.tsv  [v=2, n=14]
    ✓ sub-001-0005-LS_ses-03_task-bip_beh.tsv  [v=2, n=14]
    ⚠️  DOUBLON de session : ses-03 déjà vu au bloc 3 → bloc 4 va écraser le précédent
    ✓ sub-001-0005-LS_ses-03_task-bip_beh.tsv  [v=2, n=14]
📂 sub-001-0005-LS  (001-0005-LS/001-003-LS.xlsx)
  ⏳ 'AS verbale' → task-asverbale
    ⚠️  bloc 0: 2 ligne(s) récap supprimée(s) (pas de '.bmp' dans ['19', '19'])
  📋 'AS verbale': 4 bloc(s) détecté(s)
    ✓ sub-001-0005-LS_ses-01_task-asverbale_beh.tsv  [v=1, n=26]
    ✓ sub-001-0005-LS_ses-02_task-asverbale_beh.tsv  [v=2, n=26]
    ✓ sub-001-0005-LS_ses-03_task-asverbale_beh.tsv  [v=2, n=26]
    ✓ sub-001-0005-LS_ses-04_task-asverbale_beh.tsv  [v=2, n=26]
  ⏳ 'AS visuelle' → task-asvisuelle
    ⚠️  bloc 0: 1 ligne(s) récap supprimée(s) (pas de '.bmp' dans ['25'])
  📋 'AS visuelle': 4 bloc(s) détecté(s)
    ✓ sub-001-0005-LS_ses-01_task-asvisuelle_beh.tsv  [v=1, n=26]
    ✓ sub-001-0005-LS_ses-02_task-asvisuelle_beh.tsv  [v=2, n=26]
    ✓ sub-001-0005-LS_ses-03_task-asvisuelle_beh.tsv  [v=2, n=26]
    ⚠️  DOUBLON de session : ses-03 déjà vu au bloc 3 → bloc 4 va écraser le précédent
    ✓ sub-001-0005-LS_ses-03_task-asvisuelle_beh.tsv  [v=2, n=26]
  ⏳ 'EXE verb.' → task-exeverb
  📋 'EXE verb.': 4 bloc(s) détecté(s)
    ✓ sub-001-0005-LS_ses-01_task-exeverb_beh.tsv  [v=1, n=26]
    ✓ sub-001-0005-LS_ses-02_task-exeverb_beh.tsv  [v=2, n=26]
    ✓ sub-001-0005-LS_ses-03_task-exeverb_beh.tsv  [v=2, n=26]
    ✓ sub-001-0005-LS_ses-04_task-exeverb_beh.tsv  [v=2, n=26]
  ⏳ 'EXE visu.' → task-exevisu
  📋 'EXE visu.': 4 bloc(s) détecté(s)
    ✓ sub-001-0005-LS_ses-01_task-exevisu_beh.tsv  [v=1, n=26]
    ✓ sub-001-0005-LS_ses-02_task-exevisu_beh.tsv  [v=2, n=26]
    ✓ sub-001-0005-LS_ses-03_task-exevisu_beh.tsv  [v=2, n=26]
    ⚠️  DOUBLON de session : ses-03 déjà vu au bloc 3 → bloc 4 va écraser le précédent
    ✓ sub-001-0005-LS_ses-03_task-exevisu_beh.tsv  [v=2, n=26]
  ⏳ 'FLUENCE cat.' → task-fluencecat
  📋 'FLUENCE cat.': 4 bloc(s) détecté(s)
    ✓ sub-001-0005-LS_ses-01_task-fluencecat_beh.tsv  [v=1, n=11]
    ✓ sub-001-0005-LS_ses-02_task-fluencecat_beh.tsv  [v=2, n=11]
    ✓ sub-001-0005-LS_ses-03_task-fluencecat_beh.tsv  [v=2, n=11]
    ✓ sub-001-0005-LS_ses-04_task-fluencecat_beh.tsv  [v=2, n=11]
  ⏳ 'FLUENCE verb.' → task-fluenceverb
  📋 'FLUENCE verb.': 4 bloc(s) détecté(s)
    ✓ sub-001-0005-LS_ses-01_task-fluenceverb_beh.tsv  [v=1, n=18]
    ✓ sub-001-0005-LS_ses-02_task-fluenceverb_beh.tsv  [v=2, n=18]
    ✓ sub-001-0005-LS_ses-03_task-fluenceverb_beh.tsv  [v=2, n=18]
    ✓ sub-001-0005-LS_ses-04_task-fluenceverb_beh.tsv  [v=2, n=18]
  ⏳ 'DC cat.' → task-dccat
  📋 'DC cat.': 4 bloc(s) détecté(s)
    ✓ sub-001-0005-LS_ses-01_task-dccat_beh.tsv  [v=1, n=40]
    ✓ sub-001-0005-LS_ses-02_task-dccat_beh.tsv  [v=2, n=40]
    ✓ sub-001-0005-LS_ses-03_task-dccat_beh.tsv  [v=2, n=40]
    ⚠️  DOUBLON de session : ses-03 déjà vu au bloc 3 → bloc 4 va écraser le précédent
    ✓ sub-001-0005-LS_ses-03_task-dccat_beh.tsv  [v=2, n=40]
  ⏳ 'DENO' → task-deno
    ⚠️  bloc 0: 1 ligne(s) récap supprimée(s) (pas de '.bmp' dans ['20'])
    ⚠️  bloc 2: facultatives absentes ['response_time', 'accuracy'] → n/a
    ⚠️  bloc 3: facultatives absentes ['response_time', 'accuracy'] → n/a
  📋 'DENO': 4 bloc(s) détecté(s)
    ✓ sub-001-0005-LS_ses-01_task-deno_beh.tsv  [v=1, n=40]
    ✓ sub-001-0005-LS_ses-02_task-deno_beh.tsv  [v=2, n=40]
    ✓ sub-001-0005-LS_ses-03_task-deno_beh.tsv  [v=2, n=40]
    ✓ sub-001-0005-LS_ses-04_task-deno_beh.tsv  [v=2, n=40]
  ⏳ 'LECTURE' → task-lecture
  📋 'LECTURE': 4 bloc(s) détecté(s)
    ✓ sub-001-0005-LS_ses-01_task-lecture_beh.tsv  [v=1, n=45]
    ✓ sub-001-0005-LS_ses-02_task-lecture_beh.tsv  [v=2, n=45]
    ✓ sub-001-0005-LS_ses-03_task-lecture_beh.tsv  [v=2, n=45]
    ✓ sub-001-0005-LS_ses-04_task-lecture_beh.tsv  [v=2, n=45]
  ⏳ 'BIP' → task-bip
    ⚠️  bloc 0: facultatives absentes ['category'] → n/a
    ⚠️  bloc 0: 1 doublon(s) de trial supprimé(s)
    ⚠️  bloc 1: facultatives absentes ['category'] → n/a
    ⚠️  bloc 2: facultatives absentes ['category'] → n/a
    ⚠️  bloc 3: facultatives absentes ['category'] → n/a
  📋 'BIP': 4 bloc(s) détecté(s)
    ✓ sub-001-0005-LS_ses-01_task-bip_beh.tsv  [v=1, n=14]
    ✓ sub-001-0005-LS_ses-02_task-bip_beh.tsv  [v=2, n=14]
    ✓ sub-001-0005-LS_ses-03_task-bip_beh.tsv  [v=2, n=14]
    ⚠️  DOUBLON de session : ses-03 déjà vu au bloc 3 → bloc 4 va écraser le précédent
    ✓ sub-001-0005-LS_ses-03_task-bip_beh.tsv  [v=2, n=14]
📂 sub-001-0006-CV  (001-0006-CV/01-006-CV.xlsx)
  ⏳ 'AS verbale' → task-asverbale
    ⚠️  bloc 0: 2 ligne(s) récap supprimée(s) (pas de '.bmp' dans ['16', '6469.8125'])
  📋 'AS verbale': 6 bloc(s) détecté(s)
    ✓ sub-001-0006-CV_ses-01_task-asverbale_beh.tsv  [v=1, n=26]
    ✓ sub-001-0006-CV_ses-02_task-asverbale_beh.tsv  [v=1, n=26]
    ✓ sub-001-0006-CV_ses-03_task-asverbale_beh.tsv  [v=2, n=26]
    ✓ sub-001-0006-CV_ses-04_task-asverbale_beh.tsv  [v=2, n=26]
    ⏭️  ses-05 > ses-04 ignoré (001-0006-CV)
    ⏭️  ses-06 > ses-04 ignoré (001-0006-CV)
  ⏳ 'AS visuelle' → task-asvisuelle
    ⚠️  bloc 0: 2 ligne(s) récap supprimée(s) (pas de '.bmp' dans ['19', '18'])
    ⚠️  bloc 3: colonnes introuvables ['session'] → ignoré
         noms détectés : ['PAT001-006-CV.3', 'Trial.3', 'condtarget', 'ImageDisplay2.ACC.3', 'ImageDisplay2.RT.3', 'RT CORR']
  📋 'AS visuelle': 5 bloc(s) détecté(s)
    ✓ sub-001-0006-CV_ses-01_task-asvisuelle_beh.tsv  [v=1, n=26]
    ✓ sub-001-0006-CV_ses-02_task-asvisuelle_beh.tsv  [v=1, n=26]
    ✓ sub-001-0006-CV_ses-03_task-asvisuelle_beh.tsv  [v=2, n=26]
    ⏭️  ses-05 > ses-04 ignoré (001-0006-CV)
    ⏭️  ses-06 > ses-04 ignoré (001-0006-CV)
  ⏳ 'EXE verb.' → task-exeverb
  📋 'EXE verb.': 6 bloc(s) détecté(s)
    ✓ sub-001-0006-CV_ses-01_task-exeverb_beh.tsv  [v=1, n=26]
    ✓ sub-001-0006-CV_ses-02_task-exeverb_beh.tsv  [v=1, n=26]
    ✓ sub-001-0006-CV_ses-03_task-exeverb_beh.tsv  [v=2, n=26]
    ✓ sub-001-0006-CV_ses-04_task-exeverb_beh.tsv  [v=2, n=26]
    ⏭️  ses-05 > ses-04 ignoré (001-0006-CV)
    ⏭️  ses-06 > ses-04 ignoré (001-0006-CV)
  ⏳ 'EXE visu.' → task-exevisu
  📋 'EXE visu.': 6 bloc(s) détecté(s)
    ✓ sub-001-0006-CV_ses-01_task-exevisu_beh.tsv  [v=1, n=26]
    ✓ sub-001-0006-CV_ses-02_task-exevisu_beh.tsv  [v=1, n=26]
    ✓ sub-001-0006-CV_ses-03_task-exevisu_beh.tsv  [v=2, n=26]
    ✓ sub-001-0006-CV_ses-04_task-exevisu_beh.tsv  [v=None, n=26]
    ⏭️  ses-05 > ses-04 ignoré (001-0006-CV)
    ⏭️  ses-06 > ses-04 ignoré (001-0006-CV)
  ⏳ 'FLUENCE cat.' → task-fluencecat
  📋 'FLUENCE cat.': 4 bloc(s) détecté(s)
    ✓ sub-001-0006-CV_ses-01_task-fluencecat_beh.tsv  [v=1, n=20]
    ✓ sub-001-0006-CV_ses-02_task-fluencecat_beh.tsv  [v=1, n=20]
    ✓ sub-001-0006-CV_ses-03_task-fluencecat_beh.tsv  [v=2, n=20]
    ✓ sub-001-0006-CV_ses-04_task-fluencecat_beh.tsv  [v=2, n=20]
  ⏳ 'FLUENCE verb.' → task-fluenceverb
  📋 'FLUENCE verb.': 4 bloc(s) détecté(s)
    ✓ sub-001-0006-CV_ses-01_task-fluenceverb_beh.tsv  [v=1, n=8]
    ✓ sub-001-0006-CV_ses-02_task-fluenceverb_beh.tsv  [v=1, n=8]
    ✓ sub-001-0006-CV_ses-03_task-fluenceverb_beh.tsv  [v=2, n=8]
    ✓ sub-001-0006-CV_ses-04_task-fluenceverb_beh.tsv  [v=2, n=8]
  ⏳ 'DC cat.' → task-dccat
    ⚠️  bloc 0: 1 doublon(s) de trial supprimé(s)
  📋 'DC cat.': 4 bloc(s) détecté(s)
    ✓ sub-001-0006-CV_ses-01_task-dccat_beh.tsv  [v=1, n=40]
    ✓ sub-001-0006-CV_ses-02_task-dccat_beh.tsv  [v=1, n=40]
    ✓ sub-001-0006-CV_ses-03_task-dccat_beh.tsv  [v=2, n=40]
    ✓ sub-001-0006-CV_ses-04_task-dccat_beh.tsv  [v=2, n=40]
  ⏳ 'DENO' → task-deno
    ⚠️  bloc 0: facultatives absentes ['response_time', 'accuracy'] → n/a
    ⚠️  bloc 0: 1 ligne(s) récap supprimée(s) (pas de '.bmp' dans ['2'])
    ⚠️  bloc 1: facultatives absentes ['response_time', 'accuracy'] → n/a
    ⚠️  bloc 2: facultatives absentes ['response_time', 'accuracy'] → n/a
    ⚠️  bloc 3: facultatives absentes ['response_time', 'accuracy'] → n/a
  📋 'DENO': 4 bloc(s) détecté(s)
    ✓ sub-001-0006-CV_ses-01_task-deno_beh.tsv  [v=1, n=40]
    ✓ sub-001-0006-CV_ses-02_task-deno_beh.tsv  [v=1, n=40]
    ✓ sub-001-0006-CV_ses-03_task-deno_beh.tsv  [v=2, n=40]
    ✓ sub-001-0006-CV_ses-04_task-deno_beh.tsv  [v=2, n=40]
  ⏳ 'LECTURE' → task-lecture
    ⚠️  bloc 0: facultatives absentes ['status', 'api_errors'] → n/a
    ⚠️  bloc 1: facultatives absentes ['status', 'api_errors'] → n/a
    ⚠️  bloc 2: facultatives absentes ['status', 'api_errors'] → n/a
    ⚠️  bloc 3: facultatives absentes ['status', 'api_errors'] → n/a
  📋 'LECTURE': 4 bloc(s) détecté(s)
    ✓ sub-001-0006-CV_ses-01_task-lecture_beh.tsv  [v=1, n=45]
    ✓ sub-001-0006-CV_ses-02_task-lecture_beh.tsv  [v=1, n=45]
    ✓ sub-001-0006-CV_ses-03_task-lecture_beh.tsv  [v=2, n=45]
    ✓ sub-001-0006-CV_ses-04_task-lecture_beh.tsv  [v=2, n=45]
  ⏳ 'BIP' → task-bip
    ⚠️  bloc 0: facultatives absentes ['category'] → n/a
    ⚠️  bloc 1: facultatives absentes ['category', 'personnalites_reconnues'] → n/a
    ⚠️  bloc 2: facultatives absentes ['category', 'personnalites_reconnues'] → n/a
    ⚠️  bloc 3: facultatives absentes ['personnalites_reconnues'] → n/a
  📋 'BIP': 4 bloc(s) détecté(s)
    ✓ sub-001-0006-CV_ses-01_task-bip_beh.tsv  [v=1, n=14]
    ✓ sub-001-0006-CV_ses-02_task-bip_beh.tsv  [v=1, n=14]
    ✓ sub-001-0006-CV_ses-03_task-bip_beh.tsv  [v=2, n=14]
    ⚠️  DOUBLON de session : ses-03 déjà vu au bloc 3 → bloc 4 va écraser le précédent
    ✓ sub-001-0006-CV_ses-03_task-bip_beh.tsv  [v=2, n=14]
📂 sub-001-0007-ME  (001-0007-ME/001-0007-ME.xlsx)
  ⏳ 'AS verbale' → task-asverbale
    ⚠️  bloc 0: 1 ligne(s) récap supprimée(s) (pas de '.bmp' dans ['24'])
  📋 'AS verbale': 4 bloc(s) détecté(s)
    ✓ sub-001-0007-ME_ses-01_task-asverbale_beh.tsv  [v=1, n=26]
    ✓ sub-001-0007-ME_ses-02_task-asverbale_beh.tsv  [v=1, n=26]
    ✓ sub-001-0007-ME_ses-03_task-asverbale_beh.tsv  [v=2, n=26]
    ⚠️  DOUBLON de session : ses-03 déjà vu au bloc 3 → bloc 4 va écraser le précédent
    ✓ sub-001-0007-ME_ses-03_task-asverbale_beh.tsv  [v=2, n=26]
  ⏳ 'AS visuelle' → task-asvisuelle
    ⚠️  bloc 0: 1 ligne(s) récap supprimée(s) (pas de '.bmp' dans [nan])
  📋 'AS visuelle': 4 bloc(s) détecté(s)
    ✓ sub-001-0007-ME_ses-01_task-asvisuelle_beh.tsv  [v=1, n=26]
    ✓ sub-001-0007-ME_ses-02_task-asvisuelle_beh.tsv  [v=1, n=26]
    ✓ sub-001-0007-ME_ses-03_task-asvisuelle_beh.tsv  [v=2, n=26]
    ⚠️  DOUBLON de session : ses-03 déjà vu au bloc 3 → bloc 4 va écraser le précédent
    ✓ sub-001-0007-ME_ses-03_task-asvisuelle_beh.tsv  [v=2, n=26]
  ⏳ 'EXE verb.' → task-exeverb
    ⚠️  bloc 0: 1 ligne(s) récap supprimée(s) (pas de '.tif' dans ['25'])
  📋 'EXE verb.': 4 bloc(s) détecté(s)
    ✓ sub-001-0007-ME_ses-01_task-exeverb_beh.tsv  [v=1, n=26]
    ✓ sub-001-0007-ME_ses-02_task-exeverb_beh.tsv  [v=1, n=26]
    ✓ sub-001-0007-ME_ses-03_task-exeverb_beh.tsv  [v=2, n=26]
    ⚠️  DOUBLON de session : ses-03 déjà vu au bloc 3 → bloc 4 va écraser le précédent
    ✓ sub-001-0007-ME_ses-03_task-exeverb_beh.tsv  [v=2, n=26]
  ⏳ 'EXE visu.' → task-exevisu
  📋 'EXE visu.': 4 bloc(s) détecté(s)
    ✓ sub-001-0007-ME_ses-01_task-exevisu_beh.tsv  [v=1, n=26]
    ✓ sub-001-0007-ME_ses-02_task-exevisu_beh.tsv  [v=1, n=26]
    ✓ sub-001-0007-ME_ses-03_task-exevisu_beh.tsv  [v=2, n=26]
    ✓ sub-001-0007-ME_ses-04_task-exevisu_beh.tsv  [v=2, n=26]
  ⏳ 'FLUENCE cat.' → task-fluencecat
  📋 'FLUENCE cat.': 4 bloc(s) détecté(s)
    ✓ sub-001-0007-ME_ses-01_task-fluencecat_beh.tsv  [v=1, n=13]
    ✓ sub-001-0007-ME_ses-02_task-fluencecat_beh.tsv  [v=1, n=13]
    ✓ sub-001-0007-ME_ses-03_task-fluencecat_beh.tsv  [v=2, n=13]
    ✓ sub-001-0007-ME_ses-04_task-fluencecat_beh.tsv  [v=2, n=13]
  ⏳ 'FLUENCE verb.' → task-fluenceverb
  📋 'FLUENCE verb.': 4 bloc(s) détecté(s)
    ✓ sub-001-0007-ME_ses-01_task-fluenceverb_beh.tsv  [v=1, n=16]
    ✓ sub-001-0007-ME_ses-02_task-fluenceverb_beh.tsv  [v=1, n=16]
    ✓ sub-001-0007-ME_ses-03_task-fluenceverb_beh.tsv  [v=2, n=16]
    ⚠️  DOUBLON de session : ses-03 déjà vu au bloc 3 → bloc 4 va écraser le précédent
    ✓ sub-001-0007-ME_ses-03_task-fluenceverb_beh.tsv  [v=2, n=16]
  ⏳ 'DC cat.' → task-dccat
  📋 'DC cat.': 4 bloc(s) détecté(s)
    ✓ sub-001-0007-ME_ses-01_task-dccat_beh.tsv  [v=1, n=40]
    ✓ sub-001-0007-ME_ses-02_task-dccat_beh.tsv  [v=1, n=40]
    ✓ sub-001-0007-ME_ses-03_task-dccat_beh.tsv  [v=2, n=40]
    ✓ sub-001-0007-ME_ses-04_task-dccat_beh.tsv  [v=2, n=40]
  ⏳ 'DENO' → task-deno
    ⚠️  bloc 0: facultatives absentes ['status'] → n/a
    ⚠️  bloc 0: 1 ligne(s) récap supprimée(s) (pas de '.bmp' dans ['32'])
    ⚠️  bloc 1: facultatives absentes ['status'] → n/a
    ⚠️  bloc 2: facultatives absentes ['status', 'response_time', 'accuracy'] → n/a
    ⚠️  bloc 3: facultatives absentes ['stimulus', 'status', 'response_time', 'accuracy'] → n/a
  📋 'DENO': 4 bloc(s) détecté(s)
    ✓ sub-001-0007-ME_ses-01_task-deno_beh.tsv  [v=1, n=40]
    ✓ sub-001-0007-ME_ses-02_task-deno_beh.tsv  [v=1, n=40]
    ✓ sub-001-0007-ME_ses-03_task-deno_beh.tsv  [v=2, n=40]
    ⚠️  DOUBLON de session : ses-03 déjà vu au bloc 3 → bloc 4 va écraser le précédent
    ✓ sub-001-0007-ME_ses-03_task-deno_beh.tsv  [v=2, n=40]
  ⏳ 'LECTURE' → task-lecture
    ⚠️  bloc 0: facultatives absentes ['status', 'api_errors'] → n/a
    ⚠️  bloc 1: facultatives absentes ['status', 'api_errors'] → n/a
    ⚠️  bloc 2: facultatives absentes ['status', 'api_errors'] → n/a
    ⚠️  bloc 3: facultatives absentes ['status', 'api_errors'] → n/a
  📋 'LECTURE': 4 bloc(s) détecté(s)
    ✓ sub-001-0007-ME_ses-01_task-lecture_beh.tsv  [v=1, n=45]
    ✓ sub-001-0007-ME_ses-02_task-lecture_beh.tsv  [v=1, n=45]
    ✓ sub-001-0007-ME_ses-03_task-lecture_beh.tsv  [v=2, n=45]
    ✓ sub-001-0007-ME_ses-04_task-lecture_beh.tsv  [v=2, n=45]
  ⏳ 'BIP' → task-bip
    ⚠️  bloc 0: facultatives absentes ['category'] → n/a
    ⚠️  bloc 0: 2 doublon(s) de trial supprimé(s)
    ⚠️  bloc 1: facultatives absentes ['category'] → n/a
    ⚠️  bloc 2: facultatives absentes ['category'] → n/a
    ⚠️  bloc 3: facultatives absentes ['category', 'personnalites_reconnues'] → n/a
  📋 'BIP': 4 bloc(s) détecté(s)
    ✓ sub-001-0007-ME_ses-01_task-bip_beh.tsv  [v=1, n=14]
    ✓ sub-001-0007-ME_ses-02_task-bip_beh.tsv  [v=1, n=14]
    ✓ sub-001-0007-ME_ses-03_task-bip_beh.tsv  [v=2, n=14]
    ⚠️  DOUBLON de session : ses-03 déjà vu au bloc 3 → bloc 4 va écraser le précédent
    ✓ sub-001-0007-ME_ses-03_task-bip_beh.tsv  [v=2, n=14]
📂 sub-001-0008-LD  (001-0008-LD/001-008-LD.xlsx)
  ⏳ 'AS verbale' → task-asverbale
    ⚠️  bloc 0: 1 ligne(s) récap supprimée(s) (pas de '.bmp' dans ['23'])
  📋 'AS verbale': 4 bloc(s) détecté(s)
    ✓ sub-001-0008-LD_ses-01_task-asverbale_beh.tsv  [v=1, n=26]
    ✓ sub-001-0008-LD_ses-02_task-asverbale_beh.tsv  [v=1, n=26]
    ✓ sub-001-0008-LD_ses-03_task-asverbale_beh.tsv  [v=2, n=26]
    ✓ sub-001-0008-LD_ses-04_task-asverbale_beh.tsv  [v=2, n=26]
  ⏳ 'AS visuelle' → task-asvisuelle
    ⚠️  bloc 0: 1 ligne(s) récap supprimée(s) (pas de '.bmp' dans ['24'])
  📋 'AS visuelle': 4 bloc(s) détecté(s)
    ✓ sub-001-0008-LD_ses-01_task-asvisuelle_beh.tsv  [v=1, n=26]
    ✓ sub-001-0008-LD_ses-02_task-asvisuelle_beh.tsv  [v=1, n=26]
    ✓ sub-001-0008-LD_ses-03_task-asvisuelle_beh.tsv  [v=2, n=26]
    ✓ sub-001-0008-LD_ses-04_task-asvisuelle_beh.tsv  [v=2, n=26]
  ⏳ 'EXE verb.' → task-exeverb
    ⚠️  bloc 0: 1 ligne(s) récap supprimée(s) (pas de '.tif' dans ['26'])
  📋 'EXE verb.': 4 bloc(s) détecté(s)
    ✓ sub-001-0008-LD_ses-01_task-exeverb_beh.tsv  [v=1, n=26]
    ✓ sub-001-0008-LD_ses-02_task-exeverb_beh.tsv  [v=1, n=26]
    ✓ sub-001-0008-LD_ses-03_task-exeverb_beh.tsv  [v=2, n=26]
    ✓ sub-001-0008-LD_ses-04_task-exeverb_beh.tsv  [v=2, n=26]
  ⏳ 'EXE visu.' → task-exevisu
    ⚠️  bloc 0: 1 ligne(s) récap supprimée(s) (pas de '.tif' dans ['26'])
  📋 'EXE visu.': 4 bloc(s) détecté(s)
    ✓ sub-001-0008-LD_ses-01_task-exevisu_beh.tsv  [v=1, n=26]
    ✓ sub-001-0008-LD_ses-02_task-exevisu_beh.tsv  [v=1, n=26]
    ✓ sub-001-0008-LD_ses-03_task-exevisu_beh.tsv  [v=2, n=26]
    ⚠️  DOUBLON de session : ses-03 déjà vu au bloc 3 → bloc 4 va écraser le précédent
    ✓ sub-001-0008-LD_ses-03_task-exevisu_beh.tsv  [v=2, n=26]
  ⏳ 'FLUENCE cat.' → task-fluencecat
  📋 'FLUENCE cat.': 4 bloc(s) détecté(s)
    ✓ sub-001-0008-LD_ses-01_task-fluencecat_beh.tsv  [v=1, n=9]
    ⚠️  DOUBLON de session : ses-01 déjà vu au bloc 1 → bloc 2 va écraser le précédent
    ✓ sub-001-0008-LD_ses-01_task-fluencecat_beh.tsv  [v=1, n=9]
    ✓ sub-001-0008-LD_ses-03_task-fluencecat_beh.tsv  [v=2, n=9]
    ✓ sub-001-0008-LD_ses-04_task-fluencecat_beh.tsv  [v=2, n=9]
  ⏳ 'FLUENCE verb.' → task-fluenceverb
  📋 'FLUENCE verb.': 4 bloc(s) détecté(s)
    ✓ sub-001-0008-LD_ses-01_task-fluenceverb_beh.tsv  [v=1, n=29]
    ⚠️  DOUBLON de session : ses-01 déjà vu au bloc 1 → bloc 2 va écraser le précédent
    ✓ sub-001-0008-LD_ses-01_task-fluenceverb_beh.tsv  [v=1, n=29]
    ✓ sub-001-0008-LD_ses-03_task-fluenceverb_beh.tsv  [v=2, n=29]
    ✓ sub-001-0008-LD_ses-04_task-fluenceverb_beh.tsv  [v=2, n=29]
  ⏳ 'DC cat.' → task-dccat
  📋 'DC cat.': 4 bloc(s) détecté(s)
    ✓ sub-001-0008-LD_ses-01_task-dccat_beh.tsv  [v=1, n=40]
    ✓ sub-001-0008-LD_ses-02_task-dccat_beh.tsv  [v=1, n=40]
    ✓ sub-001-0008-LD_ses-03_task-dccat_beh.tsv  [v=2, n=40]
    ✓ sub-001-0008-LD_ses-04_task-dccat_beh.tsv  [v=2, n=40]
  ⏳ 'DENO' → task-deno
    ⚠️  bloc 0: colonnes introuvables ['session'] → ignoré
         noms détectés : ['PAT001-008-LD', 'Trial', 'Status', 'Stimulus', 'Réponse', ' R après coup', 'SCORE : bonne réponse', 'Unnamed: 11']
    ⚠️  bloc 1: facultatives absentes ['response_time', 'accuracy'] → n/a
    ⚠️  bloc 2: facultatives absentes ['response_time', 'accuracy'] → n/a
    ⚠️  bloc 3: facultatives absentes ['response_time', 'accuracy'] → n/a
  📋 'DENO': 3 bloc(s) détecté(s)
    ✓ sub-001-0008-LD_ses-02_task-deno_beh.tsv  [v=1, n=40]
    ✓ sub-001-0008-LD_ses-03_task-deno_beh.tsv  [v=2, n=40]
    ⚠️  DOUBLON de session : ses-03 déjà vu au bloc 2 → bloc 3 va écraser le précédent
    ✓ sub-001-0008-LD_ses-03_task-deno_beh.tsv  [v=2, n=40]
  ⏳ 'LECTURE' → task-lecture
    ⚠️  bloc 0: colonnes introuvables ['session'] → ignoré
         noms détectés : ['PAT001-008-LD', 'Trial', 'Status', 'Stimulus', 'Réponse', 'API']
  📋 'LECTURE': 3 bloc(s) détecté(s)
    ✓ sub-001-0008-LD_ses-02_task-lecture_beh.tsv  [v=1, n=45]
    ✓ sub-001-0008-LD_ses-03_task-lecture_beh.tsv  [v=2, n=45]
    ✓ sub-001-0008-LD_ses-04_task-lecture_beh.tsv  [v=2, n=45]
  ⏳ 'BIP' → task-bip
    ⚠️  bloc 0: facultatives absentes ['category'] → n/a
    ⚠️  bloc 0: 1 doublon(s) de trial supprimé(s)
    ⚠️  bloc 1: facultatives absentes ['category'] → n/a
    ⚠️  bloc 2: facultatives absentes ['category', 'personnalites_reconnues'] → n/a
    ⚠️  bloc 3: facultatives absentes ['category', 'personnalites_reconnues'] → n/a
  📋 'BIP': 4 bloc(s) détecté(s)
    ✓ sub-001-0008-LD_ses-01_task-bip_beh.tsv  [v=1, n=14]
    ✓ sub-001-0008-LD_ses-02_task-bip_beh.tsv  [v=1, n=14]
    ✓ sub-001-0008-LD_ses-04_task-bip_beh.tsv  [v=2, n=14]
    ⚠️  DOUBLON de session : ses-01 déjà vu au bloc 1 → bloc 4 va écraser le précédent
    ✓ sub-001-0008-LD_ses-01_task-bip_beh.tsv  [v=1, n=14]
📂 sub-001-0010-LM  (001-0010-LM/001-009-LM.xlsx)
  ⏳ 'AS verbale' → task-asverbale
    ⚠️  bloc 0: 1 ligne(s) récap supprimée(s) (pas de '.bmp' dans ['14'])
  📋 'AS verbale': 5 bloc(s) détecté(s)
    ✓ sub-001-0010-LM_ses-01_task-asverbale_beh.tsv  [v=1, n=26]
    ✓ sub-001-0010-LM_ses-02_task-asverbale_beh.tsv  [v=1, n=26]
    ✓ sub-001-0010-LM_ses-03_task-asverbale_beh.tsv  [v=2, n=26]
    ✓ sub-001-0010-LM_ses-04_task-asverbale_beh.tsv  [v=2, n=26]
    ⏭️  ses-05 > ses-04 ignoré (001-0010-LM)
  ⏳ 'AS visuelle' → task-asvisuelle
    ⚠️  bloc 0: 1 ligne(s) récap supprimée(s) (pas de '.bmp' dans ['17'])
  📋 'AS visuelle': 5 bloc(s) détecté(s)
    ✓ sub-001-0010-LM_ses-01_task-asvisuelle_beh.tsv  [v=1, n=26]
    ⚠️  DOUBLON de session : ses-01 déjà vu au bloc 1 → bloc 2 va écraser le précédent
    ✓ sub-001-0010-LM_ses-01_task-asvisuelle_beh.tsv  [v=1, n=26]
    ✓ sub-001-0010-LM_ses-03_task-asvisuelle_beh.tsv  [v=2, n=26]
    ✓ sub-001-0010-LM_ses-04_task-asvisuelle_beh.tsv  [v=2, n=26]
    ⏭️  ses-05 > ses-04 ignoré (001-0010-LM)
  ⏳ 'EXE verb.' → task-exeverb
    ⚠️  bloc 0: 1 ligne(s) récap supprimée(s) (pas de '.tif' dans ['26'])
  📋 'EXE verb.': 4 bloc(s) détecté(s)
    ✓ sub-001-0010-LM_ses-01_task-exeverb_beh.tsv  [v=1, n=26]
    ✓ sub-001-0010-LM_ses-02_task-exeverb_beh.tsv  [v=1, n=26]
    ✓ sub-001-0010-LM_ses-03_task-exeverb_beh.tsv  [v=2, n=26]
    ✓ sub-001-0010-LM_ses-04_task-exeverb_beh.tsv  [v=2, n=26]
  ⏳ 'EXE visu.' → task-exevisu
  📋 'EXE visu.': 4 bloc(s) détecté(s)
    ✓ sub-001-0010-LM_ses-01_task-exevisu_beh.tsv  [v=1, n=26]
    ✓ sub-001-0010-LM_ses-02_task-exevisu_beh.tsv  [v=1, n=26]
    ✓ sub-001-0010-LM_ses-03_task-exevisu_beh.tsv  [v=2, n=26]
    ✓ sub-001-0010-LM_ses-04_task-exevisu_beh.tsv  [v=2, n=26]
  ⏳ 'FLUENCE cat.' → task-fluencecat
  📋 'FLUENCE cat.': 4 bloc(s) détecté(s)
    ✓ sub-001-0010-LM_ses-01_task-fluencecat_beh.tsv  [v=1, n=10]
    ✓ sub-001-0010-LM_ses-02_task-fluencecat_beh.tsv  [v=1, n=10]
    ✓ sub-001-0010-LM_ses-03_task-fluencecat_beh.tsv  [v=2, n=10]
    ✓ sub-001-0010-LM_ses-04_task-fluencecat_beh.tsv  [v=2, n=10]
  ⏳ 'FLUENCE verb.' → task-fluenceverb
  📋 'FLUENCE verb.': 4 bloc(s) détecté(s)
    ✓ sub-001-0010-LM_ses-01_task-fluenceverb_beh.tsv  [v=1, n=18]
    ✓ sub-001-0010-LM_ses-02_task-fluenceverb_beh.tsv  [v=1, n=18]
    ✓ sub-001-0010-LM_ses-03_task-fluenceverb_beh.tsv  [v=2, n=18]
    ✓ sub-001-0010-LM_ses-04_task-fluenceverb_beh.tsv  [v=2, n=18]
  ⏳ 'DC cat.' → task-dccat
    ⚠️  bloc 0: 1 doublon(s) de trial supprimé(s)
  📋 'DC cat.': 4 bloc(s) détecté(s)
    ✓ sub-001-0010-LM_ses-01_task-dccat_beh.tsv  [v=1, n=40]
    ✓ sub-001-0010-LM_ses-02_task-dccat_beh.tsv  [v=1, n=40]
    ✓ sub-001-0010-LM_ses-03_task-dccat_beh.tsv  [v=2, n=40]
    ⚠️  DOUBLON de session : ses-03 déjà vu au bloc 3 → bloc 4 va écraser le précédent
    ✓ sub-001-0010-LM_ses-03_task-dccat_beh.tsv  [v=2, n=40]
  ⏳ 'DENO' → task-deno
    ⚠️  bloc 0: facultatives absentes ['response_time', 'accuracy'] → n/a
    ⚠️  bloc 0: 1 ligne(s) récap supprimée(s) (pas de '.bmp' dans ['19'])
    ⚠️  bloc 1: facultatives absentes ['status', 'response_time', 'accuracy'] → n/a
    ⚠️  bloc 2: facultatives absentes ['response_time', 'accuracy'] → n/a
    ⚠️  bloc 3: facultatives absentes ['response_time', 'accuracy'] → n/a
  📋 'DENO': 4 bloc(s) détecté(s)
    ✓ sub-001-0010-LM_ses-01_task-deno_beh.tsv  [v=1, n=40]
    ✓ sub-001-0010-LM_ses-02_task-deno_beh.tsv  [v=1, n=40]
    ✓ sub-001-0010-LM_ses-03_task-deno_beh.tsv  [v=2, n=40]
    ✓ sub-001-0010-LM_ses-04_task-deno_beh.tsv  [v=2, n=40]
  ⏳ 'LECTURE' → task-lecture
    ⚠️  bloc 0: facultatives absentes ['status'] → n/a
    ⚠️  bloc 2: colonnes introuvables ['accuracy'] → ignoré
         noms détectés : ['PAT001-009-LM.2', 'Version.2', 'Session.2', 'Trial.2']
  📋 'LECTURE': 3 bloc(s) détecté(s)
    ✓ sub-001-0010-LM_ses-01_task-lecture_beh.tsv  [v=1, n=45]
    ✓ sub-001-0010-LM_ses-02_task-lecture_beh.tsv  [v=1, n=45]
    ✓ sub-001-0010-LM_ses-03_task-lecture_beh.tsv  [v=2, n=45]
  ⏳ 'BIP' → task-bip
    ⚠️  bloc 0: facultatives absentes ['category'] → n/a
    ⚠️  bloc 0: 1 doublon(s) de trial supprimé(s)
    ⚠️  bloc 1: facultatives absentes ['category', 'personnalites_reconnues'] → n/a
    ⚠️  bloc 2: facultatives absentes ['category', 'personnalites_reconnues'] → n/a
    ⚠️  bloc 3: facultatives absentes ['category', 'personnalites_reconnues'] → n/a
  📋 'BIP': 4 bloc(s) détecté(s)
    ✓ sub-001-0010-LM_ses-01_task-bip_beh.tsv  [v=1, n=14]
    ✓ sub-001-0010-LM_ses-02_task-bip_beh.tsv  [v=1, n=14]
    ✓ sub-001-0010-LM_ses-03_task-bip_beh.tsv  [v=2, n=14]
    ✓ sub-001-0010-LM_ses-04_task-bip_beh.tsv  [v=2, n=14]
📂 sub-001-0014-BS  (3_TESTS_LANGAGIERS/001-0012-BS.xlsx)
  ⏳ 'AS verbale' → task-asverbale
  📋 'AS verbale': 5 bloc(s) détecté(s)
    ✓ sub-001-0014-BS_ses-01_task-asverbale_beh.tsv  [v=1, n=26]
    ✓ sub-001-0014-BS_ses-02_task-asverbale_beh.tsv  [v=1, n=26]
    ✓ sub-001-0014-BS_ses-03_task-asverbale_beh.tsv  [v=2, n=26]
    ✓ sub-001-0014-BS_ses-04_task-asverbale_beh.tsv  [v=2, n=26]
    ⏭️  ses-05 > ses-04 ignoré (001-0014-BS)
  ⏳ 'AS visuelle' → task-asvisuelle
  📋 'AS visuelle': 5 bloc(s) détecté(s)
    ✓ sub-001-0014-BS_ses-01_task-asvisuelle_beh.tsv  [v=1, n=26]
    ✓ sub-001-0014-BS_ses-02_task-asvisuelle_beh.tsv  [v=1, n=26]
    ✓ sub-001-0014-BS_ses-03_task-asvisuelle_beh.tsv  [v=2, n=26]
    ✓ sub-001-0014-BS_ses-04_task-asvisuelle_beh.tsv  [v=2, n=26]
    ⏭️  ses-05 > ses-04 ignoré (001-0014-BS)
  ⏳ 'EXE verb.' → task-exeverb
  📋 'EXE verb.': 4 bloc(s) détecté(s)
    ✓ sub-001-0014-BS_ses-01_task-exeverb_beh.tsv  [v=1, n=26]
    ✓ sub-001-0014-BS_ses-02_task-exeverb_beh.tsv  [v=1, n=26]
    ✓ sub-001-0014-BS_ses-03_task-exeverb_beh.tsv  [v=2, n=26]
    ✓ sub-001-0014-BS_ses-04_task-exeverb_beh.tsv  [v=2, n=26]
  ⏳ 'EXE visu.' → task-exevisu
  📋 'EXE visu.': 4 bloc(s) détecté(s)
    ✓ sub-001-0014-BS_ses-01_task-exevisu_beh.tsv  [v=1, n=26]
    ⚠️  DOUBLON de session : ses-01 déjà vu au bloc 1 → bloc 2 va écraser le précédent
    ✓ sub-001-0014-BS_ses-01_task-exevisu_beh.tsv  [v=1, n=26]
    ✓ sub-001-0014-BS_ses-03_task-exevisu_beh.tsv  [v=2, n=26]
    ✓ sub-001-0014-BS_ses-04_task-exevisu_beh.tsv  [v=2, n=26]
  ⏳ 'FLUENCE cat.' → task-fluencecat
    ⚠️  bloc 1: colonnes introuvables ['item_text'] → ignoré
         noms détectés : ['PAT001-0012-BS.1', 'Version.1', 'Session.1', 'Nombre.1']
  📋 'FLUENCE cat.': 3 bloc(s) détecté(s)
    ✓ sub-001-0014-BS_ses-01_task-fluencecat_beh.tsv  [v=1, n=14]
    ✓ sub-001-0014-BS_ses-03_task-fluencecat_beh.tsv  [v=2, n=14]
    ✓ sub-001-0014-BS_ses-04_task-fluencecat_beh.tsv  [v=2, n=14]
  ⏳ 'FLUENCE verb.' → task-fluenceverb
  📋 'FLUENCE verb.': 4 bloc(s) détecté(s)
    ✓ sub-001-0014-BS_ses-01_task-fluenceverb_beh.tsv  [v=1, n=18]
    ✓ sub-001-0014-BS_ses-02_task-fluenceverb_beh.tsv  [v=1, n=18]
    ✓ sub-001-0014-BS_ses-03_task-fluenceverb_beh.tsv  [v=2, n=18]
    ✓ sub-001-0014-BS_ses-04_task-fluenceverb_beh.tsv  [v=2, n=18]
  ⏳ 'DC cat.' → task-dccat
  📋 'DC cat.': 5 bloc(s) détecté(s)
    ✓ sub-001-0014-BS_ses-01_task-dccat_beh.tsv  [v=2, n=40]
    ✓ sub-001-0014-BS_ses-02_task-dccat_beh.tsv  [v=1, n=40]
    ✓ sub-001-0014-BS_ses-03_task-dccat_beh.tsv  [v=2, n=40]
    ✓ sub-001-0014-BS_ses-04_task-dccat_beh.tsv  [v=2, n=40]
    ⏭️  ses-05 > ses-04 ignoré (001-0014-BS)
  ⏳ 'DENO' → task-deno
    ⚠️  bloc 0: facultatives absentes ['response_time', 'accuracy'] → n/a
    ⚠️  bloc 0: 1 ligne(s) récap supprimée(s) (pas de '.bmp' dans ['4'])
    ⚠️  bloc 1: facultatives absentes ['response_time', 'accuracy'] → n/a
    ⚠️  bloc 2: facultatives absentes ['response_time', 'accuracy'] → n/a
    ⚠️  bloc 3: facultatives absentes ['response_time', 'accuracy'] → n/a
  📋 'DENO': 4 bloc(s) détecté(s)
    ✓ sub-001-0014-BS_ses-01_task-deno_beh.tsv  [v=1, n=40]
    ✓ sub-001-0014-BS_ses-02_task-deno_beh.tsv  [v=1, n=40]
    ✓ sub-001-0014-BS_ses-03_task-deno_beh.tsv  [v=2, n=40]
    ✓ sub-001-0014-BS_ses-04_task-deno_beh.tsv  [v=2, n=40]
  ⏳ 'LECTURE' → task-lecture
    ⚠️  bloc 0: facultatives absentes ['api_errors'] → n/a
    ⚠️  bloc 0: 1 doublon(s) de trial supprimé(s)
    ⚠️  bloc 1: facultatives absentes ['status', 'api_errors'] → n/a
    ⚠️  bloc 2: facultatives absentes ['api_errors'] → n/a
    ⚠️  bloc 3: facultatives absentes ['stimulus', 'api_errors'] → n/a
  📋 'LECTURE': 4 bloc(s) détecté(s)
    ✓ sub-001-0014-BS_ses-01_task-lecture_beh.tsv  [v=1, n=45]
    ⚠️  DOUBLON de session : ses-01 déjà vu au bloc 1 → bloc 2 va écraser le précédent
    ✓ sub-001-0014-BS_ses-01_task-lecture_beh.tsv  [v=1, n=45]
    ✓ sub-001-0014-BS_ses-03_task-lecture_beh.tsv  [v=2, n=45]
    ✓ sub-001-0014-BS_ses-04_task-lecture_beh.tsv  [v=2, n=45]
  ⏳ 'BIP' → task-bip
    ⚠️  bloc 0: facultatives absentes ['category', 'personnalites_reconnues'] → n/a
    ⚠️  bloc 1: facultatives absentes ['category'] → n/a
    ⚠️  bloc 2: facultatives absentes ['category', 'personnalites_reconnues'] → n/a
    ⚠️  bloc 3: facultatives absentes ['personnalites_reconnues'] → n/a
  📋 'BIP': 4 bloc(s) détecté(s)
    ✓ sub-001-0014-BS_ses-01_task-bip_beh.tsv  [v=1, n=14]
    ✓ sub-001-0014-BS_ses-02_task-bip_beh.tsv  [v=1, n=14]
    ✓ sub-001-0014-BS_ses-03_task-bip_beh.tsv  [v=2, n=14]
    ✓ sub-001-0014-BS_ses-04_task-bip_beh.tsv  [v=2, n=14]
📂 sub-001-0016-BJC  (3_TESTS_LANGAGIERS/001-0017-BJC.xlsx)
  ⏳ 'AS verbale' → task-asverbale
    ⚠️  bloc 0: 1 ligne(s) récap supprimée(s) (pas de '.bmp' dans ['19'])
  📋 'AS verbale': 4 bloc(s) détecté(s)
    ✓ sub-001-0016-BJC_ses-01_task-asverbale_beh.tsv  [v=1, n=26]
    ✓ sub-001-0016-BJC_ses-02_task-asverbale_beh.tsv  [v=1, n=26]
    ✓ sub-001-0016-BJC_ses-03_task-asverbale_beh.tsv  [v=2, n=26]
    ✓ sub-001-0016-BJC_ses-04_task-asverbale_beh.tsv  [v=2, n=26]
  ⏳ 'AS visuelle' → task-asvisuelle
  📋 'AS visuelle': 4 bloc(s) détecté(s)
    ✓ sub-001-0016-BJC_ses-01_task-asvisuelle_beh.tsv  [v=1, n=26]
    ✓ sub-001-0016-BJC_ses-02_task-asvisuelle_beh.tsv  [v=1, n=26]
    ✓ sub-001-0016-BJC_ses-03_task-asvisuelle_beh.tsv  [v=2, n=26]
    ✓ sub-001-0016-BJC_ses-04_task-asvisuelle_beh.tsv  [v=2, n=26]
  ⏳ 'EXE verb.' → task-exeverb
  📋 'EXE verb.': 4 bloc(s) détecté(s)
    ✓ sub-001-0016-BJC_ses-01_task-exeverb_beh.tsv  [v=1, n=26]
    ✓ sub-001-0016-BJC_ses-02_task-exeverb_beh.tsv  [v=1, n=26]
    ✓ sub-001-0016-BJC_ses-03_task-exeverb_beh.tsv  [v=2, n=26]
    ✓ sub-001-0016-BJC_ses-04_task-exeverb_beh.tsv  [v=2, n=26]
  ⏳ 'EXE visu.' → task-exevisu
  📋 'EXE visu.': 4 bloc(s) détecté(s)
    ✓ sub-001-0016-BJC_ses-01_task-exevisu_beh.tsv  [v=1, n=26]
    ⚠️  DOUBLON de session : ses-01 déjà vu au bloc 1 → bloc 2 va écraser le précédent
    ✓ sub-001-0016-BJC_ses-01_task-exevisu_beh.tsv  [v=1, n=26]
    ✓ sub-001-0016-BJC_ses-03_task-exevisu_beh.tsv  [v=2, n=26]
    ✓ sub-001-0016-BJC_ses-04_task-exevisu_beh.tsv  [v=2, n=26]
  ⏳ 'FLUENCE cat.' → task-fluencecat
  📋 'FLUENCE cat.': 4 bloc(s) détecté(s)
    ✓ sub-001-0016-BJC_ses-01_task-fluencecat_beh.tsv  [v=1, n=12]
    ✓ sub-001-0016-BJC_ses-02_task-fluencecat_beh.tsv  [v=1, n=12]
    ✓ sub-001-0016-BJC_ses-03_task-fluencecat_beh.tsv  [v=2, n=12]
    ✓ sub-001-0016-BJC_ses-04_task-fluencecat_beh.tsv  [v=2, n=12]
  ⏳ 'FLUENCE verb.' → task-fluenceverb
  📋 'FLUENCE verb.': 4 bloc(s) détecté(s)
    ✓ sub-001-0016-BJC_ses-01_task-fluenceverb_beh.tsv  [v=1, n=15]
    ✓ sub-001-0016-BJC_ses-02_task-fluenceverb_beh.tsv  [v=1, n=15]
    ✓ sub-001-0016-BJC_ses-03_task-fluenceverb_beh.tsv  [v=2, n=15]
    ⚠️  DOUBLON de session : ses-03 déjà vu au bloc 3 → bloc 4 va écraser le précédent
    ✓ sub-001-0016-BJC_ses-03_task-fluenceverb_beh.tsv  [v=2, n=15]
  ⏳ 'DC cat.' → task-dccat
    ⚠️  bloc 0: 1 doublon(s) de trial supprimé(s)
  📋 'DC cat.': 4 bloc(s) détecté(s)
    ✓ sub-001-0016-BJC_ses-01_task-dccat_beh.tsv  [v=1, n=40]
    ✓ sub-001-0016-BJC_ses-02_task-dccat_beh.tsv  [v=1, n=40]
    ✓ sub-001-0016-BJC_ses-03_task-dccat_beh.tsv  [v=2, n=40]
    ✓ sub-001-0016-BJC_ses-04_task-dccat_beh.tsv  [v=2, n=40]
  ⏳ 'DENO' → task-deno
    ⚠️  bloc 0: facultatives absentes ['response_time', 'accuracy'] → n/a
    ⚠️  bloc 0: 1 ligne(s) récap supprimée(s) (pas de '.bmp' dans ['21'])
    ⚠️  bloc 1: facultatives absentes ['response_time', 'accuracy'] → n/a
    ⚠️  bloc 2: facultatives absentes ['response_time', 'accuracy'] → n/a
    ⚠️  bloc 3: facultatives absentes ['stimulus', 'status', 'response_time', 'accuracy'] → n/a
  📋 'DENO': 4 bloc(s) détecté(s)
    ✓ sub-001-0016-BJC_ses-01_task-deno_beh.tsv  [v=1, n=40]
    ✓ sub-001-0016-BJC_ses-02_task-deno_beh.tsv  [v=1, n=40]
    ✓ sub-001-0016-BJC_ses-03_task-deno_beh.tsv  [v=2, n=40]
    ✓ sub-001-0016-BJC_ses-04_task-deno_beh.tsv  [v=2, n=40]
  ⏳ 'LECTURE' → task-lecture
  📋 'LECTURE': 4 bloc(s) détecté(s)
    ✓ sub-001-0016-BJC_ses-01_task-lecture_beh.tsv  [v=1, n=45]
    ✓ sub-001-0016-BJC_ses-02_task-lecture_beh.tsv  [v=1, n=45]
    ✓ sub-001-0016-BJC_ses-03_task-lecture_beh.tsv  [v=2, n=45]
    ✓ sub-001-0016-BJC_ses-04_task-lecture_beh.tsv  [v=2, n=45]
  ⏳ 'BIP' → task-bip
    ⚠️  bloc 0: facultatives absentes ['category', 'personnalites_reconnues'] → n/a
    ⚠️  bloc 0: 1 doublon(s) de trial supprimé(s)
    ⚠️  bloc 1: facultatives absentes ['category', 'personnalites_reconnues'] → n/a
    ⚠️  bloc 2: facultatives absentes ['personnalites_reconnues'] → n/a
    ⚠️  bloc 3: facultatives absentes ['personnalites_reconnues'] → n/a
  📋 'BIP': 4 bloc(s) détecté(s)
    ✓ sub-001-0016-BJC_ses-01_task-bip_beh.tsv  [v=1, n=14]
    ✓ sub-001-0016-BJC_ses-02_task-bip_beh.tsv  [v=1, n=14]
    ✓ sub-001-0016-BJC_ses-03_task-bip_beh.tsv  [v=2, n=14]
    ✓ sub-001-0016-BJC_ses-04_task-bip_beh.tsv  [v=2, n=14]
📂 sub-001-0017-KV  (3_TESTS_LANGAGIERS/003-001-KV.xlsx)
  ⏳ 'AS verbale' → task-asverbale
    ⚠️  bloc 0: 1 ligne(s) récap supprimée(s) (pas de '.bmp' dans ['20'])
    ⚠️  bloc 3: facultatives absentes ['target'] → n/a
  📋 'AS verbale': 4 bloc(s) détecté(s)
    ✓ sub-001-0017-KV_ses-01_task-asverbale_beh.tsv  [v=2, n=26]
    ✓ sub-001-0017-KV_ses-02_task-asverbale_beh.tsv  [v=2, n=26]
    ✓ sub-001-0017-KV_ses-03_task-asverbale_beh.tsv  [v=1, n=26]
    ✓ sub-001-0017-KV_ses-04_task-asverbale_beh.tsv  [v=1, n=26]
  ⏳ 'AS visuelle' → task-asvisuelle
    ⚠️  bloc 0: 1 ligne(s) récap supprimée(s) (pas de '.bmp' dans ['15'])
  📋 'AS visuelle': 4 bloc(s) détecté(s)
    ✓ sub-001-0017-KV_ses-01_task-asvisuelle_beh.tsv  [v=2, n=26]
    ✓ sub-001-0017-KV_ses-02_task-asvisuelle_beh.tsv  [v=2, n=26]
    ✓ sub-001-0017-KV_ses-03_task-asvisuelle_beh.tsv  [v=1, n=26]
    ✓ sub-001-0017-KV_ses-04_task-asvisuelle_beh.tsv  [v=1, n=26]
  ⏳ 'EXE verb.' → task-exeverb
    ⚠️  bloc 0: 1 ligne(s) récap supprimée(s) (pas de '.tif' dans [nan])
  📋 'EXE verb.': 4 bloc(s) détecté(s)
    ✓ sub-001-0017-KV_ses-01_task-exeverb_beh.tsv  [v=2, n=26]
    ✓ sub-001-0017-KV_ses-02_task-exeverb_beh.tsv  [v=2, n=26]
    ✓ sub-001-0017-KV_ses-03_task-exeverb_beh.tsv  [v=1, n=26]
    ✓ sub-001-0017-KV_ses-04_task-exeverb_beh.tsv  [v=1, n=26]
  ⏳ 'EXE visu.' → task-exevisu
    ⚠️  bloc 0: 1 ligne(s) récap supprimée(s) (pas de '.tif' dans [nan])
  📋 'EXE visu.': 4 bloc(s) détecté(s)
    ✓ sub-001-0017-KV_ses-01_task-exevisu_beh.tsv  [v=2, n=26]
    ✓ sub-001-0017-KV_ses-02_task-exevisu_beh.tsv  [v=2, n=26]
    ✓ sub-001-0017-KV_ses-03_task-exevisu_beh.tsv  [v=1, n=26]
    ✓ sub-001-0017-KV_ses-04_task-exevisu_beh.tsv  [v=1, n=26]
  ⏳ 'FLUENCE cat.' → task-fluencecat
  📋 'FLUENCE cat.': 4 bloc(s) détecté(s)
    ✓ sub-001-0017-KV_ses-01_task-fluencecat_beh.tsv  [v=2, n=12]
    ✓ sub-001-0017-KV_ses-02_task-fluencecat_beh.tsv  [v=2, n=12]
    ✓ sub-001-0017-KV_ses-03_task-fluencecat_beh.tsv  [v=1, n=12]
    ⚠️  DOUBLON de session : ses-03 déjà vu au bloc 3 → bloc 4 va écraser le précédent
    ✓ sub-001-0017-KV_ses-03_task-fluencecat_beh.tsv  [v=1, n=12]
  ⏳ 'FLUENCE verb.' → task-fluenceverb
  📋 'FLUENCE verb.': 4 bloc(s) détecté(s)
    ✓ sub-001-0017-KV_ses-01_task-fluenceverb_beh.tsv  [v=2, n=21]
    ✓ sub-001-0017-KV_ses-02_task-fluenceverb_beh.tsv  [v=2, n=21]
    ✓ sub-001-0017-KV_ses-03_task-fluenceverb_beh.tsv  [v=1, n=21]
    ⚠️  DOUBLON de session : ses-03 déjà vu au bloc 3 → bloc 4 va écraser le précédent
    ✓ sub-001-0017-KV_ses-03_task-fluenceverb_beh.tsv  [v=1, n=21]
  ⏳ 'DC cat.' → task-dccat
    ⚠️  bloc 0: 1 doublon(s) de trial supprimé(s)
  📋 'DC cat.': 4 bloc(s) détecté(s)
    ✓ sub-001-0017-KV_ses-01_task-dccat_beh.tsv  [v=2, n=40]
    ✓ sub-001-0017-KV_ses-02_task-dccat_beh.tsv  [v=2, n=40]
    ✓ sub-001-0017-KV_ses-03_task-dccat_beh.tsv  [v=1, n=40]
    ✓ sub-001-0017-KV_ses-04_task-dccat_beh.tsv  [v=1, n=40]
  ⏳ 'DENO' → task-deno
    ⚠️  bloc 0: facultatives absentes ['response_time', 'accuracy'] → n/a
    ⚠️  bloc 0: 1 ligne(s) récap supprimée(s) (pas de '.bmp' dans [nan])
    ⚠️  bloc 1: facultatives absentes ['response_time', 'accuracy'] → n/a
    ⚠️  bloc 2: facultatives absentes ['response_time', 'accuracy'] → n/a
    ⚠️  bloc 3: facultatives absentes ['stimulus', 'status', 'response_time', 'accuracy'] → n/a
  📋 'DENO': 4 bloc(s) détecté(s)
    ✓ sub-001-0017-KV_ses-01_task-deno_beh.tsv  [v=2, n=40]
    ✓ sub-001-0017-KV_ses-02_task-deno_beh.tsv  [v=2, n=40]
    ✓ sub-001-0017-KV_ses-03_task-deno_beh.tsv  [v=1, n=40]
    ✓ sub-001-0017-KV_ses-04_task-deno_beh.tsv  [v=1, n=40]
  ⏳ 'LECTURE' → task-lecture
    ⚠️  bloc 0: facultatives absentes ['stimulus'] → n/a
    ⚠️  bloc 1: facultatives absentes ['stimulus'] → n/a
    ⚠️  bloc 2: facultatives absentes ['stimulus'] → n/a
    ⚠️  bloc 3: facultatives absentes ['stimulus'] → n/a
  📋 'LECTURE': 4 bloc(s) détecté(s)
    ✓ sub-001-0017-KV_ses-01_task-lecture_beh.tsv  [v=2, n=45]
    ✓ sub-001-0017-KV_ses-02_task-lecture_beh.tsv  [v=2, n=45]
    ✓ sub-001-0017-KV_ses-03_task-lecture_beh.tsv  [v=1, n=45]
    ✓ sub-001-0017-KV_ses-04_task-lecture_beh.tsv  [v=1, n=45]
  ⏳ 'BIP' → task-bip
    ⚠️  bloc 0: facultatives absentes ['category', 'personnalites_reconnues'] → n/a
    ⚠️  bloc 0: 1 doublon(s) de trial supprimé(s)
    ⚠️  bloc 1: facultatives absentes ['category', 'personnalites_reconnues'] → n/a
    ⚠️  bloc 2: facultatives absentes ['category', 'personnalites_reconnues'] → n/a
    ⚠️  bloc 3: facultatives absentes ['category', 'personnalites_reconnues'] → n/a
  📋 'BIP': 4 bloc(s) détecté(s)
    ✓ sub-001-0017-KV_ses-01_task-bip_beh.tsv  [v=2, n=14]
    ✓ sub-001-0017-KV_ses-02_task-bip_beh.tsv  [v=2, n=14]
    ✓ sub-001-0017-KV_ses-03_task-bip_beh.tsv  [v=1, n=14]
    ✓ sub-001-0017-KV_ses-04_task-bip_beh.tsv  [v=1, n=14]
📂 sub-001-0018-JC  (3_TESTS_LANGAGIERS/001-0019-JC.xlsx)
  ⏳ 'AS verbale' → task-asverbale
  📋 'AS verbale': 4 bloc(s) détecté(s)
    ✓ sub-001-0018-JC_ses-01_task-asverbale_beh.tsv  [v=2, n=26]
    ✓ sub-001-0018-JC_ses-02_task-asverbale_beh.tsv  [v=2, n=26]
    ✓ sub-001-0018-JC_ses-03_task-asverbale_beh.tsv  [v=1, n=26]
    ⚠️  DOUBLON de session : ses-03 déjà vu au bloc 3 → bloc 4 va écraser le précédent
    ✓ sub-001-0018-JC_ses-03_task-asverbale_beh.tsv  [v=1, n=26]
  ⏳ 'AS visuelle' → task-asvisuelle
  📋 'AS visuelle': 4 bloc(s) détecté(s)
    ✓ sub-001-0018-JC_ses-01_task-asvisuelle_beh.tsv  [v=2, n=26]
    ✓ sub-001-0018-JC_ses-02_task-asvisuelle_beh.tsv  [v=2, n=26]
    ✓ sub-001-0018-JC_ses-03_task-asvisuelle_beh.tsv  [v=1, n=26]
    ⚠️  DOUBLON de session : ses-03 déjà vu au bloc 3 → bloc 4 va écraser le précédent
    ✓ sub-001-0018-JC_ses-03_task-asvisuelle_beh.tsv  [v=1, n=26]
  ⏳ 'EXE verb.' → task-exeverb
  📋 'EXE verb.': 4 bloc(s) détecté(s)
    ✓ sub-001-0018-JC_ses-01_task-exeverb_beh.tsv  [v=2, n=26]
    ✓ sub-001-0018-JC_ses-02_task-exeverb_beh.tsv  [v=2, n=26]
    ✓ sub-001-0018-JC_ses-03_task-exeverb_beh.tsv  [v=1, n=26]
    ✓ sub-001-0018-JC_ses-04_task-exeverb_beh.tsv  [v=1, n=26]
  ⏳ 'EXE visu.' → task-exevisu
  📋 'EXE visu.': 4 bloc(s) détecté(s)
    ✓ sub-001-0018-JC_ses-01_task-exevisu_beh.tsv  [v=2, n=26]
    ✓ sub-001-0018-JC_ses-02_task-exevisu_beh.tsv  [v=2, n=26]
    ✓ sub-001-0018-JC_ses-03_task-exevisu_beh.tsv  [v=1, n=26]
    ✓ sub-001-0018-JC_ses-04_task-exevisu_beh.tsv  [v=1, n=26]
  ⏳ 'FLUENCE cat.' → task-fluencecat
  📋 'FLUENCE cat.': 4 bloc(s) détecté(s)
    ✓ sub-001-0018-JC_ses-01_task-fluencecat_beh.tsv  [v=2, n=4]
    ✓ sub-001-0018-JC_ses-02_task-fluencecat_beh.tsv  [v=2, n=4]
    ✓ sub-001-0018-JC_ses-03_task-fluencecat_beh.tsv  [v=1, n=4]
    ✓ sub-001-0018-JC_ses-04_task-fluencecat_beh.tsv  [v=1, n=4]
  ⏳ 'FLUENCE verb.' → task-fluenceverb
    ⚠️  bloc 3: colonnes introuvables ['item_text'] → ignoré
         noms détectés : ['PAT001-0019-JC.3', 'Version.3', 'Session.3', 'n°.3']
  📋 'FLUENCE verb.': 3 bloc(s) détecté(s)
    ✓ sub-001-0018-JC_ses-01_task-fluenceverb_beh.tsv  [v=2, n=11]
    ✓ sub-001-0018-JC_ses-02_task-fluenceverb_beh.tsv  [v=2, n=11]
    ✓ sub-001-0018-JC_ses-03_task-fluenceverb_beh.tsv  [v=1, n=11]
  ⏳ 'DC cat.' → task-dccat
  📋 'DC cat.': 4 bloc(s) détecté(s)
    ✓ sub-001-0018-JC_ses-01_task-dccat_beh.tsv  [v=2, n=40]
    ✓ sub-001-0018-JC_ses-02_task-dccat_beh.tsv  [v=2, n=40]
    ✓ sub-001-0018-JC_ses-03_task-dccat_beh.tsv  [v=1, n=40]
    ⚠️  DOUBLON de session : ses-03 déjà vu au bloc 3 → bloc 4 va écraser le précédent
    ✓ sub-001-0018-JC_ses-03_task-dccat_beh.tsv  [v=1, n=40]
  ⏳ 'DENO' → task-deno
    ⚠️  bloc 0: facultatives absentes ['response_time', 'accuracy'] → n/a
    ⚠️  bloc 1: facultatives absentes ['response_time', 'accuracy'] → n/a
    ⚠️  bloc 2: facultatives absentes ['response_time', 'accuracy'] → n/a
    ⚠️  bloc 3: facultatives absentes ['stimulus', 'status', 'response_time', 'accuracy'] → n/a
  📋 'DENO': 4 bloc(s) détecté(s)
    ✓ sub-001-0018-JC_ses-01_task-deno_beh.tsv  [v=2, n=40]
    ✓ sub-001-0018-JC_ses-02_task-deno_beh.tsv  [v=2, n=40]
    ✓ sub-001-0018-JC_ses-03_task-deno_beh.tsv  [v=1, n=40]
    ✓ sub-001-0018-JC_ses-04_task-deno_beh.tsv  [v=1, n=40]
  ⏳ 'LECTURE' → task-lecture
    ⚠️  bloc 0: facultatives absentes ['stimulus', 'api_errors'] → n/a
    ⚠️  bloc 1: facultatives absentes ['stimulus'] → n/a
    ⚠️  bloc 2: facultatives absentes ['stimulus'] → n/a
  📋 'LECTURE': 4 bloc(s) détecté(s)
    ✓ sub-001-0018-JC_ses-01_task-lecture_beh.tsv  [v=2, n=45]
    ✓ sub-001-0018-JC_ses-02_task-lecture_beh.tsv  [v=2, n=45]
    ✓ sub-001-0018-JC_ses-03_task-lecture_beh.tsv  [v=1, n=45]
    ⚠️  DOUBLON de session : ses-03 déjà vu au bloc 3 → bloc 4 va écraser le précédent
    ✓ sub-001-0018-JC_ses-03_task-lecture_beh.tsv  [v=1, n=45]
  ⏳ 'BIP' → task-bip
    ⚠️  bloc 0: facultatives absentes ['category', 'nom'] → n/a
    ⚠️  bloc 1: facultatives absentes ['category', 'nom'] → n/a
    ⚠️  bloc 2: facultatives absentes ['category', 'nom'] → n/a
    ⚠️  bloc 3: facultatives absentes ['personnalites_reconnues'] → n/a
  📋 'BIP': 4 bloc(s) détecté(s)
    ✓ sub-001-0018-JC_ses-01_task-bip_beh.tsv  [v=2, n=14]
    ✓ sub-001-0018-JC_ses-02_task-bip_beh.tsv  [v=2, n=14]
    ✓ sub-001-0018-JC_ses-03_task-bip_beh.tsv  [v=1, n=14]
    ✓ sub-001-0018-JC_ses-04_task-bip_beh.tsv  [v=1, n=14]
📂 sub-001-0020-RN  (3_TESTS_LANGAGIERS/001-0020-RN.xlsx)
  ⏳ 'AS verbale' → task-asverbale
  📋 'AS verbale': 4 bloc(s) détecté(s)
    ✓ sub-001-0020-RN_ses-01_task-asverbale_beh.tsv  [v=2, n=26]
    ✓ sub-001-0020-RN_ses-02_task-asverbale_beh.tsv  [v=2, n=26]
    ✓ sub-001-0020-RN_ses-03_task-asverbale_beh.tsv  [v=1, n=26]
    ✓ sub-001-0020-RN_ses-04_task-asverbale_beh.tsv  [v=1, n=26]
  ⏳ 'AS visuelle' → task-asvisuelle
  📋 'AS visuelle': 4 bloc(s) détecté(s)
    ✓ sub-001-0020-RN_ses-01_task-asvisuelle_beh.tsv  [v=2, n=26]
    ✓ sub-001-0020-RN_ses-02_task-asvisuelle_beh.tsv  [v=2, n=26]
    ✓ sub-001-0020-RN_ses-03_task-asvisuelle_beh.tsv  [v=1, n=26]
    ✓ sub-001-0020-RN_ses-04_task-asvisuelle_beh.tsv  [v=1, n=26]
  ⏳ 'EXE verb.' → task-exeverb
  📋 'EXE verb.': 4 bloc(s) détecté(s)
    ✓ sub-001-0020-RN_ses-01_task-exeverb_beh.tsv  [v=2, n=26]
    ✓ sub-001-0020-RN_ses-02_task-exeverb_beh.tsv  [v=2, n=26]
    ✓ sub-001-0020-RN_ses-03_task-exeverb_beh.tsv  [v=1, n=26]
    ✓ sub-001-0020-RN_ses-04_task-exeverb_beh.tsv  [v=1, n=26]
  ⏳ 'EXE visu.' → task-exevisu
  📋 'EXE visu.': 4 bloc(s) détecté(s)
    ✓ sub-001-0020-RN_ses-01_task-exevisu_beh.tsv  [v=2, n=26]
    ✓ sub-001-0020-RN_ses-02_task-exevisu_beh.tsv  [v=2, n=26]
    ✓ sub-001-0020-RN_ses-03_task-exevisu_beh.tsv  [v=1, n=26]
    ✓ sub-001-0020-RN_ses-04_task-exevisu_beh.tsv  [v=1, n=26]
  ⏳ 'FLUENCE cat.' → task-fluencecat
  📋 'FLUENCE cat.': 4 bloc(s) détecté(s)
    ✓ sub-001-0020-RN_ses-01_task-fluencecat_beh.tsv  [v=2, n=9]
    ✓ sub-001-0020-RN_ses-02_task-fluencecat_beh.tsv  [v=2, n=9]
    ✓ sub-001-0020-RN_ses-03_task-fluencecat_beh.tsv  [v=1, n=9]
    ✓ sub-001-0020-RN_ses-04_task-fluencecat_beh.tsv  [v=1, n=9]
  ⏳ 'FLUENCE verb.' → task-fluenceverb
    ⚠️  bloc 4: colonnes introuvables ['item_text'] → ignoré
         noms détectés : ['PAT001-0020-RN.4', 'Version.4', 'Session.4', 'Trial', 'Satus', 'Stimulus', 'Réponse']
  📋 'FLUENCE verb.': 4 bloc(s) détecté(s)
    ✓ sub-001-0020-RN_ses-01_task-fluenceverb_beh.tsv  [v=2, n=13]
    ✓ sub-001-0020-RN_ses-02_task-fluenceverb_beh.tsv  [v=2, n=13]
    ✓ sub-001-0020-RN_ses-03_task-fluenceverb_beh.tsv  [v=1, n=13]
    ✓ sub-001-0020-RN_ses-04_task-fluenceverb_beh.tsv  [v=1, n=13]
  ⏳ 'DC cat.' → task-dccat
  📋 'DC cat.': 4 bloc(s) détecté(s)
    ✓ sub-001-0020-RN_ses-01_task-dccat_beh.tsv  [v=2, n=40]
    ✓ sub-001-0020-RN_ses-02_task-dccat_beh.tsv  [v=2, n=40]
    ✓ sub-001-0020-RN_ses-03_task-dccat_beh.tsv  [v=1, n=40]
    ⚠️  DOUBLON de session : ses-03 déjà vu au bloc 3 → bloc 4 va écraser le précédent
    ✓ sub-001-0020-RN_ses-03_task-dccat_beh.tsv  [v=1, n=40]
  ⏳ 'DENO' → task-deno
    ⚠️  bloc 0: facultatives absentes ['stimulus', 'response_time', 'accuracy'] → n/a
    ⚠️  bloc 1: facultatives absentes ['stimulus', 'status', 'response_time', 'accuracy'] → n/a
    ⚠️  bloc 2: facultatives absentes ['stimulus', 'status', 'response_time', 'accuracy'] → n/a
    ⚠️  bloc 3: facultatives absentes ['stimulus', 'status', 'response_time', 'accuracy'] → n/a
  📋 'DENO': 4 bloc(s) détecté(s)
    ✓ sub-001-0020-RN_ses-01_task-deno_beh.tsv  [v=2, n=40]
    ⚠️  DOUBLON de session : ses-01 déjà vu au bloc 1 → bloc 2 va écraser le précédent
    ✓ sub-001-0020-RN_ses-01_task-deno_beh.tsv  [v=2, n=40]
    ✓ sub-001-0020-RN_ses-03_task-deno_beh.tsv  [v=1, n=40]
    ✓ sub-001-0020-RN_ses-04_task-deno_beh.tsv  [v=1, n=40]
  ⏳ 'LECTURE' → task-lecture
    ⚠️  bloc 0: facultatives absentes ['status', 'api_errors'] → n/a
    ⚠️  bloc 1: facultatives absentes ['status', 'api_errors'] → n/a
    ⚠️  bloc 2: facultatives absentes ['status', 'api_errors'] → n/a
    ⚠️  bloc 3: facultatives absentes ['status', 'api_errors'] → n/a
  📋 'LECTURE': 4 bloc(s) détecté(s)
    ✓ sub-001-0020-RN_ses-01_task-lecture_beh.tsv  [v=2, n=45]
    ✓ sub-001-0020-RN_ses-02_task-lecture_beh.tsv  [v=2, n=45]
    ⚠️  DOUBLON de session : ses-01 déjà vu au bloc 1 → bloc 3 va écraser le précédent
    ✓ sub-001-0020-RN_ses-01_task-lecture_beh.tsv  [v=1, n=45]
    ✓ sub-001-0020-RN_ses-04_task-lecture_beh.tsv  [v=1, n=45]
  ⏳ 'BIP' → task-bip
    ⚠️  bloc 0: facultatives absentes ['personnalites_reconnues'] → n/a
    ⚠️  bloc 1: facultatives absentes ['personnalites_reconnues'] → n/a
    ⚠️  bloc 2: facultatives absentes ['personnalites_reconnues'] → n/a
    ⚠️  bloc 3: facultatives absentes ['personnalites_reconnues'] → n/a
  📋 'BIP': 4 bloc(s) détecté(s)
    ✓ sub-001-0020-RN_ses-01_task-bip_beh.tsv  [v=2, n=14]
    ✓ sub-001-0020-RN_ses-02_task-bip_beh.tsv  [v=2, n=14]
    ✓ sub-001-0020-RN_ses-03_task-bip_beh.tsv  [v=1, n=14]
    ⚠️  DOUBLON de session : ses-03 déjà vu au bloc 3 → bloc 4 va écraser le précédent
    ✓ sub-001-0020-RN_ses-03_task-bip_beh.tsv  [v=1, n=14]
📂 sub-001-0021-RP  (3_TESTS_LANGAGIERS/001-0021-RP.xlsx)
  ⏳ 'AS verbale' → task-asverbale
  📋 'AS verbale': 5 bloc(s) détecté(s)
    ✓ sub-001-0021-RP_ses-01_task-asverbale_beh.tsv  [v=2, n=26]
    ✓ sub-001-0021-RP_ses-02_task-asverbale_beh.tsv  [v=2, n=26]
    ✓ sub-001-0021-RP_ses-03_task-asverbale_beh.tsv  [v=1, n=26]
    ✓ sub-001-0021-RP_ses-04_task-asverbale_beh.tsv  [v=1, n=26]
    ⏭️  ses-05 > ses-04 ignoré (001-0021-RP)
  ⏳ 'AS visuelle' → task-asvisuelle
  📋 'AS visuelle': 5 bloc(s) détecté(s)
    ✓ sub-001-0021-RP_ses-01_task-asvisuelle_beh.tsv  [v=2, n=26]
    ✓ sub-001-0021-RP_ses-02_task-asvisuelle_beh.tsv  [v=2, n=26]
    ✓ sub-001-0021-RP_ses-03_task-asvisuelle_beh.tsv  [v=1, n=26]
    ✓ sub-001-0021-RP_ses-04_task-asvisuelle_beh.tsv  [v=1, n=26]
    ⏭️  ses-05 > ses-04 ignoré (001-0021-RP)
  ⏳ 'EXE verb.' → task-exeverb
  📋 'EXE verb.': 4 bloc(s) détecté(s)
    ✓ sub-001-0021-RP_ses-01_task-exeverb_beh.tsv  [v=2, n=26]
    ✓ sub-001-0021-RP_ses-02_task-exeverb_beh.tsv  [v=2, n=26]
    ✓ sub-001-0021-RP_ses-03_task-exeverb_beh.tsv  [v=1, n=26]
    ✓ sub-001-0021-RP_ses-04_task-exeverb_beh.tsv  [v=1, n=26]
  ⏳ 'EXE visu.' → task-exevisu
  📋 'EXE visu.': 4 bloc(s) détecté(s)
    ✓ sub-001-0021-RP_ses-01_task-exevisu_beh.tsv  [v=2, n=26]
    ✓ sub-001-0021-RP_ses-02_task-exevisu_beh.tsv  [v=2, n=26]
    ✓ sub-001-0021-RP_ses-03_task-exevisu_beh.tsv  [v=1, n=26]
    ✓ sub-001-0021-RP_ses-04_task-exevisu_beh.tsv  [v=1, n=26]
  ⏳ 'FLUENCE cat.' → task-fluencecat
  📋 'FLUENCE cat.': 4 bloc(s) détecté(s)
    ✓ sub-001-0021-RP_ses-01_task-fluencecat_beh.tsv  [v=2, n=16]
    ✓ sub-001-0021-RP_ses-02_task-fluencecat_beh.tsv  [v=2, n=16]
    ✓ sub-001-0021-RP_ses-03_task-fluencecat_beh.tsv  [v=1, n=16]
    ✓ sub-001-0021-RP_ses-04_task-fluencecat_beh.tsv  [v=1, n=16]
  ⏳ 'FLUENCE verb.' → task-fluenceverb
  📋 'FLUENCE verb.': 4 bloc(s) détecté(s)
    ✓ sub-001-0021-RP_ses-01_task-fluenceverb_beh.tsv  [v=2, n=15]
    ✓ sub-001-0021-RP_ses-02_task-fluenceverb_beh.tsv  [v=2, n=15]
    ✓ sub-001-0021-RP_ses-03_task-fluenceverb_beh.tsv  [v=1, n=15]
    ✓ sub-001-0021-RP_ses-04_task-fluenceverb_beh.tsv  [v=1, n=15]
  ⏳ 'DC cat.' → task-dccat
  📋 'DC cat.': 4 bloc(s) détecté(s)
    ✓ sub-001-0021-RP_ses-01_task-dccat_beh.tsv  [v=2, n=40]
    ✓ sub-001-0021-RP_ses-02_task-dccat_beh.tsv  [v=2, n=40]
    ✓ sub-001-0021-RP_ses-03_task-dccat_beh.tsv  [v=1, n=40]
    ⚠️  DOUBLON de session : ses-03 déjà vu au bloc 3 → bloc 4 va écraser le précédent
    ✓ sub-001-0021-RP_ses-03_task-dccat_beh.tsv  [v=1, n=40]
  ⏳ 'DENO' → task-deno
    ⚠️  bloc 0: facultatives absentes ['stimulus', 'status', 'response_time', 'accuracy'] → n/a
    ⚠️  bloc 0: 1 doublon(s) de trial supprimé(s)
    ⚠️  bloc 1: facultatives absentes ['stimulus', 'status', 'response_time', 'accuracy'] → n/a
    ⚠️  bloc 2: facultatives absentes ['status', 'response_time', 'accuracy'] → n/a
    ⚠️  bloc 3: facultatives absentes ['status', 'response_time', 'accuracy'] → n/a
  📋 'DENO': 4 bloc(s) détecté(s)
    ✓ sub-001-0021-RP_ses-01_task-deno_beh.tsv  [v=2, n=40]
    ✓ sub-001-0021-RP_ses-02_task-deno_beh.tsv  [v=2, n=40]
    ✓ sub-001-0021-RP_ses-03_task-deno_beh.tsv  [v=1, n=40]
    ✓ sub-001-0021-RP_ses-04_task-deno_beh.tsv  [v=1, n=40]
  ⏳ 'LECTURE' → task-lecture
  📋 'LECTURE': 4 bloc(s) détecté(s)
    ✓ sub-001-0021-RP_ses-01_task-lecture_beh.tsv  [v=2, n=45]
    ✓ sub-001-0021-RP_ses-02_task-lecture_beh.tsv  [v=2, n=45]
    ✓ sub-001-0021-RP_ses-03_task-lecture_beh.tsv  [v=1, n=45]
    ✓ sub-001-0021-RP_ses-04_task-lecture_beh.tsv  [v=1, n=45]
  ⏳ 'BIP' → task-bip
    ⚠️  bloc 0: facultatives absentes ['personnalites_reconnues'] → n/a
    ⚠️  bloc 0: 1 doublon(s) de trial supprimé(s)
    ⚠️  bloc 1: facultatives absentes ['personnalites_reconnues'] → n/a
    ⚠️  bloc 2: facultatives absentes ['personnalites_reconnues'] → n/a
    ⚠️  bloc 3: facultatives absentes ['personnalites_reconnues'] → n/a
  📋 'BIP': 4 bloc(s) détecté(s)
    ✓ sub-001-0021-RP_ses-01_task-bip_beh.tsv  [v=2, n=14]
    ✓ sub-001-0021-RP_ses-02_task-bip_beh.tsv  [v=2, n=14]
    ✓ sub-001-0021-RP_ses-03_task-bip_beh.tsv  [v=1, n=14]
    ✓ sub-001-0021-RP_ses-04_task-bip_beh.tsv  [v=1, n=14]
📂 sub-001-0022-LM  (3_TESTS_LANGAGIERS/01-0024LLM.xlsx)
  ⏳ 'AS verbale' → task-asverbale
    ⚠️  bloc 4: facultatives absentes ['target'] → n/a
  📋 'AS verbale': 5 bloc(s) détecté(s)
    ✓ sub-001-0022-LM_ses-01_task-asverbale_beh.tsv  [v=1, n=26]
    ✓ sub-001-0022-LM_ses-02_task-asverbale_beh.tsv  [v=1, n=26]
    ✓ sub-001-0022-LM_ses-03_task-asverbale_beh.tsv  [v=2, n=26]
    ✓ sub-001-0022-LM_ses-04_task-asverbale_beh.tsv  [v=2, n=26]
    ⏭️  ses-05 > ses-04 ignoré (001-0022-LM)
  ⏳ 'AS visuelle' → task-asvisuelle
  📋 'AS visuelle': 5 bloc(s) détecté(s)
    ✓ sub-001-0022-LM_ses-01_task-asvisuelle_beh.tsv  [v=1, n=26]
    ⚠️  DOUBLON de session : ses-01 déjà vu au bloc 1 → bloc 2 va écraser le précédent
    ✓ sub-001-0022-LM_ses-01_task-asvisuelle_beh.tsv  [v=1, n=26]
    ✓ sub-001-0022-LM_ses-03_task-asvisuelle_beh.tsv  [v=2, n=26]
    ✓ sub-001-0022-LM_ses-04_task-asvisuelle_beh.tsv  [v=2, n=26]
    ⏭️  ses-05 > ses-04 ignoré (001-0022-LM)
  ⏳ 'EXE verb.' → task-exeverb
    ⚠️  bloc 0: 1 ligne(s) récap supprimée(s) (pas de '.tif' dans ['26'])
  📋 'EXE verb.': 4 bloc(s) détecté(s)
    ✓ sub-001-0022-LM_ses-01_task-exeverb_beh.tsv  [v=1, n=26]
    ✓ sub-001-0022-LM_ses-02_task-exeverb_beh.tsv  [v=1, n=26]
    ✓ sub-001-0022-LM_ses-03_task-exeverb_beh.tsv  [v=2, n=26]
    ✓ sub-001-0022-LM_ses-04_task-exeverb_beh.tsv  [v=2, n=26]
  ⏳ 'EXE visu.' → task-exevisu
    ⚠️  bloc 0: 1 ligne(s) récap supprimée(s) (pas de '.tif' dans ['23'])
  📋 'EXE visu.': 4 bloc(s) détecté(s)
    ✓ sub-001-0022-LM_ses-01_task-exevisu_beh.tsv  [v=1, n=26]
    ✓ sub-001-0022-LM_ses-02_task-exevisu_beh.tsv  [v=1, n=26]
    ✓ sub-001-0022-LM_ses-03_task-exevisu_beh.tsv  [v=2, n=26]
    ✓ sub-001-0022-LM_ses-04_task-exevisu_beh.tsv  [v=2, n=26]
  ⏳ 'FLUENCE cat.' → task-fluencecat
    ⚠️  bloc 3: colonnes introuvables ['item_text'] → ignoré
         noms détectés : ['PAT001-0024.3', 'Version.3', 'Session.3', 'Nombre.3', 'Unnamed: 28']
  📋 'FLUENCE cat.': 3 bloc(s) détecté(s)
    ✓ sub-001-0022-LM_ses-01_task-fluencecat_beh.tsv  [v=1, n=10]
    ✓ sub-001-0022-LM_ses-02_task-fluencecat_beh.tsv  [v=1, n=10]
    ✓ sub-001-0022-LM_ses-03_task-fluencecat_beh.tsv  [v=2, n=10]
  ⏳ 'FLUENCE verb.' → task-fluenceverb
  📋 'FLUENCE verb.': 4 bloc(s) détecté(s)
    ✓ sub-001-0022-LM_ses-01_task-fluenceverb_beh.tsv  [v=1, n=17]
    ✓ sub-001-0022-LM_ses-02_task-fluenceverb_beh.tsv  [v=1, n=17]
    ✓ sub-001-0022-LM_ses-03_task-fluenceverb_beh.tsv  [v=2, n=17]
    ✓ sub-001-0022-LM_ses-04_task-fluenceverb_beh.tsv  [v=2, n=17]
  ⏳ 'DC cat.' → task-dccat
    ⚠️  bloc 0: 1 doublon(s) de trial supprimé(s)
  📋 'DC cat.': 4 bloc(s) détecté(s)
    ✓ sub-001-0022-LM_ses-01_task-dccat_beh.tsv  [v=1, n=40]
    ✓ sub-001-0022-LM_ses-02_task-dccat_beh.tsv  [v=1, n=40]
    ✓ sub-001-0022-LM_ses-03_task-dccat_beh.tsv  [v=2, n=40]
    ✓ sub-001-0022-LM_ses-04_task-dccat_beh.tsv  [v=2, n=40]
  ⏳ 'DENO' → task-deno
    ⚠️  bloc 0: facultatives absentes ['response_time', 'accuracy', 'response'] → n/a
    ⚠️  bloc 0: 1 ligne(s) récap supprimée(s) (pas de '.bmp' dans ['7'])
    ⚠️  bloc 1: facultatives absentes ['response_time', 'accuracy', 'response'] → n/a
    ⚠️  bloc 2: facultatives absentes ['response_time', 'accuracy', 'response'] → n/a
    ⚠️  bloc 3: facultatives absentes ['response_time', 'accuracy'] → n/a
  📋 'DENO': 4 bloc(s) détecté(s)
    ✓ sub-001-0022-LM_ses-01_task-deno_beh.tsv  [v=1, n=40]
    ✓ sub-001-0022-LM_ses-02_task-deno_beh.tsv  [v=1, n=40]
    ✓ sub-001-0022-LM_ses-03_task-deno_beh.tsv  [v=2, n=40]
    ⚠️  DOUBLON de session : ses-03 déjà vu au bloc 3 → bloc 4 va écraser le précédent
    ✓ sub-001-0022-LM_ses-03_task-deno_beh.tsv  [v=2, n=40]
  ⏳ 'LECTURE' → task-lecture
  📋 'LECTURE': 4 bloc(s) détecté(s)
    ✓ sub-001-0022-LM_ses-01_task-lecture_beh.tsv  [v=1, n=45]
    ✓ sub-001-0022-LM_ses-02_task-lecture_beh.tsv  [v=1, n=45]
    ✓ sub-001-0022-LM_ses-03_task-lecture_beh.tsv  [v=2, n=45]
    ✓ sub-001-0022-LM_ses-04_task-lecture_beh.tsv  [v=2, n=45]
  ⏳ 'BIP' → task-bip
    ⚠️  bloc 0: facultatives absentes ['category', 'nom'] → n/a
    ⚠️  bloc 1: facultatives absentes ['category', 'nom'] → n/a
    ⚠️  bloc 2: facultatives absentes ['category', 'nom'] → n/a
    ⚠️  bloc 3: facultatives absentes ['category', 'nom'] → n/a
  📋 'BIP': 4 bloc(s) détecté(s)
    ✓ sub-001-0022-LM_ses-01_task-bip_beh.tsv  [v=1, n=14]
    ✓ sub-001-0022-LM_ses-02_task-bip_beh.tsv  [v=1, n=14]
    ✓ sub-001-0022-LM_ses-03_task-bip_beh.tsv  [v=2, n=14]
    ✓ sub-001-0022-LM_ses-04_task-bip_beh.tsv  [v=2, n=14]
📂 sub-001-0030-GE  (3_TESTS LANGAGIERS/001-0032-EG (3)der.xlsx)
  ⏳ 'AS verbale' → task-asverbale
    ⚠️  bloc 0: 1 ligne(s) récap supprimée(s) (pas de '.bmp' dans ['22'])
    ⚠️  bloc 2: facultatives absentes ['response_time'] → n/a
  📋 'AS verbale': 5 bloc(s) détecté(s)
    ✓ sub-001-0030-GE_ses-01_task-asverbale_beh.tsv  [v=2, n=26]
    ✓ sub-001-0030-GE_ses-02_task-asverbale_beh.tsv  [v=2, n=26]
    ✓ sub-001-0030-GE_ses-03_task-asverbale_beh.tsv  [v=1, n=26]
    ✓ sub-001-0030-GE_ses-04_task-asverbale_beh.tsv  [v=1, n=26]
    ⚠️  DOUBLON de session : ses-04 déjà vu au bloc 4 → bloc 5 va écraser le précédent
    ✓ sub-001-0030-GE_ses-04_task-asverbale_beh.tsv  [v=1, n=26]
  ⏳ 'AS visuelle' → task-asvisuelle
    ⚠️  bloc 0: 1 ligne(s) récap supprimée(s) (pas de '.bmp' dans ['24'])
    ⚠️  bloc 2: colonnes introuvables ['session'] → ignoré
         noms détectés : ['PAT001-0032-EG.2', 'Trial.2', 'Target.2', 'Condition target.1', 'ImageDisplay2.ACC.2']
  📋 'AS visuelle': 4 bloc(s) détecté(s)
    ✓ sub-001-0030-GE_ses-01_task-asvisuelle_beh.tsv  [v=2, n=26]
    ✓ sub-001-0030-GE_ses-02_task-asvisuelle_beh.tsv  [v=2, n=26]
    ✓ sub-001-0030-GE_ses-03_task-asvisuelle_beh.tsv  [v=2, n=26]
    ✓ sub-001-0030-GE_ses-04_task-asvisuelle_beh.tsv  [v=1, n=26]
  ⏳ 'EXE verb.' → task-exeverb
    ⚠️  bloc 2: colonnes introuvables ['session'] → ignoré
         noms détectés : ['PAT001-0032-EG.2', 'Trial.2', 'Target.2', 'ImageDisplay2.ACC.2']
    ⚠️  bloc 3: colonnes introuvables ['session'] → ignoré
         noms détectés : ['PAT001-0032-EG.3', 'Trial.3', 'target', 'ImageDisplay2.ACC.3', 'ImageDisplay2.RT.3']
  📋 'EXE verb.': 3 bloc(s) détecté(s)
    ✓ sub-001-0030-GE_ses-01_task-exeverb_beh.tsv  [v=2, n=26]
    ✓ sub-001-0030-GE_ses-02_task-exeverb_beh.tsv  [v=2, n=26]
    ✓ sub-001-0030-GE_ses-04_task-exeverb_beh.tsv  [v=1, n=26]
  ⏳ 'EXE visu.' → task-exevisu
    ⚠️  bloc 2: colonnes introuvables ['session'] → ignoré
         noms détectés : ['PAT001-0032-EG.2', 'Trial.2', 'Target.2', 'ImageDisplay2.ACC.2']
  📋 'EXE visu.': 4 bloc(s) détecté(s)
    ✓ sub-001-0030-GE_ses-01_task-exevisu_beh.tsv  [v=2, n=26]
    ✓ sub-001-0030-GE_ses-02_task-exevisu_beh.tsv  [v=2, n=26]
    ✓ sub-001-0030-GE_ses-03_task-exevisu_beh.tsv  [v=1, n=26]
    ✓ sub-001-0030-GE_ses-04_task-exevisu_beh.tsv  [v=1, n=26]
  ⏳ 'FLUENCE cat.' → task-fluencecat
  📋 'FLUENCE cat.': 5 bloc(s) détecté(s)
    ✓ sub-001-0030-GE_ses-01_task-fluencecat_beh.tsv  [v=2, n=11]
    ✓ sub-001-0030-GE_ses-02_task-fluencecat_beh.tsv  [v=1, n=11]
    ✓ sub-001-0030-GE_ses-03_task-fluencecat_beh.tsv  [v=2, n=11]
    ⚠️  DOUBLON de session : ses-03 déjà vu au bloc 3 → bloc 4 va écraser le précédent
    ✓ sub-001-0030-GE_ses-03_task-fluencecat_beh.tsv  [v=1, n=11]
    ✓ sub-001-0030-GE_ses-04_task-fluencecat_beh.tsv  [v=1, n=11]
  ⏳ 'FLUENCE verb.' → task-fluenceverb
  📋 'FLUENCE verb.': 5 bloc(s) détecté(s)
    ✓ sub-001-0030-GE_ses-01_task-fluenceverb_beh.tsv  [v=2, n=18]
    ✓ sub-001-0030-GE_ses-02_task-fluenceverb_beh.tsv  [v=1, n=18]
    ✓ sub-001-0030-GE_ses-03_task-fluenceverb_beh.tsv  [v=2, n=18]
    ⚠️  DOUBLON de session : ses-03 déjà vu au bloc 3 → bloc 4 va écraser le précédent
    ✓ sub-001-0030-GE_ses-03_task-fluenceverb_beh.tsv  [v=1, n=18]
    ✓ sub-001-0030-GE_ses-04_task-fluenceverb_beh.tsv  [v=1, n=18]
  ⏳ 'DC cat.' → task-dccat
    ⚠️  bloc 0: 1 doublon(s) de trial supprimé(s)
    ⚠️  bloc 2: facultatives absentes ['response_time'] → n/a
  📋 'DC cat.': 5 bloc(s) détecté(s)
    ✓ sub-001-0030-GE_ses-01_task-dccat_beh.tsv  [v=2, n=40]
    ✓ sub-001-0030-GE_ses-02_task-dccat_beh.tsv  [v=2, n=40]
    ✓ sub-001-0030-GE_ses-03_task-dccat_beh.tsv  [v=2, n=40]
    ⚠️  DOUBLON de session : ses-03 déjà vu au bloc 3 → bloc 4 va écraser le précédent
    ✓ sub-001-0030-GE_ses-03_task-dccat_beh.tsv  [v=1, n=40]
    ⚠️  DOUBLON de session : ses-03 déjà vu au bloc 4 → bloc 5 va écraser le précédent
    ✓ sub-001-0030-GE_ses-03_task-dccat_beh.tsv  [v=1, n=40]
  ⏳ 'DENO' → task-deno
    ⚠️  bloc 0: facultatives absentes ['response_time'] → n/a
    ⚠️  bloc 0: 1 ligne(s) récap supprimée(s) (pas de '.bmp' dans ['24'])
    ⚠️  bloc 1: facultatives absentes ['response_time', 'accuracy'] → n/a
    ⚠️  bloc 2: facultatives absentes ['response_time', 'accuracy'] → n/a
    ⚠️  bloc 2: 1 ligne(s) récap supprimée(s) (pas de '.bmp' dans ['anchor'])
    ⚠️  bloc 3: facultatives absentes ['response_time', 'accuracy'] → n/a
    ⚠️  bloc 4: facultatives absentes ['response_time', 'accuracy'] → n/a
  📋 'DENO': 5 bloc(s) détecté(s)
    ✓ sub-001-0030-GE_ses-01_task-deno_beh.tsv  [v=2, n=40]
    ✓ sub-001-0030-GE_ses-02_task-deno_beh.tsv  [v=1, n=40]
    ✓ sub-001-0030-GE_ses-03_task-deno_beh.tsv  [v=1, n=39]
    ⚠️  DOUBLON de session : ses-03 déjà vu au bloc 3 → bloc 4 va écraser le précédent
    ✓ sub-001-0030-GE_ses-03_task-deno_beh.tsv  [v=1, n=40]
    ⚠️  DOUBLON de session : ses-03 déjà vu au bloc 4 → bloc 5 va écraser le précédent
    ✓ sub-001-0030-GE_ses-03_task-deno_beh.tsv  [v=1, n=40]
  ⏳ 'LECTURE' → task-lecture
    ⚠️  bloc 0: facultatives absentes ['api_errors'] → n/a
    ⚠️  bloc 0: 1 doublon(s) de trial supprimé(s)
    ⚠️  bloc 1: facultatives absentes ['stimulus'] → n/a
    ⚠️  bloc 2: facultatives absentes ['stimulus'] → n/a
    ⚠️  bloc 3: facultatives absentes ['stimulus'] → n/a
    ⚠️  bloc 4: facultatives absentes ['stimulus', 'status'] → n/a
  📋 'LECTURE': 5 bloc(s) détecté(s)
    ✓ sub-001-0030-GE_ses-01_task-lecture_beh.tsv  [v=2, n=44]
    ✓ sub-001-0030-GE_ses-02_task-lecture_beh.tsv  [v=1, n=45]
    ✓ sub-001-0030-GE_ses-03_task-lecture_beh.tsv  [v=2, n=45]
    ⚠️  DOUBLON de session : ses-03 déjà vu au bloc 3 → bloc 4 va écraser le précédent
    ✓ sub-001-0030-GE_ses-03_task-lecture_beh.tsv  [v=1, n=45]
    ✓ sub-001-0030-GE_ses-04_task-lecture_beh.tsv  [v=1, n=45]
  ⏳ 'BIP' → task-bip
    ⚠️  bloc 0: facultatives absentes ['category'] → n/a
    ⚠️  bloc 0: 1 doublon(s) de trial supprimé(s)
    ⚠️  bloc 1: facultatives absentes ['category', 'personnalites_reconnues'] → n/a
    ⚠️  bloc 2: facultatives absentes ['category'] → n/a
    ⚠️  bloc 3: facultatives absentes ['category', 'personnalites_reconnues'] → n/a
    ⚠️  bloc 4: facultatives absentes ['category'] → n/a
  📋 'BIP': 5 bloc(s) détecté(s)
    ✓ sub-001-0030-GE_ses-01_task-bip_beh.tsv  [v=2, n=14]
    ✓ sub-001-0030-GE_ses-02_task-bip_beh.tsv  [v=1, n=14]
    ✓ sub-001-0030-GE_ses-03_task-bip_beh.tsv  [v=2, n=14]
    ⚠️  DOUBLON de session : ses-03 déjà vu au bloc 3 → bloc 4 va écraser le précédent
    ✓ sub-001-0030-GE_ses-03_task-bip_beh.tsv  [v=1, n=14]
    ⚠️  DOUBLON de session : ses-03 déjà vu au bloc 4 → bloc 5 va écraser le précédent
    ✓ sub-001-0030-GE_ses-03_task-bip_beh.tsv  [v=1, n=14]
📂 sub-001-0031-GS  (3_TESTS_LANGAGIERS/001-0033-GS.xlsx)
  ⏭️  'AS verbale' absente
  ⏭️  'AS visuelle' absente
  ⏭️  'EXE verb.' absente
  ⏭️  'EXE visu.' absente
  ⏭️  'FLUENCE cat.' absente
  ⏭️  'FLUENCE verb.' absente
  ⏭️  'DC cat.' absente
  ⏳ 'DENO' → task-deno
    ⚠️  bloc 0: facultatives absentes ['response_time', 'accuracy'] → n/a
    ⚠️  bloc 0: 1 ligne(s) récap supprimée(s) (pas de '.bmp' dans ['10'])
    ⚠️  bloc 1: facultatives absentes ['response_time', 'accuracy'] → n/a
    ⚠️  bloc 1: 1 ligne(s) récap supprimée(s) (pas de '.bmp' dans ['anchor'])
    ⚠️  bloc 2: facultatives absentes ['status', 'response_time', 'accuracy'] → n/a
    ⚠️  bloc 2: 40 ligne(s) récap supprimée(s) (pas de '.bmp' dans ['arrow', 'artichok', 'bell', 'book', 'butterfl', 'cactus', 'cat', 'dolphin', 'elephant', 'fish', 'flower', 'fork', 'garbagec', 'glasses', 'grapes', 'guitar', 'hammer', 'helicopt', 'igloo', 'koala', 'lightbul', 'lion', 'lock', 'panda', 'microsco', 'penguin', 'piano', 'pineappl', 'saw', 'scale', 'snail', 'snake', 'spider', 'squirrel', 'syringe', 'telephon', 'thermome', 'turtle', 'windmill', 'zebra'])
    ⚠️  bloc 3: facultatives absentes ['response_time', 'accuracy'] → n/a
    ⚠️  bloc 4: facultatives absentes ['response_time', 'accuracy'] → n/a
  📋 'DENO': 4 bloc(s) détecté(s)
    ✓ sub-001-0031-GS_ses-01_task-deno_beh.tsv  [v=1, n=40]
    ✓ sub-001-0031-GS_ses-02_task-deno_beh.tsv  [v=1, n=39]
    ✓ sub-001-0031-GS_ses-03_task-deno_beh.tsv  [v=2, n=40]
    ✓ sub-001-0031-GS_ses-04_task-deno_beh.tsv  [v=2, n=40]
  ⏭️  'LECTURE' absente
  ⏳ 'BIP' → task-bip
    ⚠️  bloc 0: facultatives absentes ['category'] → n/a
    ⚠️  bloc 0: 1 doublon(s) de trial supprimé(s)
    ⚠️  bloc 1: colonnes introuvables ['accuracy'] → ignoré
         noms détectés : ['PAT001-0033-GS.1', 'Version.1', 'Session.1', 'Trial.1', 'Profession.1', 'Nom.1', 'Personnalités reconnues.1']
    ⚠️  bloc 2: colonnes introuvables ['session'] → ignoré
         noms détectés : ['PAT001-0033-GS.2', 'Trial.2', 'Profession.2', 'Nom.2', 'Personnalités reconnues.2', 'BIP.ACC.2']
    ⚠️  bloc 3: colonnes introuvables ['trial'] → ignoré
         noms détectés : ['PAT001-0033-GS.3', 'Version.3', 'Session.3', 'Block', 'Profession.3', 'Name', 'BIP.ACC.3']
  📋 'BIP': 2 bloc(s) détecté(s)
    ✓ sub-001-0031-GS_ses-01_task-bip_beh.tsv  [v=1, n=14]
    ✓ sub-001-0031-GS_ses-04_task-bip_beh.tsv  [v=2, n=14]
📂 sub-001-0032-HB  (3_TESTS_LANGAGIERS/001-0034-HB.xlsx)
  ⏳ 'AS verbale' → task-asverbale
    ⚠️  bloc 2: facultatives absentes ['target'] → n/a
    ⚠️  bloc 3: facultatives absentes ['target'] → n/a
    ⚠️  bloc 5: facultatives absentes ['target'] → n/a
    ⚠️  bloc 6: facultatives absentes ['target'] → n/a
  📋 'AS verbale': 7 bloc(s) détecté(s)
    ✓ sub-001-0032-HB_ses-01_task-asverbale_beh.tsv  [v=2, n=26]
    ✓ sub-001-0032-HB_ses-02_task-asverbale_beh.tsv  [v=2, n=26]
    ✓ sub-001-0032-HB_ses-03_task-asverbale_beh.tsv  [v=1, n=26]
    ✓ sub-001-0032-HB_ses-04_task-asverbale_beh.tsv  [v=1, n=26]
    ⏭️  ses-05 > ses-04 ignoré (001-0032-HB)
    ⏭️  ses-06 > ses-04 ignoré (001-0032-HB)
    ⏭️  ses-06 > ses-04 ignoré (001-0032-HB)
  ⏳ 'AS visuelle' → task-asvisuelle
    ⚠️  bloc 0: 1 ligne(s) récap supprimée(s) (pas de '.bmp' dans ['21'])
    ⚠️  bloc 5: facultatives absentes ['target'] → n/a
    ⚠️  bloc 6: facultatives absentes ['target'] → n/a
  📋 'AS visuelle': 7 bloc(s) détecté(s)
    ✓ sub-001-0032-HB_ses-01_task-asvisuelle_beh.tsv  [v=2, n=26]
    ✓ sub-001-0032-HB_ses-02_task-asvisuelle_beh.tsv  [v=2, n=26]
    ✓ sub-001-0032-HB_ses-03_task-asvisuelle_beh.tsv  [v=1, n=26]
    ✓ sub-001-0032-HB_ses-04_task-asvisuelle_beh.tsv  [v=1, n=26]
    ⏭️  ses-05 > ses-04 ignoré (001-0032-HB)
    ⏭️  ses-05 > ses-04 ignoré (001-0032-HB)
    ⏭️  ses-05 > ses-04 ignoré (001-0032-HB)
  ⏳ 'EXE verb.' → task-exeverb
    ⚠️  bloc 1: 1 ligne(s) récap supprimée(s) (pas de '.tif' dans ['25'])
  📋 'EXE verb.': 5 bloc(s) détecté(s)
    ✓ sub-001-0032-HB_ses-01_task-exeverb_beh.tsv  [v=2, n=26]
    ⚠️  DOUBLON de session : ses-01 déjà vu au bloc 1 → bloc 2 va écraser le précédent
    ✓ sub-001-0032-HB_ses-01_task-exeverb_beh.tsv  [v=1, n=26]
    ✓ sub-001-0032-HB_ses-02_task-exeverb_beh.tsv  [v=2, n=26]
    ✓ sub-001-0032-HB_ses-03_task-exeverb_beh.tsv  [v=1, n=26]
    ✓ sub-001-0032-HB_ses-04_task-exeverb_beh.tsv  [v=1, n=26]
  ⏳ 'EXE visu.' → task-exevisu
    ⚠️  bloc 0: 1 ligne(s) récap supprimée(s) (pas de '.tif' dans ['25'])
  📋 'EXE visu.': 4 bloc(s) détecté(s)
    ✓ sub-001-0032-HB_ses-01_task-exevisu_beh.tsv  [v=2, n=26]
    ✓ sub-001-0032-HB_ses-02_task-exevisu_beh.tsv  [v=2, n=26]
    ✓ sub-001-0032-HB_ses-03_task-exevisu_beh.tsv  [v=1, n=26]
    ✓ sub-001-0032-HB_ses-04_task-exevisu_beh.tsv  [v=1, n=26]
  ⏳ 'FLUENCE cat.' → task-fluencecat
  📋 'FLUENCE cat.': 4 bloc(s) détecté(s)
    ✓ sub-001-0032-HB_ses-01_task-fluencecat_beh.tsv  [v=2, n=13]
    ✓ sub-001-0032-HB_ses-02_task-fluencecat_beh.tsv  [v=2, n=13]
    ⚠️  DOUBLON de session : ses-02 déjà vu au bloc 2 → bloc 3 va écraser le précédent
    ✓ sub-001-0032-HB_ses-02_task-fluencecat_beh.tsv  [v=1, n=13]
    ✓ sub-001-0032-HB_ses-04_task-fluencecat_beh.tsv  [v=1, n=13]
  ⏳ 'FLUENCE verb.' → task-fluenceverb
  📋 'FLUENCE verb.': 4 bloc(s) détecté(s)
    ✓ sub-001-0032-HB_ses-01_task-fluenceverb_beh.tsv  [v=2, n=16]
    ✓ sub-001-0032-HB_ses-02_task-fluenceverb_beh.tsv  [v=2, n=16]
    ✓ sub-001-0032-HB_ses-03_task-fluenceverb_beh.tsv  [v=1, n=16]
    ✓ sub-001-0032-HB_ses-04_task-fluenceverb_beh.tsv  [v=1, n=16]
  ⏳ 'DC cat.' → task-dccat
    ⚠️  bloc 0: 1 doublon(s) de trial supprimé(s)
  📋 'DC cat.': 4 bloc(s) détecté(s)
    ✓ sub-001-0032-HB_ses-01_task-dccat_beh.tsv  [v=2, n=40]
    ✓ sub-001-0032-HB_ses-02_task-dccat_beh.tsv  [v=2, n=40]
    ✓ sub-001-0032-HB_ses-03_task-dccat_beh.tsv  [v=1, n=40]
    ✓ sub-001-0032-HB_ses-04_task-dccat_beh.tsv  [v=1, n=40]
  ⏳ 'DENO' → task-deno
    ⚠️  bloc 0: facultatives absentes ['response_time', 'accuracy'] → n/a
    ⚠️  bloc 0: 1 ligne(s) récap supprimée(s) (pas de '.bmp' dans ['1'])
    ⚠️  bloc 1: facultatives absentes ['response_time', 'accuracy'] → n/a
    ⚠️  bloc 2: facultatives absentes ['response_time', 'accuracy'] → n/a
    ⚠️  bloc 3: facultatives absentes ['response_time', 'accuracy'] → n/a
  📋 'DENO': 4 bloc(s) détecté(s)
    ✓ sub-001-0032-HB_ses-01_task-deno_beh.tsv  [v=2, n=40]
    ✓ sub-001-0032-HB_ses-02_task-deno_beh.tsv  [v=2, n=40]
    ✓ sub-001-0032-HB_ses-03_task-deno_beh.tsv  [v=1, n=40]
    ✓ sub-001-0032-HB_ses-04_task-deno_beh.tsv  [v=1, n=40]
  ⏳ 'LECTURE' → task-lecture
    ⚠️  bloc 3: facultatives absentes ['stimulus', 'status'] → n/a
  📋 'LECTURE': 4 bloc(s) détecté(s)
    ✓ sub-001-0032-HB_ses-01_task-lecture_beh.tsv  [v=2, n=45]
    ✓ sub-001-0032-HB_ses-02_task-lecture_beh.tsv  [v=2, n=45]
    ✓ sub-001-0032-HB_ses-03_task-lecture_beh.tsv  [v=1, n=45]
    ✓ sub-001-0032-HB_ses-04_task-lecture_beh.tsv  [v=1, n=45]
  ⏳ 'BIP' → task-bip
    ⚠️  bloc 0: facultatives absentes ['category'] → n/a
    ⚠️  bloc 0: 1 doublon(s) de trial supprimé(s)
    ⚠️  bloc 1: facultatives absentes ['personnalites_reconnues'] → n/a
    ⚠️  bloc 2: facultatives absentes ['personnalites_reconnues'] → n/a
    ⚠️  bloc 3: facultatives absentes ['personnalites_reconnues'] → n/a
  📋 'BIP': 4 bloc(s) détecté(s)
    ✓ sub-001-0032-HB_ses-01_task-bip_beh.tsv  [v=2, n=14]
    ✓ sub-001-0032-HB_ses-02_task-bip_beh.tsv  [v=2, n=14]
    ✓ sub-001-0032-HB_ses-03_task-bip_beh.tsv  [v=1, n=14]
    ✓ sub-001-0032-HB_ses-04_task-bip_beh.tsv  [v=1, n=14]
📂 sub-001-0033-PM  (3_TESTS_LANGAGIERS/001-0035-PM.xlsx)
  ⏳ 'AS verbale' → task-asverbale
    ⚠️  bloc 0: 1 ligne(s) récap supprimée(s) (pas de '.bmp' dans ['18'])
  📋 'AS verbale': 4 bloc(s) détecté(s)
    ✓ sub-001-0033-PM_ses-01_task-asverbale_beh.tsv  [v=2, n=26]
    ✓ sub-001-0033-PM_ses-02_task-asverbale_beh.tsv  [v=2, n=26]
    ✓ sub-001-0033-PM_ses-03_task-asverbale_beh.tsv  [v=1, n=26]
    ✓ sub-001-0033-PM_ses-04_task-asverbale_beh.tsv  [v=1, n=26]
  ⏳ 'AS visuelle' → task-asvisuelle
    ⚠️  bloc 0: 1 ligne(s) récap supprimée(s) (pas de '.bmp' dans ['23'])
  📋 'AS visuelle': 4 bloc(s) détecté(s)
    ✓ sub-001-0033-PM_ses-01_task-asvisuelle_beh.tsv  [v=2, n=26]
    ✓ sub-001-0033-PM_ses-02_task-asvisuelle_beh.tsv  [v=2, n=26]
    ✓ sub-001-0033-PM_ses-03_task-asvisuelle_beh.tsv  [v=1, n=26]
    ✓ sub-001-0033-PM_ses-04_task-asvisuelle_beh.tsv  [v=1, n=26]
  ⏳ 'EXE verb.' → task-exeverb
    ⚠️  bloc 0: 1 ligne(s) récap supprimée(s) (pas de '.tif' dans ['26'])
  📋 'EXE verb.': 4 bloc(s) détecté(s)
    ✓ sub-001-0033-PM_ses-01_task-exeverb_beh.tsv  [v=2, n=26]
    ✓ sub-001-0033-PM_ses-02_task-exeverb_beh.tsv  [v=2, n=26]
    ✓ sub-001-0033-PM_ses-03_task-exeverb_beh.tsv  [v=1, n=26]
    ✓ sub-001-0033-PM_ses-04_task-exeverb_beh.tsv  [v=1, n=26]
  ⏳ 'EXE visu.' → task-exevisu
    ⚠️  bloc 0: 1 ligne(s) récap supprimée(s) (pas de '.tif' dans ['21'])
  📋 'EXE visu.': 4 bloc(s) détecté(s)
    ✓ sub-001-0033-PM_ses-01_task-exevisu_beh.tsv  [v=2, n=26]
    ✓ sub-001-0033-PM_ses-02_task-exevisu_beh.tsv  [v=2, n=26]
    ✓ sub-001-0033-PM_ses-03_task-exevisu_beh.tsv  [v=1, n=26]
    ✓ sub-001-0033-PM_ses-04_task-exevisu_beh.tsv  [v=1, n=26]
  ⏳ 'FLUENCE cat.' → task-fluencecat
  📋 'FLUENCE cat.': 4 bloc(s) détecté(s)
    ✓ sub-001-0033-PM_ses-01_task-fluencecat_beh.tsv  [v=2, n=21]
    ✓ sub-001-0033-PM_ses-02_task-fluencecat_beh.tsv  [v=2, n=21]
    ✓ sub-001-0033-PM_ses-03_task-fluencecat_beh.tsv  [v=1, n=21]
    ✓ sub-001-0033-PM_ses-04_task-fluencecat_beh.tsv  [v=1, n=21]
  ⏳ 'FLUENCE verb.' → task-fluenceverb
  📋 'FLUENCE verb.': 4 bloc(s) détecté(s)
    ✓ sub-001-0033-PM_ses-01_task-fluenceverb_beh.tsv  [v=2, n=23]
    ✓ sub-001-0033-PM_ses-02_task-fluenceverb_beh.tsv  [v=2, n=23]
    ✓ sub-001-0033-PM_ses-03_task-fluenceverb_beh.tsv  [v=1, n=23]
    ✓ sub-001-0033-PM_ses-04_task-fluenceverb_beh.tsv  [v=1, n=23]
  ⏳ 'DC cat.' → task-dccat
    ⚠️  bloc 0: 1 doublon(s) de trial supprimé(s)
  📋 'DC cat.': 4 bloc(s) détecté(s)
    ✓ sub-001-0033-PM_ses-01_task-dccat_beh.tsv  [v=2, n=40]
    ✓ sub-001-0033-PM_ses-02_task-dccat_beh.tsv  [v=2, n=40]
    ✓ sub-001-0033-PM_ses-03_task-dccat_beh.tsv  [v=1, n=40]
    ✓ sub-001-0033-PM_ses-04_task-dccat_beh.tsv  [v=1, n=40]
  ⏳ 'DENO' → task-deno
    ⚠️  bloc 0: facultatives absentes ['status', 'response_time', 'accuracy'] → n/a
    ⚠️  bloc 0: 1 ligne(s) récap supprimée(s) (pas de '.bmp' dans ['21'])
    ⚠️  bloc 1: facultatives absentes ['stimulus', 'status', 'response_time', 'accuracy'] → n/a
    ⚠️  bloc 2: facultatives absentes ['stimulus', 'status', 'response_time', 'accuracy'] → n/a
    ⚠️  bloc 3: facultatives absentes ['stimulus', 'status', 'response_time', 'accuracy'] → n/a
  📋 'DENO': 4 bloc(s) détecté(s)
    ✓ sub-001-0033-PM_ses-01_task-deno_beh.tsv  [v=2, n=40]
    ✓ sub-001-0033-PM_ses-02_task-deno_beh.tsv  [v=2, n=40]
    ✓ sub-001-0033-PM_ses-03_task-deno_beh.tsv  [v=1, n=40]
    ✓ sub-001-0033-PM_ses-04_task-deno_beh.tsv  [v=1, n=40]
  ⏳ 'LECTURE' → task-lecture
    ⚠️  bloc 0: facultatives absentes ['stimulus', 'api_errors'] → n/a
    ⚠️  bloc 0: 1 doublon(s) de trial supprimé(s)
    ⚠️  bloc 1: facultatives absentes ['stimulus', 'api_errors'] → n/a
    ⚠️  bloc 2: facultatives absentes ['stimulus', 'status', 'api_errors'] → n/a
    ⚠️  bloc 3: facultatives absentes ['stimulus', 'status', 'api_errors'] → n/a
  📋 'LECTURE': 4 bloc(s) détecté(s)
    ✓ sub-001-0033-PM_ses-01_task-lecture_beh.tsv  [v=2, n=45]
    ✓ sub-001-0033-PM_ses-02_task-lecture_beh.tsv  [v=2, n=45]
    ✓ sub-001-0033-PM_ses-03_task-lecture_beh.tsv  [v=1, n=45]
    ✓ sub-001-0033-PM_ses-04_task-lecture_beh.tsv  [v=1, n=45]
  ⏳ 'BIP' → task-bip
    ⚠️  bloc 0: colonnes introuvables ['trial'] → ignoré
         noms détectés : ['PAT001-0035-PM', 'Version', 'Session', 'Block', 'Category', 'Name', 'BIP.ACC']
    ⚠️  bloc 1: colonnes introuvables ['trial'] → ignoré
         noms détectés : ['PAT001-0035-PM.1', 'Version.1', 'Session.1', 'Block.1', 'Category.1', 'Name.1', 'BIP.ACC.1']
    ⚠️  bloc 2: colonnes introuvables ['trial'] → ignoré
         noms détectés : ['PAT001-0035-PM.2', 'Version.2', 'Session.2', 'Block.2', 'Category.2', 'Name.2', 'BIP.ACC.2']
    ⚠️  bloc 3: colonnes introuvables ['trial'] → ignoré
         noms détectés : ['PAT001-0035-PM.3', 'Version.3', 'Session.3', 'Block.3', 'Category.3', 'Name.3', 'BIP.ACC.3']
  ⚠️  'BIP': aucun bloc valide trouvé
📂 sub-001-0035-LC  (3_TESTS_LANGAGIERS/001-0036-LC.xlsx)
  ⏳ 'AS verbale' → task-asverbale
  📋 'AS verbale': 4 bloc(s) détecté(s)
    ✓ sub-001-0035-LC_ses-01_task-asverbale_beh.tsv  [v=1, n=26]
    ✓ sub-001-0035-LC_ses-02_task-asverbale_beh.tsv  [v=1, n=26]
    ✓ sub-001-0035-LC_ses-03_task-asverbale_beh.tsv  [v=2, n=26]
    ✓ sub-001-0035-LC_ses-04_task-asverbale_beh.tsv  [v=2, n=26]
  ⏳ 'AS visuelle' → task-asvisuelle
    ⚠️  bloc 0: 1 ligne(s) récap supprimée(s) (pas de '.bmp' dans ['24'])
  📋 'AS visuelle': 4 bloc(s) détecté(s)
    ✓ sub-001-0035-LC_ses-01_task-asvisuelle_beh.tsv  [v=1, n=26]
    ✓ sub-001-0035-LC_ses-02_task-asvisuelle_beh.tsv  [v=1, n=26]
    ✓ sub-001-0035-LC_ses-03_task-asvisuelle_beh.tsv  [v=2, n=26]
    ✓ sub-001-0035-LC_ses-04_task-asvisuelle_beh.tsv  [v=2, n=26]
  ⏳ 'EXE verb.' → task-exeverb
    ⚠️  bloc 0: 1 ligne(s) récap supprimée(s) (pas de '.tif' dans ['25'])
  📋 'EXE verb.': 4 bloc(s) détecté(s)
    ✓ sub-001-0035-LC_ses-01_task-exeverb_beh.tsv  [v=1, n=26]
    ✓ sub-001-0035-LC_ses-02_task-exeverb_beh.tsv  [v=1, n=26]
    ✓ sub-001-0035-LC_ses-03_task-exeverb_beh.tsv  [v=2, n=26]
    ✓ sub-001-0035-LC_ses-04_task-exeverb_beh.tsv  [v=2, n=26]
  ⏳ 'EXE visu.' → task-exevisu
    ⚠️  bloc 0: 1 ligne(s) récap supprimée(s) (pas de '.tif' dans ['26'])
  📋 'EXE visu.': 4 bloc(s) détecté(s)
    ✓ sub-001-0035-LC_ses-01_task-exevisu_beh.tsv  [v=1, n=26]
    ✓ sub-001-0035-LC_ses-02_task-exevisu_beh.tsv  [v=1, n=26]
    ✓ sub-001-0035-LC_ses-03_task-exevisu_beh.tsv  [v=2, n=26]
    ✓ sub-001-0035-LC_ses-04_task-exevisu_beh.tsv  [v=2, n=26]
  ⏳ 'FLUENCE cat.' → task-fluencecat
    ⚠️  bloc 3: colonnes introuvables ['item_text'] → ignoré
         noms détectés : ['PAT001-0036-LC.3', 'Version.3', 'Session.3', 'n°.1', 'Unnamed: 27', 'Nombre.3']
  📋 'FLUENCE cat.': 3 bloc(s) détecté(s)
    ✓ sub-001-0035-LC_ses-01_task-fluencecat_beh.tsv  [v=1, n=19]
    ✓ sub-001-0035-LC_ses-02_task-fluencecat_beh.tsv  [v=1, n=19]
    ✓ sub-001-0035-LC_ses-03_task-fluencecat_beh.tsv  [v=2, n=19]
  ⏳ 'FLUENCE verb.' → task-fluenceverb
  📋 'FLUENCE verb.': 4 bloc(s) détecté(s)
    ✓ sub-001-0035-LC_ses-01_task-fluenceverb_beh.tsv  [v=1, n=21]
    ✓ sub-001-0035-LC_ses-02_task-fluenceverb_beh.tsv  [v=1, n=21]
    ✓ sub-001-0035-LC_ses-03_task-fluenceverb_beh.tsv  [v=2, n=21]
    ✓ sub-001-0035-LC_ses-04_task-fluenceverb_beh.tsv  [v=2, n=21]
  ⏳ 'DC cat.' → task-dccat
    ⚠️  bloc 0: 1 doublon(s) de trial supprimé(s)
  📋 'DC cat.': 4 bloc(s) détecté(s)
    ✓ sub-001-0035-LC_ses-01_task-dccat_beh.tsv  [v=1, n=40]
    ✓ sub-001-0035-LC_ses-02_task-dccat_beh.tsv  [v=1, n=40]
    ✓ sub-001-0035-LC_ses-03_task-dccat_beh.tsv  [v=2, n=40]
    ✓ sub-001-0035-LC_ses-04_task-dccat_beh.tsv  [v=2, n=40]
  ⏳ 'DENO' → task-deno
    ⚠️  bloc 0: facultatives absentes ['status', 'response_time', 'accuracy'] → n/a
    ⚠️  bloc 0: 1 ligne(s) récap supprimée(s) (pas de '.bmp' dans ['37'])
    ⚠️  bloc 1: facultatives absentes ['status', 'response_time', 'accuracy'] → n/a
    ⚠️  bloc 2: facultatives absentes ['status', 'response_time', 'accuracy'] → n/a
    ⚠️  bloc 3: facultatives absentes ['stimulus', 'status', 'response_time', 'accuracy'] → n/a
  📋 'DENO': 4 bloc(s) détecté(s)
    ✓ sub-001-0035-LC_ses-01_task-deno_beh.tsv  [v=1, n=40]
    ✓ sub-001-0035-LC_ses-02_task-deno_beh.tsv  [v=1, n=40]
    ✓ sub-001-0035-LC_ses-03_task-deno_beh.tsv  [v=2, n=40]
    ✓ sub-001-0035-LC_ses-04_task-deno_beh.tsv  [v=2, n=40]
  ⏳ 'LECTURE' → task-lecture
    ⚠️  bloc 0: facultatives absentes ['stimulus', 'status', 'api_errors'] → n/a
    ⚠️  bloc 1: facultatives absentes ['stimulus', 'status', 'api_errors'] → n/a
    ⚠️  bloc 2: facultatives absentes ['stimulus', 'api_errors'] → n/a
    ⚠️  bloc 3: facultatives absentes ['stimulus', 'api_errors'] → n/a
  📋 'LECTURE': 4 bloc(s) détecté(s)
    ✓ sub-001-0035-LC_ses-01_task-lecture_beh.tsv  [v=1, n=45]
    ✓ sub-001-0035-LC_ses-02_task-lecture_beh.tsv  [v=1, n=45]
    ✓ sub-001-0035-LC_ses-03_task-lecture_beh.tsv  [v=2, n=45]
    ✓ sub-001-0035-LC_ses-04_task-lecture_beh.tsv  [v=2, n=45]
  ⏳ 'BIP' → task-bip
    ⚠️  bloc 0: facultatives absentes ['category', 'nom'] → n/a
    ⚠️  bloc 1: facultatives absentes ['personnalites_reconnues'] → n/a
    ⚠️  bloc 2: facultatives absentes ['category', 'nom'] → n/a
    ⚠️  bloc 3: facultatives absentes ['personnalites_reconnues'] → n/a
  📋 'BIP': 4 bloc(s) détecté(s)
    ✓ sub-001-0035-LC_ses-01_task-bip_beh.tsv  [v=1, n=14]
    ✓ sub-001-0035-LC_ses-02_task-bip_beh.tsv  [v=1, n=14]
    ✓ sub-001-0035-LC_ses-03_task-bip_beh.tsv  [v=2, n=14]
    ✓ sub-001-0035-LC_ses-04_task-bip_beh.tsv  [v=2, n=14]
📂 sub-001-0037-TJ  (3_TESTS_LANGAGIERS/001-0038-TJ.xlsx)
  ⏳ 'AS verbale' → task-asverbale
  📋 'AS verbale': 4 bloc(s) détecté(s)
    ✓ sub-001-0037-TJ_ses-01_task-asverbale_beh.tsv  [v=1, n=26]
    ✓ sub-001-0037-TJ_ses-02_task-asverbale_beh.tsv  [v=1, n=26]
    ✓ sub-001-0037-TJ_ses-03_task-asverbale_beh.tsv  [v=2, n=26]
    ✓ sub-001-0037-TJ_ses-04_task-asverbale_beh.tsv  [v=2, n=25]
  ⏳ 'AS visuelle' → task-asvisuelle
    ⚠️  bloc 0: 1 ligne(s) récap supprimée(s) (pas de '.bmp' dans ['24'])
  📋 'AS visuelle': 4 bloc(s) détecté(s)
    ✓ sub-001-0037-TJ_ses-01_task-asvisuelle_beh.tsv  [v=1, n=26]
    ✓ sub-001-0037-TJ_ses-02_task-asvisuelle_beh.tsv  [v=1, n=26]
    ✓ sub-001-0037-TJ_ses-03_task-asvisuelle_beh.tsv  [v=2, n=26]
    ✓ sub-001-0037-TJ_ses-04_task-asvisuelle_beh.tsv  [v=2, n=26]
  ⏳ 'EXE verb.' → task-exeverb
    ⚠️  bloc 0: 1 ligne(s) récap supprimée(s) (pas de '.tif' dans ['26'])
  📋 'EXE verb.': 4 bloc(s) détecté(s)
    ✓ sub-001-0037-TJ_ses-01_task-exeverb_beh.tsv  [v=1, n=26]
    ✓ sub-001-0037-TJ_ses-02_task-exeverb_beh.tsv  [v=1, n=26]
    ✓ sub-001-0037-TJ_ses-03_task-exeverb_beh.tsv  [v=2, n=26]
    ✓ sub-001-0037-TJ_ses-04_task-exeverb_beh.tsv  [v=2, n=26]
  ⏳ 'EXE visu.' → task-exevisu
    ⚠️  bloc 0: 1 ligne(s) récap supprimée(s) (pas de '.tif' dans ['26'])
  📋 'EXE visu.': 4 bloc(s) détecté(s)
    ✓ sub-001-0037-TJ_ses-01_task-exevisu_beh.tsv  [v=1, n=26]
    ✓ sub-001-0037-TJ_ses-02_task-exevisu_beh.tsv  [v=1, n=26]
    ✓ sub-001-0037-TJ_ses-03_task-exevisu_beh.tsv  [v=2, n=26]
    ✓ sub-001-0037-TJ_ses-04_task-exevisu_beh.tsv  [v=2, n=26]
  ⏳ 'FLUENCE cat.' → task-fluencecat
  📋 'FLUENCE cat.': 4 bloc(s) détecté(s)
    ✓ sub-001-0037-TJ_ses-01_task-fluencecat_beh.tsv  [v=1, n=13]
    ✓ sub-001-0037-TJ_ses-02_task-fluencecat_beh.tsv  [v=1, n=13]
    ✓ sub-001-0037-TJ_ses-03_task-fluencecat_beh.tsv  [v=2, n=13]
    ✓ sub-001-0037-TJ_ses-04_task-fluencecat_beh.tsv  [v=2, n=13]
  ⏳ 'FLUENCE verb.' → task-fluenceverb
  📋 'FLUENCE verb.': 4 bloc(s) détecté(s)
    ✓ sub-001-0037-TJ_ses-01_task-fluenceverb_beh.tsv  [v=1, n=42]
    ✓ sub-001-0037-TJ_ses-02_task-fluenceverb_beh.tsv  [v=1, n=42]
    ✓ sub-001-0037-TJ_ses-03_task-fluenceverb_beh.tsv  [v=2, n=42]
    ✓ sub-001-0037-TJ_ses-04_task-fluenceverb_beh.tsv  [v=2, n=42]
  ⏳ 'DC cat.' → task-dccat
    ⚠️  bloc 0: 1 doublon(s) de trial supprimé(s)
  📋 'DC cat.': 4 bloc(s) détecté(s)
    ✓ sub-001-0037-TJ_ses-01_task-dccat_beh.tsv  [v=1, n=41]
    ✓ sub-001-0037-TJ_ses-02_task-dccat_beh.tsv  [v=1, n=40]
    ✓ sub-001-0037-TJ_ses-03_task-dccat_beh.tsv  [v=2, n=40]
    ✓ sub-001-0037-TJ_ses-04_task-dccat_beh.tsv  [v=2, n=40]
  ⏳ 'DENO' → task-deno
    ⚠️  bloc 0: facultatives absentes ['status', 'response_time', 'accuracy', 'response'] → n/a
    ⚠️  bloc 0: 1 ligne(s) récap supprimée(s) (pas de '.bmp' dans [nan])
    ⚠️  bloc 1: facultatives absentes ['stimulus', 'status', 'response_time', 'accuracy'] → n/a
    ⚠️  bloc 2: facultatives absentes ['stimulus', 'status', 'response_time', 'accuracy'] → n/a
    ⚠️  bloc 3: facultatives absentes ['stimulus', 'status', 'response_time', 'accuracy'] → n/a
  📋 'DENO': 4 bloc(s) détecté(s)
    ✓ sub-001-0037-TJ_ses-00_task-deno_beh.tsv  [v=INC, n=40]
    ✓ sub-001-0037-TJ_ses-02_task-deno_beh.tsv  [v=1, n=40]
    ✓ sub-001-0037-TJ_ses-03_task-deno_beh.tsv  [v=2, n=40]
    ✓ sub-001-0037-TJ_ses-04_task-deno_beh.tsv  [v=2, n=40]
  ⏳ 'LECTURE' → task-lecture
    ⚠️  bloc 0: facultatives absentes ['stimulus', 'status', 'api_errors'] → n/a
    ⚠️  bloc 1: facultatives absentes ['stimulus', 'status', 'api_errors'] → n/a
    ⚠️  bloc 2: facultatives absentes ['stimulus', 'api_errors'] → n/a
    ⚠️  bloc 3: facultatives absentes ['stimulus', 'api_errors'] → n/a
  📋 'LECTURE': 4 bloc(s) détecté(s)
    ✓ sub-001-0037-TJ_ses-01_task-lecture_beh.tsv  [v=1, n=45]
    ✓ sub-001-0037-TJ_ses-02_task-lecture_beh.tsv  [v=1, n=45]
    ✓ sub-001-0037-TJ_ses-03_task-lecture_beh.tsv  [v=2, n=45]
    ✓ sub-001-0037-TJ_ses-04_task-lecture_beh.tsv  [v=2, n=45]
  ⏳ 'BIP' → task-bip
    ⚠️  bloc 0: facultatives absentes ['personnalites_reconnues'] → n/a
    ⚠️  bloc 0: 1 doublon(s) de trial supprimé(s)
  📋 'BIP': 4 bloc(s) détecté(s)
    ✓ sub-001-0037-TJ_ses-01_task-bip_beh.tsv  [v=1, n=14]
    ✓ sub-001-0037-TJ_ses-02_task-bip_beh.tsv  [v=1, n=14]
    ✓ sub-001-0037-TJ_ses-03_task-bip_beh.tsv  [v=2, n=14]
    ✓ sub-001-0037-TJ_ses-04_task-bip_beh.tsv  [v=2, n=14]
📂 sub-001-0041-PE  (3_TESTS_LANGAGIERS/001-0043-PE.xlsx)
  ⏳ 'AS verbale' → task-asverbale
    ⚠️  bloc 0: 1 ligne(s) récap supprimée(s) (pas de '.bmp' dans [nan])
  📋 'AS verbale': 4 bloc(s) détecté(s)
    ✓ sub-001-0041-PE_ses-01_task-asverbale_beh.tsv  [v=2, n=26]
    ✓ sub-001-0041-PE_ses-02_task-asverbale_beh.tsv  [v=2, n=26]
    ✓ sub-001-0041-PE_ses-03_task-asverbale_beh.tsv  [v=1, n=26]
    ✓ sub-001-0041-PE_ses-04_task-asverbale_beh.tsv  [v=1, n=26]
  ⏳ 'AS visuelle' → task-asvisuelle
    ⚠️  bloc 0: 1 ligne(s) récap supprimée(s) (pas de '.bmp' dans ['25'])
    ⚠️  bloc 3: facultatives absentes ['target'] → n/a
  📋 'AS visuelle': 4 bloc(s) détecté(s)
    ✓ sub-001-0041-PE_ses-01_task-asvisuelle_beh.tsv  [v=2, n=26]
    ✓ sub-001-0041-PE_ses-02_task-asvisuelle_beh.tsv  [v=2, n=26]
    ✓ sub-001-0041-PE_ses-03_task-asvisuelle_beh.tsv  [v=1, n=26]
    ✓ sub-001-0041-PE_ses-04_task-asvisuelle_beh.tsv  [v=1, n=26]
  ⏳ 'EXE verb.' → task-exeverb
  📋 'EXE verb.': 4 bloc(s) détecté(s)
    ✓ sub-001-0041-PE_ses-01_task-exeverb_beh.tsv  [v=2, n=26]
    ✓ sub-001-0041-PE_ses-02_task-exeverb_beh.tsv  [v=2, n=26]
    ✓ sub-001-0041-PE_ses-03_task-exeverb_beh.tsv  [v=1, n=26]
    ✓ sub-001-0041-PE_ses-04_task-exeverb_beh.tsv  [v=1, n=26]
  ⏳ 'EXE visu.' → task-exevisu
  📋 'EXE visu.': 4 bloc(s) détecté(s)
    ✓ sub-001-0041-PE_ses-01_task-exevisu_beh.tsv  [v=2, n=26]
    ✓ sub-001-0041-PE_ses-02_task-exevisu_beh.tsv  [v=2, n=26]
    ✓ sub-001-0041-PE_ses-03_task-exevisu_beh.tsv  [v=1, n=26]
    ✓ sub-001-0041-PE_ses-04_task-exevisu_beh.tsv  [v=1, n=26]
  ⏳ 'FLUENCE cat.' → task-fluencecat
  📋 'FLUENCE cat.': 4 bloc(s) détecté(s)
    ✓ sub-001-0041-PE_ses-01_task-fluencecat_beh.tsv  [v=2, n=28]
    ✓ sub-001-0041-PE_ses-02_task-fluencecat_beh.tsv  [v=2, n=28]
    ✓ sub-001-0041-PE_ses-03_task-fluencecat_beh.tsv  [v=1, n=28]
    ✓ sub-001-0041-PE_ses-04_task-fluencecat_beh.tsv  [v=1, n=28]
  ⏭️  'FLUENCE verb.' absente
  ⏳ 'DC cat.' → task-dccat
  📋 'DC cat.': 4 bloc(s) détecté(s)
    ✓ sub-001-0041-PE_ses-01_task-dccat_beh.tsv  [v=2, n=40]
    ✓ sub-001-0041-PE_ses-02_task-dccat_beh.tsv  [v=2, n=40]
    ✓ sub-001-0041-PE_ses-03_task-dccat_beh.tsv  [v=1, n=40]
    ✓ sub-001-0041-PE_ses-04_task-dccat_beh.tsv  [v=1, n=40]
  ⏳ 'DENO' → task-deno
    ⚠️  bloc 0: facultatives absentes ['stimulus', 'status', 'response_time', 'accuracy'] → n/a
    ⚠️  bloc 0: 1 doublon(s) de trial supprimé(s)
    ⚠️  bloc 1: facultatives absentes ['stimulus', 'status', 'response_time', 'accuracy'] → n/a
    ⚠️  bloc 2: facultatives absentes ['stimulus', 'status', 'response_time', 'accuracy'] → n/a
    ⚠️  bloc 3: facultatives absentes ['stimulus', 'status', 'response_time', 'accuracy'] → n/a
  📋 'DENO': 4 bloc(s) détecté(s)
    ✓ sub-001-0041-PE_ses-01_task-deno_beh.tsv  [v=2, n=40]
    ✓ sub-001-0041-PE_ses-02_task-deno_beh.tsv  [v=2, n=40]
    ✓ sub-001-0041-PE_ses-03_task-deno_beh.tsv  [v=1, n=40]
    ✓ sub-001-0041-PE_ses-04_task-deno_beh.tsv  [v=1, n=40]
  ⏳ 'LECTURE' → task-lecture
    ⚠️  bloc 0: facultatives absentes ['stimulus', 'api_errors'] → n/a
    ⚠️  bloc 1: facultatives absentes ['stimulus', 'api_errors'] → n/a
    ⚠️  bloc 2: facultatives absentes ['stimulus', 'status', 'api_errors'] → n/a
    ⚠️  bloc 3: facultatives absentes ['stimulus', 'api_errors'] → n/a
  📋 'LECTURE': 4 bloc(s) détecté(s)
    ✓ sub-001-0041-PE_ses-01_task-lecture_beh.tsv  [v=2, n=45]
    ✓ sub-001-0041-PE_ses-02_task-lecture_beh.tsv  [v=2, n=45]
    ✓ sub-001-0041-PE_ses-03_task-lecture_beh.tsv  [v=1, n=45]
    ✓ sub-001-0041-PE_ses-04_task-lecture_beh.tsv  [v=1, n=6]
  ⏳ 'BIP' → task-bip
    ⚠️  bloc 0: 1 doublon(s) de trial supprimé(s)
  📋 'BIP': 4 bloc(s) détecté(s)
    ✓ sub-001-0041-PE_ses-01_task-bip_beh.tsv  [v=2, n=14]
    ⚠️  DOUBLON de session : ses-01 déjà vu au bloc 1 → bloc 2 va écraser le précédent
    ✓ sub-001-0041-PE_ses-01_task-bip_beh.tsv  [v=2, n=14]
    ⚠️  DOUBLON de session : ses-01 déjà vu au bloc 2 → bloc 3 va écraser le précédent
    ✓ sub-001-0041-PE_ses-01_task-bip_beh.tsv  [v=1, n=14]
    ✓ sub-001-0041-PE_ses-04_task-bip_beh.tsv  [v=1, n=14]
📂 sub-001-0046-OP  (3_TESTS_LANGAGIERS/001-0048-OP.xlsx)
  ⏳ 'AS verbale' → task-asverbale
  📋 'AS verbale': 4 bloc(s) détecté(s)
    ✓ sub-001-0046-OP_ses-01_task-asverbale_beh.tsv  [v=2, n=26]
    ✓ sub-001-0046-OP_ses-02_task-asverbale_beh.tsv  [v=2, n=26]
    ✓ sub-001-0046-OP_ses-03_task-asverbale_beh.tsv  [v=1, n=26]
    ✓ sub-001-0046-OP_ses-04_task-asverbale_beh.tsv  [v=1, n=26]
  ⏳ 'AS visuelle' → task-asvisuelle
  📋 'AS visuelle': 4 bloc(s) détecté(s)
    ✓ sub-001-0046-OP_ses-01_task-asvisuelle_beh.tsv  [v=2, n=26]
    ✓ sub-001-0046-OP_ses-02_task-asvisuelle_beh.tsv  [v=2, n=26]
    ✓ sub-001-0046-OP_ses-03_task-asvisuelle_beh.tsv  [v=1, n=26]
    ✓ sub-001-0046-OP_ses-04_task-asvisuelle_beh.tsv  [v=1, n=26]
  ⏳ 'EXE verb.' → task-exeverb
  📋 'EXE verb.': 4 bloc(s) détecté(s)
    ✓ sub-001-0046-OP_ses-01_task-exeverb_beh.tsv  [v=2, n=26]
    ✓ sub-001-0046-OP_ses-02_task-exeverb_beh.tsv  [v=2, n=26]
    ✓ sub-001-0046-OP_ses-03_task-exeverb_beh.tsv  [v=1, n=26]
    ✓ sub-001-0046-OP_ses-04_task-exeverb_beh.tsv  [v=1, n=26]
  ⏳ 'EXE visu.' → task-exevisu
  📋 'EXE visu.': 4 bloc(s) détecté(s)
    ✓ sub-001-0046-OP_ses-01_task-exevisu_beh.tsv  [v=2, n=26]
    ✓ sub-001-0046-OP_ses-02_task-exevisu_beh.tsv  [v=2, n=26]
    ✓ sub-001-0046-OP_ses-03_task-exevisu_beh.tsv  [v=1, n=26]
    ✓ sub-001-0046-OP_ses-04_task-exevisu_beh.tsv  [v=1, n=26]
  ⏳ 'FLUENCE cat.' → task-fluencecat
  📋 'FLUENCE cat.': 4 bloc(s) détecté(s)
    ✓ sub-001-0046-OP_ses-01_task-fluencecat_beh.tsv  [v=2, n=15]
    ✓ sub-001-0046-OP_ses-02_task-fluencecat_beh.tsv  [v=2, n=15]
    ✓ sub-001-0046-OP_ses-03_task-fluencecat_beh.tsv  [v=1, n=15]
    ✓ sub-001-0046-OP_ses-04_task-fluencecat_beh.tsv  [v=1, n=15]
  ⏳ 'FLUENCE verb.' → task-fluenceverb
  📋 'FLUENCE verb.': 4 bloc(s) détecté(s)
    ✓ sub-001-0046-OP_ses-01_task-fluenceverb_beh.tsv  [v=2, n=33]
    ✓ sub-001-0046-OP_ses-02_task-fluenceverb_beh.tsv  [v=2, n=33]
    ✓ sub-001-0046-OP_ses-03_task-fluenceverb_beh.tsv  [v=1, n=33]
    ✓ sub-001-0046-OP_ses-04_task-fluenceverb_beh.tsv  [v=1, n=33]
  ⏳ 'DC cat.' → task-dccat
    ⚠️  bloc 3: colonnes introuvables ['session'] → ignoré
         noms détectés : ['PAT001-0048-OP.3', 'Trial.3', 'status.3', 'stimulus.3', 'TextDisplay2.ACC.3', 'TextDisplay2.RT.3', 'RT corr.3']
  📋 'DC cat.': 3 bloc(s) détecté(s)
    ✓ sub-001-0046-OP_ses-01_task-dccat_beh.tsv  [v=2, n=40]
    ✓ sub-001-0046-OP_ses-02_task-dccat_beh.tsv  [v=2, n=40]
    ✓ sub-001-0046-OP_ses-03_task-dccat_beh.tsv  [v=1, n=40]
  ⏳ 'DENO' → task-deno
    ⚠️  bloc 0: facultatives absentes ['stimulus', 'status', 'response_time', 'accuracy', 'score_manual'] → n/a
    ⚠️  bloc 1: facultatives absentes ['stimulus', 'status', 'response_time', 'accuracy'] → n/a
    ⚠️  bloc 2: facultatives absentes ['stimulus', 'status', 'response_time', 'accuracy'] → n/a
    ⚠️  bloc 3: facultatives absentes ['stimulus', 'status', 'response_time', 'accuracy'] → n/a
  📋 'DENO': 4 bloc(s) détecté(s)
    ✓ sub-001-0046-OP_ses-01_task-deno_beh.tsv  [v=2, n=40]
    ✓ sub-001-0046-OP_ses-02_task-deno_beh.tsv  [v=2, n=40]
    ✓ sub-001-0046-OP_ses-03_task-deno_beh.tsv  [v=1, n=40]
    ⚠️  DOUBLON de session : ses-01 déjà vu au bloc 1 → bloc 4 va écraser le précédent
    ✓ sub-001-0046-OP_ses-01_task-deno_beh.tsv  [v=4, n=40]
  ⏳ 'LECTURE' → task-lecture
    ⚠️  bloc 0: facultatives absentes ['stimulus', 'api_errors'] → n/a
    ⚠️  bloc 1: facultatives absentes ['stimulus', 'api_errors'] → n/a
    ⚠️  bloc 2: facultatives absentes ['stimulus', 'status', 'api_errors'] → n/a
    ⚠️  bloc 3: facultatives absentes ['stimulus', 'status', 'api_errors'] → n/a
  📋 'LECTURE': 4 bloc(s) détecté(s)
    ✓ sub-001-0046-OP_ses-01_task-lecture_beh.tsv  [v=2, n=45]
    ✓ sub-001-0046-OP_ses-02_task-lecture_beh.tsv  [v=2, n=45]
    ✓ sub-001-0046-OP_ses-03_task-lecture_beh.tsv  [v=1, n=45]
    ✓ sub-001-0046-OP_ses-04_task-lecture_beh.tsv  [v=1, n=45]
  ⏳ 'BIP' → task-bip
  📋 'BIP': 4 bloc(s) détecté(s)
    ✓ sub-001-0046-OP_ses-01_task-bip_beh.tsv  [v=2, n=14]
    ✓ sub-001-0046-OP_ses-02_task-bip_beh.tsv  [v=2, n=14]
    ✓ sub-001-0046-OP_ses-03_task-bip_beh.tsv  [v=1, n=14]
    ✓ sub-001-0046-OP_ses-04_task-bip_beh.tsv  [v=1, n=14]
📂 sub-001-0047-HJ  (3_TESTS_LANGAGIERS/001-0049-HJ.xlsx)
  ⏳ 'AS verbale' → task-asverbale
  📋 'AS verbale': 4 bloc(s) détecté(s)
    ✓ sub-001-0047-HJ_ses-01_task-asverbale_beh.tsv  [v=2, n=26]
    ✓ sub-001-0047-HJ_ses-02_task-asverbale_beh.tsv  [v=2, n=26]
    ✓ sub-001-0047-HJ_ses-03_task-asverbale_beh.tsv  [v=1, n=26]
    ✓ sub-001-0047-HJ_ses-04_task-asverbale_beh.tsv  [v=1, n=26]
  ⏳ 'AS visuelle' → task-asvisuelle
  📋 'AS visuelle': 4 bloc(s) détecté(s)
    ✓ sub-001-0047-HJ_ses-01_task-asvisuelle_beh.tsv  [v=2, n=26]
    ✓ sub-001-0047-HJ_ses-02_task-asvisuelle_beh.tsv  [v=2, n=26]
    ✓ sub-001-0047-HJ_ses-03_task-asvisuelle_beh.tsv  [v=1, n=26]
    ✓ sub-001-0047-HJ_ses-04_task-asvisuelle_beh.tsv  [v=1, n=26]
  ⏳ 'EXE verb.' → task-exeverb
  📋 'EXE verb.': 4 bloc(s) détecté(s)
    ✓ sub-001-0047-HJ_ses-01_task-exeverb_beh.tsv  [v=2, n=26]
    ✓ sub-001-0047-HJ_ses-02_task-exeverb_beh.tsv  [v=2, n=26]
    ✓ sub-001-0047-HJ_ses-03_task-exeverb_beh.tsv  [v=1, n=26]
    ✓ sub-001-0047-HJ_ses-04_task-exeverb_beh.tsv  [v=1, n=26]
  ⏳ 'EXE visu.' → task-exevisu
  📋 'EXE visu.': 4 bloc(s) détecté(s)
    ✓ sub-001-0047-HJ_ses-01_task-exevisu_beh.tsv  [v=2, n=26]
    ✓ sub-001-0047-HJ_ses-02_task-exevisu_beh.tsv  [v=2, n=26]
    ✓ sub-001-0047-HJ_ses-03_task-exevisu_beh.tsv  [v=1, n=26]
    ✓ sub-001-0047-HJ_ses-04_task-exevisu_beh.tsv  [v=1, n=26]
  ⏳ 'FLUENCE cat.' → task-fluencecat
  📋 'FLUENCE cat.': 4 bloc(s) détecté(s)
    ✓ sub-001-0047-HJ_ses-02_task-fluencecat_beh.tsv  [v=2, n=13]
    ⚠️  DOUBLON de session : ses-02 déjà vu au bloc 1 → bloc 2 va écraser le précédent
    ✓ sub-001-0047-HJ_ses-02_task-fluencecat_beh.tsv  [v=2, n=13]
    ✓ sub-001-0047-HJ_ses-03_task-fluencecat_beh.tsv  [v=1, n=13]
    ✓ sub-001-0047-HJ_ses-04_task-fluencecat_beh.tsv  [v=1, n=13]
  ⏳ 'FLUENCE verb.' → task-fluenceverb
    ⚠️  bloc 1: colonnes introuvables ['item_text'] → ignoré
         noms détectés : ['PAT001-0049-HJ.1', 'Version.1', 'Session.1', 'n°.1', 'charge']
    ⚠️  bloc 2: colonnes introuvables ['item_text'] → ignoré
         noms détectés : ['PAT001-0049-HJ.2', 'Version.2', 'Session.2', 'n°.2', 'Unnamed: 21', 'Unnamed: 23']
  📋 'FLUENCE verb.': 2 bloc(s) détecté(s)
    ✓ sub-001-0047-HJ_ses-01_task-fluenceverb_beh.tsv  [v=2, n=45]
    ✓ sub-001-0047-HJ_ses-04_task-fluenceverb_beh.tsv  [v=2, n=45]
  ⏳ 'DC cat.' → task-dccat
  📋 'DC cat.': 4 bloc(s) détecté(s)
    ✓ sub-001-0047-HJ_ses-01_task-dccat_beh.tsv  [v=2, n=40]
    ✓ sub-001-0047-HJ_ses-02_task-dccat_beh.tsv  [v=2, n=40]
    ✓ sub-001-0047-HJ_ses-03_task-dccat_beh.tsv  [v=1, n=40]
    ✓ sub-001-0047-HJ_ses-04_task-dccat_beh.tsv  [v=1, n=40]
  ⏳ 'DENO' → task-deno
    ⚠️  bloc 0: facultatives absentes ['stimulus', 'status', 'response_time', 'accuracy'] → n/a
    ⚠️  bloc 1: facultatives absentes ['stimulus', 'status', 'response_time', 'accuracy'] → n/a
    ⚠️  bloc 2: facultatives absentes ['stimulus', 'status', 'response_time', 'accuracy'] → n/a
    ⚠️  bloc 3: facultatives absentes ['stimulus', 'status', 'response_time', 'accuracy'] → n/a
  📋 'DENO': 4 bloc(s) détecté(s)
    ✓ sub-001-0047-HJ_ses-01_task-deno_beh.tsv  [v=2, n=40]
    ✓ sub-001-0047-HJ_ses-02_task-deno_beh.tsv  [v=2, n=40]
    ✓ sub-001-0047-HJ_ses-03_task-deno_beh.tsv  [v=1, n=40]
    ✓ sub-001-0047-HJ_ses-04_task-deno_beh.tsv  [v=1, n=40]
  ⏳ 'LECTURE' → task-lecture
    ⚠️  bloc 0: facultatives absentes ['stimulus', 'api_errors'] → n/a
    ⚠️  bloc 1: facultatives absentes ['stimulus', 'api_errors'] → n/a
    ⚠️  bloc 2: facultatives absentes ['stimulus', 'status', 'api_errors'] → n/a
    ⚠️  bloc 3: facultatives absentes ['stimulus', 'status', 'api_errors'] → n/a
  📋 'LECTURE': 4 bloc(s) détecté(s)
    ✓ sub-001-0047-HJ_ses-01_task-lecture_beh.tsv  [v=2, n=45]
    ⚠️  DOUBLON de session : ses-01 déjà vu au bloc 1 → bloc 2 va écraser le précédent
    ✓ sub-001-0047-HJ_ses-01_task-lecture_beh.tsv  [v=2, n=45]
    ✓ sub-001-0047-HJ_ses-03_task-lecture_beh.tsv  [v=1, n=45]
    ✓ sub-001-0047-HJ_ses-04_task-lecture_beh.tsv  [v=1, n=45]
  ⏳ 'BIP' → task-bip
  📋 'BIP': 4 bloc(s) détecté(s)
    ✓ sub-001-0047-HJ_ses-01_task-bip_beh.tsv  [v=2, n=14]
    ✓ sub-001-0047-HJ_ses-02_task-bip_beh.tsv  [v=2, n=14]
    ✓ sub-001-0047-HJ_ses-03_task-bip_beh.tsv  [v=1, n=14]
    ✓ sub-001-0047-HJ_ses-04_task-bip_beh.tsv  [v=1, n=14]
📂 sub-001-0049-GM  (3_TESTS_LANGAGIERS/001-0051-GM.xlsx)
  ⏳ 'AS verbale' → task-asverbale
  📋 'AS verbale': 4 bloc(s) détecté(s)
    ✓ sub-001-0049-GM_ses-01_task-asverbale_beh.tsv  [v=1, n=26]
    ✓ sub-001-0049-GM_ses-02_task-asverbale_beh.tsv  [v=1, n=26]
    ✓ sub-001-0049-GM_ses-03_task-asverbale_beh.tsv  [v=2, n=4]
    ✓ sub-001-0049-GM_ses-04_task-asverbale_beh.tsv  [v=2, n=26]
  ⏳ 'AS visuelle' → task-asvisuelle
  📋 'AS visuelle': 4 bloc(s) détecté(s)
    ✓ sub-001-0049-GM_ses-01_task-asvisuelle_beh.tsv  [v=1, n=26]
    ✓ sub-001-0049-GM_ses-02_task-asvisuelle_beh.tsv  [v=1, n=26]
    ✓ sub-001-0049-GM_ses-03_task-asvisuelle_beh.tsv  [v=2, n=26]
    ✓ sub-001-0049-GM_ses-04_task-asvisuelle_beh.tsv  [v=2, n=26]
  ⏳ 'EXE verb.' → task-exeverb
  📋 'EXE verb.': 4 bloc(s) détecté(s)
    ✓ sub-001-0049-GM_ses-01_task-exeverb_beh.tsv  [v=1, n=26]
    ✓ sub-001-0049-GM_ses-02_task-exeverb_beh.tsv  [v=1, n=26]
    ✓ sub-001-0049-GM_ses-03_task-exeverb_beh.tsv  [v=2, n=26]
    ✓ sub-001-0049-GM_ses-04_task-exeverb_beh.tsv  [v=2, n=26]
  ⏳ 'EXE visu.' → task-exevisu
  📋 'EXE visu.': 4 bloc(s) détecté(s)
    ✓ sub-001-0049-GM_ses-01_task-exevisu_beh.tsv  [v=1, n=26]
    ✓ sub-001-0049-GM_ses-02_task-exevisu_beh.tsv  [v=1, n=26]
    ✓ sub-001-0049-GM_ses-03_task-exevisu_beh.tsv  [v=2, n=26]
    ✓ sub-001-0049-GM_ses-04_task-exevisu_beh.tsv  [v=2, n=26]
  ⏳ 'FLUENCE cat.' → task-fluencecat
  📋 'FLUENCE cat.': 4 bloc(s) détecté(s)
    ✓ sub-001-0049-GM_ses-01_task-fluencecat_beh.tsv  [v=1, n=15]
    ✓ sub-001-0049-GM_ses-02_task-fluencecat_beh.tsv  [v=1, n=15]
    ✓ sub-001-0049-GM_ses-03_task-fluencecat_beh.tsv  [v=2, n=15]
    ✓ sub-001-0049-GM_ses-04_task-fluencecat_beh.tsv  [v=2, n=15]
  ⏳ 'FLUENCE verb.' → task-fluenceverb
  📋 'FLUENCE verb.': 3 bloc(s) détecté(s)
    ✓ sub-001-0049-GM_ses-01_task-fluenceverb_beh.tsv  [v=1, n=17]
    ✓ sub-001-0049-GM_ses-02_task-fluenceverb_beh.tsv  [v=1, n=17]
    ✓ sub-001-0049-GM_ses-03_task-fluenceverb_beh.tsv  [v=2, n=17]
  ⏳ 'DC cat.' → task-dccat
  📋 'DC cat.': 4 bloc(s) détecté(s)
    ✓ sub-001-0049-GM_ses-01_task-dccat_beh.tsv  [v=1, n=40]
    ✓ sub-001-0049-GM_ses-02_task-dccat_beh.tsv  [v=1, n=40]
    ✓ sub-001-0049-GM_ses-03_task-dccat_beh.tsv  [v=2, n=40]
    ✓ sub-001-0049-GM_ses-04_task-dccat_beh.tsv  [v=1, n=40]
  ⏳ 'DENO' → task-deno
    ⚠️  bloc 0: facultatives absentes ['stimulus', 'status', 'response_time', 'accuracy'] → n/a
    ⚠️  bloc 1: facultatives absentes ['stimulus', 'status', 'response_time', 'accuracy'] → n/a
    ⚠️  bloc 2: facultatives absentes ['stimulus', 'status', 'response_time', 'accuracy'] → n/a
    ⚠️  bloc 3: facultatives absentes ['stimulus', 'status', 'response_time', 'accuracy'] → n/a
  📋 'DENO': 4 bloc(s) détecté(s)
    ✓ sub-001-0049-GM_ses-01_task-deno_beh.tsv  [v=1, n=40]
    ✓ sub-001-0049-GM_ses-02_task-deno_beh.tsv  [v=1, n=40]
    ✓ sub-001-0049-GM_ses-03_task-deno_beh.tsv  [v=2, n=40]
    ✓ sub-001-0049-GM_ses-04_task-deno_beh.tsv  [v=1, n=40]
  ⏳ 'LECTURE' → task-lecture
    ⚠️  bloc 0: facultatives absentes ['stimulus', 'status', 'api_errors'] → n/a
    ⚠️  bloc 1: facultatives absentes ['stimulus', 'status', 'api_errors'] → n/a
    ⚠️  bloc 2: facultatives absentes ['stimulus', 'api_errors'] → n/a
    ⚠️  bloc 3: facultatives absentes ['stimulus', 'status', 'api_errors'] → n/a
  📋 'LECTURE': 4 bloc(s) détecté(s)
    ✓ sub-001-0049-GM_ses-01_task-lecture_beh.tsv  [v=1, n=45]
    ✓ sub-001-0049-GM_ses-02_task-lecture_beh.tsv  [v=1, n=45]
    ✓ sub-001-0049-GM_ses-03_task-lecture_beh.tsv  [v=2, n=45]
    ✓ sub-001-0049-GM_ses-04_task-lecture_beh.tsv  [v=1, n=45]
  ⏳ 'BIP' → task-bip
  📋 'BIP': 4 bloc(s) détecté(s)
    ✓ sub-001-0049-GM_ses-01_task-bip_beh.tsv  [v=1, n=14]
    ✓ sub-001-0049-GM_ses-02_task-bip_beh.tsv  [v=1, n=14]
    ✓ sub-001-0049-GM_ses-03_task-bip_beh.tsv  [v=2, n=14]
    ✓ sub-001-0049-GM_ses-04_task-bip_beh.tsv  [v=1, n=14]
📂 sub-001-0053-MT  (3_TESTS_LANGAGIERS/001-0056-MT.xlsx)
  ⏳ 'AS verbale' → task-asverbale
  📋 'AS verbale': 3 bloc(s) détecté(s)
    ✓ sub-001-0053-MT_ses-02_task-asverbale_beh.tsv  [v=2, n=26]
    ✓ sub-001-0053-MT_ses-03_task-asverbale_beh.tsv  [v=1, n=26]
    ✓ sub-001-0053-MT_ses-04_task-asverbale_beh.tsv  [v=2, n=26]
  ⏳ 'AS visuelle' → task-asvisuelle
  📋 'AS visuelle': 4 bloc(s) détecté(s)
    ✓ sub-001-0053-MT_ses-01_task-asvisuelle_beh.tsv  [v=2, n=26]
    ✓ sub-001-0053-MT_ses-02_task-asvisuelle_beh.tsv  [v=2, n=26]
    ✓ sub-001-0053-MT_ses-03_task-asvisuelle_beh.tsv  [v=1, n=26]
    ✓ sub-001-0053-MT_ses-04_task-asvisuelle_beh.tsv  [v=2, n=26]
  ⏳ 'EXE verb.' → task-exeverb
    ⚠️  bloc 1: 26 doublon(s) de trial supprimé(s)
  📋 'EXE verb.': 4 bloc(s) détecté(s)
    ✓ sub-001-0053-MT_ses-01_task-exeverb_beh.tsv  [v=2, n=26]
    ✓ sub-001-0053-MT_ses-02_task-exeverb_beh.tsv  [v=2, n=26]
    ✓ sub-001-0053-MT_ses-03_task-exeverb_beh.tsv  [v=1, n=26]
    ✓ sub-001-0053-MT_ses-04_task-exeverb_beh.tsv  [v=2, n=26]
  ⏳ 'EXE visu.' → task-exevisu
  📋 'EXE visu.': 4 bloc(s) détecté(s)
    ✓ sub-001-0053-MT_ses-01_task-exevisu_beh.tsv  [v=2, n=26]
    ✓ sub-001-0053-MT_ses-02_task-exevisu_beh.tsv  [v=2, n=26]
    ✓ sub-001-0053-MT_ses-03_task-exevisu_beh.tsv  [v=1, n=26]
    ✓ sub-001-0053-MT_ses-04_task-exevisu_beh.tsv  [v=2, n=26]
  ⏳ 'FLUENCE cat.' → task-fluencecat
  📋 'FLUENCE cat.': 4 bloc(s) détecté(s)
    ✓ sub-001-0053-MT_ses-01_task-fluencecat_beh.tsv  [v=1, n=22]
    ✓ sub-001-0053-MT_ses-02_task-fluencecat_beh.tsv  [v=2, n=22]
    ✓ sub-001-0053-MT_ses-03_task-fluencecat_beh.tsv  [v=2, n=22]
    ✓ sub-001-0053-MT_ses-04_task-fluencecat_beh.tsv  [v=1, n=22]
  ⏳ 'FLUENCE verb.' → task-fluenceverb
  📋 'FLUENCE verb.': 4 bloc(s) détecté(s)
    ✓ sub-001-0053-MT_ses-01_task-fluenceverb_beh.tsv  [v=1, n=27]
    ✓ sub-001-0053-MT_ses-02_task-fluenceverb_beh.tsv  [v=2, n=27]
    ✓ sub-001-0053-MT_ses-03_task-fluenceverb_beh.tsv  [v=1, n=27]
    ✓ sub-001-0053-MT_ses-04_task-fluenceverb_beh.tsv  [v=2, n=27]
  ⏳ 'DC cat.' → task-dccat
  📋 'DC cat.': 5 bloc(s) détecté(s)
    ✓ sub-001-0053-MT_ses-01_task-dccat_beh.tsv  [v=2, n=40]
    ⚠️  DOUBLON de session : ses-01 déjà vu au bloc 1 → bloc 2 va écraser le précédent
    ✓ sub-001-0053-MT_ses-01_task-dccat_beh.tsv  [v=2, n=40]
    ✓ sub-001-0053-MT_ses-02_task-dccat_beh.tsv  [v=2, n=40]
    ✓ sub-001-0053-MT_ses-03_task-dccat_beh.tsv  [v=1, n=40]
    ✓ sub-001-0053-MT_ses-04_task-dccat_beh.tsv  [v=1, n=40]
  ⏳ 'DENO' → task-deno
    ⚠️  bloc 0: facultatives absentes ['stimulus', 'status', 'response_time', 'accuracy'] → n/a
    ⚠️  bloc 1: facultatives absentes ['stimulus', 'status', 'response_time', 'accuracy'] → n/a
    ⚠️  bloc 2: facultatives absentes ['stimulus', 'status', 'response_time', 'accuracy'] → n/a
    ⚠️  bloc 3: facultatives absentes ['stimulus', 'status', 'response_time', 'accuracy'] → n/a
  📋 'DENO': 4 bloc(s) détecté(s)
    ✓ sub-001-0053-MT_ses-01_task-deno_beh.tsv  [v=2, n=40]
    ✓ sub-001-0053-MT_ses-02_task-deno_beh.tsv  [v=2, n=40]
    ✓ sub-001-0053-MT_ses-03_task-deno_beh.tsv  [v=1, n=40]
    ✓ sub-001-0053-MT_ses-04_task-deno_beh.tsv  [v=2, n=40]
  ⏳ 'LECTURE' → task-lecture
    ⚠️  bloc 0: facultatives absentes ['stimulus', 'api_errors'] → n/a
    ⚠️  bloc 1: facultatives absentes ['stimulus', 'api_errors'] → n/a
    ⚠️  bloc 2: facultatives absentes ['stimulus', 'status', 'api_errors'] → n/a
    ⚠️  bloc 3: facultatives absentes ['stimulus', 'api_errors'] → n/a
  📋 'LECTURE': 4 bloc(s) détecté(s)
    ✓ sub-001-0053-MT_ses-01_task-lecture_beh.tsv  [v=2, n=45]
    ✓ sub-001-0053-MT_ses-02_task-lecture_beh.tsv  [v=2, n=45]
    ✓ sub-001-0053-MT_ses-03_task-lecture_beh.tsv  [v=1, n=45]
    ✓ sub-001-0053-MT_ses-04_task-lecture_beh.tsv  [v=2, n=45]
  ⏳ 'BIP' → task-bip
  📋 'BIP': 4 bloc(s) détecté(s)
    ✓ sub-001-0053-MT_ses-01_task-bip_beh.tsv  [v=2, n=14]
    ✓ sub-001-0053-MT_ses-02_task-bip_beh.tsv  [v=2, n=14]
    ✓ sub-001-0053-MT_ses-03_task-bip_beh.tsv  [v=1, n=14]
    ✓ sub-001-0053-MT_ses-04_task-bip_beh.tsv  [v=2, n=14]
📂 sub-001-0054-DC  (3_TESTS_LANGAGIERS/001-0057-DC.xlsx)
  ⏳ 'AS verbale' → task-asverbale
    ⚠️  bloc 3: colonnes introuvables ['condition_target'] → ignoré
         noms détectés : ['PAT001-0057-DC.3', 'Version.3', 'Session.3', 'Trial.3', 'ImageDisplay2.ACC.3', 'RT correct.2']
  📋 'AS verbale': 3 bloc(s) détecté(s)
    ✓ sub-001-0054-DC_ses-01_task-asverbale_beh.tsv  [v=1, n=26]
    ✓ sub-001-0054-DC_ses-02_task-asverbale_beh.tsv  [v=1, n=26]
    ✓ sub-001-0054-DC_ses-03_task-asverbale_beh.tsv  [v=2, n=26]
  ⏳ 'AS visuelle' → task-asvisuelle
    ⚠️  bloc 3: colonnes introuvables ['condition_target'] → ignoré
         noms détectés : ['PAT001-0057-DC.3', 'Version.3', 'Session.3', 'Trial.3', 'ImageDisplay2.ACC.3', 'RT Corr.2']
  📋 'AS visuelle': 3 bloc(s) détecté(s)
    ✓ sub-001-0054-DC_ses-01_task-asvisuelle_beh.tsv  [v=1, n=26]
    ✓ sub-001-0054-DC_ses-02_task-asvisuelle_beh.tsv  [v=1, n=26]
    ✓ sub-001-0054-DC_ses-03_task-asvisuelle_beh.tsv  [v=2, n=26]
  ⏳ 'EXE verb.' → task-exeverb
    ⚠️  bloc 3: facultatives absentes ['target', 'response_time'] → n/a
  📋 'EXE verb.': 4 bloc(s) détecté(s)
    ✓ sub-001-0054-DC_ses-01_task-exeverb_beh.tsv  [v=1, n=26]
    ✓ sub-001-0054-DC_ses-02_task-exeverb_beh.tsv  [v=1, n=26]
    ✓ sub-001-0054-DC_ses-03_task-exeverb_beh.tsv  [v=2, n=26]
    ✓ sub-001-0054-DC_ses-04_task-exeverb_beh.tsv  [v=2, n=26]
  ⏳ 'EXE visu.' → task-exevisu
    ⚠️  bloc 3: facultatives absentes ['target', 'response_time'] → n/a
  📋 'EXE visu.': 4 bloc(s) détecté(s)
    ✓ sub-001-0054-DC_ses-01_task-exevisu_beh.tsv  [v=1, n=26]
    ✓ sub-001-0054-DC_ses-02_task-exevisu_beh.tsv  [v=1, n=26]
    ✓ sub-001-0054-DC_ses-03_task-exevisu_beh.tsv  [v=2, n=26]
    ✓ sub-001-0054-DC_ses-04_task-exevisu_beh.tsv  [v=2, n=26]
  ⏳ 'FLUENCE cat.' → task-fluencecat
    ⚠️  bloc 3: colonnes introuvables ['item_text'] → ignoré
         noms détectés : ['PAT001-0057-DC.3', 'Version.3', 'Session.3', 'n°.3', 'Nombre.3']
  📋 'FLUENCE cat.': 3 bloc(s) détecté(s)
    ✓ sub-001-0054-DC_ses-01_task-fluencecat_beh.tsv  [v=1, n=12]
    ✓ sub-001-0054-DC_ses-02_task-fluencecat_beh.tsv  [v=1, n=12]
    ✓ sub-001-0054-DC_ses-03_task-fluencecat_beh.tsv  [v=2, n=12]
  ⏳ 'FLUENCE verb.' → task-fluenceverb
    ⚠️  bloc 3: colonnes introuvables ['item_text'] → ignoré
         noms détectés : ['PAT001-0057-DC.3', 'Version.3', 'Session.3', 'n°.3', 'Nombre.3']
  📋 'FLUENCE verb.': 3 bloc(s) détecté(s)
    ✓ sub-001-0054-DC_ses-01_task-fluenceverb_beh.tsv  [v=1, n=26]
    ✓ sub-001-0054-DC_ses-02_task-fluenceverb_beh.tsv  [v=1, n=26]
    ✓ sub-001-0054-DC_ses-03_task-fluenceverb_beh.tsv  [v=2, n=26]
  ⏳ 'DC cat.' → task-dccat
    ⚠️  bloc 0: 1 doublon(s) de trial supprimé(s)
    ⚠️  bloc 3: facultatives absentes ['stimulus', 'status', 'response_time'] → n/a
  📋 'DC cat.': 4 bloc(s) détecté(s)
    ✓ sub-001-0054-DC_ses-01_task-dccat_beh.tsv  [v=1, n=40]
    ✓ sub-001-0054-DC_ses-02_task-dccat_beh.tsv  [v=1, n=40]
    ✓ sub-001-0054-DC_ses-03_task-dccat_beh.tsv  [v=2, n=40]
    ✓ sub-001-0054-DC_ses-04_task-dccat_beh.tsv  [v=2, n=40]
  ⏳ 'DENO' → task-deno
    ⚠️  bloc 0: facultatives absentes ['stimulus', 'status', 'response_time', 'accuracy'] → n/a
    ⚠️  bloc 1: facultatives absentes ['stimulus', 'status', 'response_time', 'accuracy'] → n/a
    ⚠️  bloc 2: facultatives absentes ['stimulus', 'status', 'response_time', 'accuracy'] → n/a
    ⚠️  bloc 3: facultatives absentes ['stimulus', 'status', 'response_time', 'accuracy', 'response'] → n/a
  📋 'DENO': 4 bloc(s) détecté(s)
    ✓ sub-001-0054-DC_ses-01_task-deno_beh.tsv  [v=1, n=40]
    ✓ sub-001-0054-DC_ses-02_task-deno_beh.tsv  [v=1, n=40]
    ✓ sub-001-0054-DC_ses-03_task-deno_beh.tsv  [v=2, n=40]
    ✓ sub-001-0054-DC_ses-04_task-deno_beh.tsv  [v=2, n=40]
  ⏳ 'LECTURE' → task-lecture
    ⚠️  bloc 0: facultatives absentes ['stimulus', 'status', 'api_errors'] → n/a
    ⚠️  bloc 0: 1 doublon(s) de trial supprimé(s)
    ⚠️  bloc 1: facultatives absentes ['stimulus', 'status', 'api_errors'] → n/a
    ⚠️  bloc 2: facultatives absentes ['stimulus', 'api_errors'] → n/a
    ⚠️  bloc 3: facultatives absentes ['stimulus', 'status', 'api_errors'] → n/a
  📋 'LECTURE': 4 bloc(s) détecté(s)
    ✓ sub-001-0054-DC_ses-01_task-lecture_beh.tsv  [v=1, n=45]
    ✓ sub-001-0054-DC_ses-02_task-lecture_beh.tsv  [v=1, n=45]
    ✓ sub-001-0054-DC_ses-03_task-lecture_beh.tsv  [v=2, n=45]
    ✓ sub-001-0054-DC_ses-04_task-lecture_beh.tsv  [v=2, n=45]
  ⏳ 'BIP' → task-bip
    ⚠️  bloc 2: 1 doublon(s) de trial supprimé(s)
    ⚠️  bloc 3: facultatives absentes ['category', 'nom'] → n/a
  📋 'BIP': 4 bloc(s) détecté(s)
    ✓ sub-001-0054-DC_ses-01_task-bip_beh.tsv  [v=1, n=14]
    ✓ sub-001-0054-DC_ses-02_task-bip_beh.tsv  [v=1, n=14]
    ✓ sub-001-0054-DC_ses-03_task-bip_beh.tsv  [v=2, n=14]
    ✓ sub-001-0054-DC_ses-04_task-bip_beh.tsv  [v=2, n=14]
📂 sub-001-0055-BM  (3_TESTS_LANGAGIERS/001-0058-BM.xlsx)
  ⏳ 'AS verbale' → task-asverbale
    ⚠️  bloc 3: colonnes introuvables ['condition_target'] → ignoré
         noms détectés : ['PAT001-0058-BM.3', 'Version.3', 'Session.3', 'Trial.3', 'ImageDisplay2.ACC.3', 'RT correct.3']
  📋 'AS verbale': 3 bloc(s) détecté(s)
    ✓ sub-001-0055-BM_ses-01_task-asverbale_beh.tsv  [v=2, n=26]
    ✓ sub-001-0055-BM_ses-02_task-asverbale_beh.tsv  [v=2, n=26]
    ✓ sub-001-0055-BM_ses-03_task-asverbale_beh.tsv  [v=1, n=26]
  ⏳ 'AS visuelle' → task-asvisuelle
    ⚠️  bloc 0: 1 ligne(s) récap supprimée(s) (pas de '.bmp' dans ['25'])
    ⚠️  bloc 3: colonnes introuvables ['condition_target'] → ignoré
         noms détectés : ['PAT001-0058-BM.3', 'Version.3', 'Session.3', 'Trial.3', 'ImageDisplay2.ACC.3', 'RT Corr.3']
  📋 'AS visuelle': 3 bloc(s) détecté(s)
    ✓ sub-001-0055-BM_ses-01_task-asvisuelle_beh.tsv  [v=2, n=26]
    ✓ sub-001-0055-BM_ses-02_task-asvisuelle_beh.tsv  [v=2, n=26]
    ✓ sub-001-0055-BM_ses-03_task-asvisuelle_beh.tsv  [v=1, n=26]
  ⏳ 'EXE verb.' → task-exeverb
    ⚠️  bloc 0: 1 ligne(s) récap supprimée(s) (pas de '.tif' dans ['25'])
    ⚠️  bloc 3: facultatives absentes ['target', 'response_time'] → n/a
  📋 'EXE verb.': 4 bloc(s) détecté(s)
    ✓ sub-001-0055-BM_ses-01_task-exeverb_beh.tsv  [v=2, n=26]
    ✓ sub-001-0055-BM_ses-02_task-exeverb_beh.tsv  [v=2, n=26]
    ✓ sub-001-0055-BM_ses-03_task-exeverb_beh.tsv  [v=1, n=26]
    ✓ sub-001-0055-BM_ses-04_task-exeverb_beh.tsv  [v=1, n=26]
  ⏳ 'EXE visu.' → task-exevisu
    ⚠️  bloc 3: facultatives absentes ['target', 'response_time'] → n/a
  📋 'EXE visu.': 4 bloc(s) détecté(s)
    ✓ sub-001-0055-BM_ses-01_task-exevisu_beh.tsv  [v=2, n=26]
    ✓ sub-001-0055-BM_ses-02_task-exevisu_beh.tsv  [v=2, n=26]
    ✓ sub-001-0055-BM_ses-03_task-exevisu_beh.tsv  [v=1, n=26]
    ✓ sub-001-0055-BM_ses-04_task-exevisu_beh.tsv  [v=1, n=26]
  ⏳ 'FLUENCE cat.' → task-fluencecat
    ⚠️  bloc 3: colonnes introuvables ['item_text'] → ignoré
         noms détectés : ['PAT001-0058-BM.3', 'Version.3', 'Session.3', 'n°.3', 'Nombre.3']
  📋 'FLUENCE cat.': 3 bloc(s) détecté(s)
    ✓ sub-001-0055-BM_ses-01_task-fluencecat_beh.tsv  [v=2, n=18]
    ✓ sub-001-0055-BM_ses-02_task-fluencecat_beh.tsv  [v=2, n=18]
    ✓ sub-001-0055-BM_ses-03_task-fluencecat_beh.tsv  [v=1, n=18]
  ⏳ 'FLUENCE verb.' → task-fluenceverb
    ⚠️  bloc 3: colonnes introuvables ['item_text'] → ignoré
         noms détectés : ['PAT001-0058-BM.3', 'Version.3', 'Session.3', 'n°.3', 'Nombre.3']
  📋 'FLUENCE verb.': 3 bloc(s) détecté(s)
    ✓ sub-001-0055-BM_ses-01_task-fluenceverb_beh.tsv  [v=2, n=21]
    ✓ sub-001-0055-BM_ses-02_task-fluenceverb_beh.tsv  [v=2, n=21]
    ✓ sub-001-0055-BM_ses-03_task-fluenceverb_beh.tsv  [v=1, n=21]
  ⏳ 'DC cat.' → task-dccat
    ⚠️  bloc 3: facultatives absentes ['stimulus', 'status', 'response_time'] → n/a
  📋 'DC cat.': 4 bloc(s) détecté(s)
    ✓ sub-001-0055-BM_ses-01_task-dccat_beh.tsv  [v=2, n=40]
    ✓ sub-001-0055-BM_ses-02_task-dccat_beh.tsv  [v=2, n=40]
    ✓ sub-001-0055-BM_ses-03_task-dccat_beh.tsv  [v=1, n=40]
    ✓ sub-001-0055-BM_ses-04_task-dccat_beh.tsv  [v=1, n=40]
  ⏳ 'DENO' → task-deno
    ⚠️  bloc 0: facultatives absentes ['stimulus', 'status', 'response_time', 'accuracy'] → n/a
    ⚠️  bloc 1: facultatives absentes ['stimulus', 'status', 'response_time', 'accuracy'] → n/a
    ⚠️  bloc 2: facultatives absentes ['stimulus', 'status', 'response_time', 'accuracy'] → n/a
    ⚠️  bloc 3: facultatives absentes ['stimulus', 'status', 'response_time', 'accuracy', 'response'] → n/a
  📋 'DENO': 4 bloc(s) détecté(s)
    ✓ sub-001-0055-BM_ses-01_task-deno_beh.tsv  [v=2, n=40]
    ✓ sub-001-0055-BM_ses-02_task-deno_beh.tsv  [v=2, n=40]
    ✓ sub-001-0055-BM_ses-03_task-deno_beh.tsv  [v=1, n=40]
    ✓ sub-001-0055-BM_ses-04_task-deno_beh.tsv  [v=1, n=40]
  ⏳ 'LECTURE' → task-lecture
    ⚠️  bloc 0: facultatives absentes ['stimulus', 'api_errors'] → n/a
    ⚠️  bloc 1: facultatives absentes ['stimulus', 'api_errors'] → n/a
    ⚠️  bloc 2: facultatives absentes ['stimulus', 'status', 'api_errors'] → n/a
    ⚠️  bloc 3: facultatives absentes ['stimulus', 'status', 'api_errors'] → n/a
  📋 'LECTURE': 4 bloc(s) détecté(s)
    ✓ sub-001-0055-BM_ses-01_task-lecture_beh.tsv  [v=2, n=45]
    ✓ sub-001-0055-BM_ses-02_task-lecture_beh.tsv  [v=2, n=45]
    ✓ sub-001-0055-BM_ses-03_task-lecture_beh.tsv  [v=1, n=45]
    ✓ sub-001-0055-BM_ses-04_task-lecture_beh.tsv  [v=1, n=45]
  ⏳ 'BIP' → task-bip
    ⚠️  bloc 0: 1 doublon(s) de trial supprimé(s)
    ⚠️  bloc 3: facultatives absentes ['category', 'nom'] → n/a
  📋 'BIP': 4 bloc(s) détecté(s)
    ✓ sub-001-0055-BM_ses-01_task-bip_beh.tsv  [v=2, n=14]
    ✓ sub-001-0055-BM_ses-02_task-bip_beh.tsv  [v=2, n=14]
    ✓ sub-001-0055-BM_ses-03_task-bip_beh.tsv  [v=1, n=14]
    ✓ sub-001-0055-BM_ses-04_task-bip_beh.tsv  [v=1, n=14]
📂 sub-001-0056-GC  (001-0056-GC/001-0059-GC.xlsx)
  ⏳ 'AS verbale' → task-asverbale
    ⚠️  bloc 3: colonnes introuvables ['condition_target'] → ignoré
         noms détectés : ['PAT001-0059-GC.3', 'Version.3', 'Session.3', 'Trial.3', 'ImageDisplay2.ACC.3', 'RT correct.3']
  📋 'AS verbale': 3 bloc(s) détecté(s)
    ✓ sub-001-0056-GC_ses-01_task-asverbale_beh.tsv  [v=2, n=26]
    ✓ sub-001-0056-GC_ses-02_task-asverbale_beh.tsv  [v=1, n=26]
    ✓ sub-001-0056-GC_ses-03_task-asverbale_beh.tsv  [v=1, n=26]
  ⏳ 'AS visuelle' → task-asvisuelle
    ⚠️  bloc 3: colonnes introuvables ['condition_target'] → ignoré
         noms détectés : ['PAT001-0059-GC.3', 'Version.3', 'Session.3', 'Trial.3', 'ImageDisplay2.ACC.3', 'RT Corr.3']
  📋 'AS visuelle': 3 bloc(s) détecté(s)
    ✓ sub-001-0056-GC_ses-01_task-asvisuelle_beh.tsv  [v=2, n=26]
    ✓ sub-001-0056-GC_ses-02_task-asvisuelle_beh.tsv  [v=1, n=26]
    ✓ sub-001-0056-GC_ses-03_task-asvisuelle_beh.tsv  [v=1, n=26]
  ⏳ 'EXE verb.' → task-exeverb
    ⚠️  bloc 3: facultatives absentes ['target', 'response_time'] → n/a
  📋 'EXE verb.': 4 bloc(s) détecté(s)
    ✓ sub-001-0056-GC_ses-01_task-exeverb_beh.tsv  [v=2, n=26]
    ✓ sub-001-0056-GC_ses-02_task-exeverb_beh.tsv  [v=1, n=26]
    ✓ sub-001-0056-GC_ses-03_task-exeverb_beh.tsv  [v=1, n=26]
    ✓ sub-001-0056-GC_ses-04_task-exeverb_beh.tsv  [v=1 ou 2, n=26]
  ⏳ 'EXE visu.' → task-exevisu
    ⚠️  bloc 3: facultatives absentes ['target', 'response_time'] → n/a
  📋 'EXE visu.': 4 bloc(s) détecté(s)
    ✓ sub-001-0056-GC_ses-01_task-exevisu_beh.tsv  [v=2, n=26]
    ✓ sub-001-0056-GC_ses-02_task-exevisu_beh.tsv  [v=1, n=26]
    ✓ sub-001-0056-GC_ses-03_task-exevisu_beh.tsv  [v=1, n=26]
    ✓ sub-001-0056-GC_ses-04_task-exevisu_beh.tsv  [v=1 ou 2, n=26]
  ⏳ 'FLUENCE cat.' → task-fluencecat
    ⚠️  bloc 2: colonnes introuvables ['item_text'] → ignoré
         noms détectés : ['PAT001-0059-GC.2', 'Version.3', 'Session.3', 'n°.3', 'Nombre.3']
  📋 'FLUENCE cat.': 2 bloc(s) détecté(s)
    ✓ sub-001-0056-GC_ses-01_task-fluencecat_beh.tsv  [v=2, n=5]
    ✓ sub-001-0056-GC_ses-03_task-fluencecat_beh.tsv  [v=1, n=5]
  ⏳ 'FLUENCE verb.' → task-fluenceverb
    ⚠️  bloc 3: colonnes introuvables ['item_text'] → ignoré
         noms détectés : ['PAT001-00-.3', 'Version.3', 'Session.3', 'n°.3', 'Nombre.3']
  📋 'FLUENCE verb.': 3 bloc(s) détecté(s)
    ✓ sub-001-0056-GC_ses-01_task-fluenceverb_beh.tsv  [v=2, n=25]
    ✓ sub-001-0056-GC_ses-02_task-fluenceverb_beh.tsv  [v=1, n=25]
    ✓ sub-001-0056-GC_ses-03_task-fluenceverb_beh.tsv  [v=1 ou 2, n=25]
  ⏳ 'DC cat.' → task-dccat
    ⚠️  bloc 3: facultatives absentes ['stimulus', 'status', 'response_time'] → n/a
  📋 'DC cat.': 4 bloc(s) détecté(s)
    ✓ sub-001-0056-GC_ses-01_task-dccat_beh.tsv  [v=2, n=40]
    ✓ sub-001-0056-GC_ses-02_task-dccat_beh.tsv  [v=1, n=40]
    ✓ sub-001-0056-GC_ses-03_task-dccat_beh.tsv  [v=1, n=40]
    ✓ sub-001-0056-GC_ses-04_task-dccat_beh.tsv  [v=1 ou 2, n=40]
  ⏳ 'DENO' → task-deno
    ⚠️  bloc 0: facultatives absentes ['stimulus', 'status', 'response_time', 'accuracy'] → n/a
    ⚠️  bloc 1: facultatives absentes ['stimulus', 'status', 'response_time', 'accuracy'] → n/a
    ⚠️  bloc 2: facultatives absentes ['stimulus', 'status', 'response_time', 'accuracy'] → n/a
    ⚠️  bloc 3: facultatives absentes ['stimulus', 'status', 'response_time', 'accuracy', 'response'] → n/a
  📋 'DENO': 4 bloc(s) détecté(s)
    ✓ sub-001-0056-GC_ses-01_task-deno_beh.tsv  [v=2, n=40]
    ✓ sub-001-0056-GC_ses-02_task-deno_beh.tsv  [v=1, n=40]
    ✓ sub-001-0056-GC_ses-03_task-deno_beh.tsv  [v=1, n=40]
    ⚠️  DOUBLON de session : ses-01 déjà vu au bloc 1 → bloc 4 va écraser le précédent
    ✓ sub-001-0056-GC_ses-01_task-deno_beh.tsv  [v=4, n=40]
  ⏳ 'LECTURE' → task-lecture
    ⚠️  bloc 0: facultatives absentes ['stimulus', 'api_errors'] → n/a
    ⚠️  bloc 1: facultatives absentes ['stimulus', 'api_errors'] → n/a
    ⚠️  bloc 2: facultatives absentes ['stimulus', 'api_errors'] → n/a
    ⚠️  bloc 3: facultatives absentes ['stimulus', 'status', 'api_errors'] → n/a
  📋 'LECTURE': 4 bloc(s) détecté(s)
    ✓ sub-001-0056-GC_ses-01_task-lecture_beh.tsv  [v=2, n=45]
    ✓ sub-001-0056-GC_ses-02_task-lecture_beh.tsv  [v=1, n=45]
    ✓ sub-001-0056-GC_ses-03_task-lecture_beh.tsv  [v=1, n=45]
    ✓ sub-001-0056-GC_ses-04_task-lecture_beh.tsv  [v=1 ou 2, n=45]
  ⏳ 'BIP' → task-bip
    ⚠️  bloc 3: facultatives absentes ['category', 'nom'] → n/a
  📋 'BIP': 4 bloc(s) détecté(s)
    ✓ sub-001-0056-GC_ses-01_task-bip_beh.tsv  [v=2, n=14]
    ✓ sub-001-0056-GC_ses-02_task-bip_beh.tsv  [v=1, n=14]
    ✓ sub-001-0056-GC_ses-03_task-bip_beh.tsv  [v=1ou 2, n=14]
    ✓ sub-001-0056-GC_ses-04_task-bip_beh.tsv  [v=1 ou 2, n=14]
📂 sub-001-0057-HJ  (3_TESTS_LANGAGIERS/001-0060-HJ.xlsx)
  ⏳ 'AS verbale' → task-asverbale
    ⚠️  bloc 3: colonnes introuvables ['condition_target'] → ignoré
         noms détectés : ['PAT001-0060-HJ.3', 'Version.3', 'Session.3', 'Trial.3', 'ImageDisplay2.ACC.3', 'RT correct.3']
  📋 'AS verbale': 3 bloc(s) détecté(s)
    ✓ sub-001-0057-HJ_ses-01_task-asverbale_beh.tsv  [v=1, n=26]
    ✓ sub-001-0057-HJ_ses-02_task-asverbale_beh.tsv  [v=1, n=26]
    ✓ sub-001-0057-HJ_ses-03_task-asverbale_beh.tsv  [v=2, n=26]
  ⏳ 'AS visuelle' → task-asvisuelle
    ⚠️  bloc 3: colonnes introuvables ['condition_target'] → ignoré
         noms détectés : ['PAT001-00-.2', 'Version.3', 'Session.3', 'Trial.3', 'ImageDisplay2.ACC.3', 'RT Corr.3']
  📋 'AS visuelle': 3 bloc(s) détecté(s)
    ✓ sub-001-0057-HJ_ses-01_task-asvisuelle_beh.tsv  [v=1, n=26]
    ✓ sub-001-0057-HJ_ses-02_task-asvisuelle_beh.tsv  [v=1, n=26]
    ✓ sub-001-0057-HJ_ses-03_task-asvisuelle_beh.tsv  [v=1 ou 2, n=26]
  ⏳ 'EXE verb.' → task-exeverb
    ⚠️  bloc 3: facultatives absentes ['target', 'response_time'] → n/a
  📋 'EXE verb.': 4 bloc(s) détecté(s)
    ✓ sub-001-0057-HJ_ses-01_task-exeverb_beh.tsv  [v=1, n=26]
    ✓ sub-001-0057-HJ_ses-02_task-exeverb_beh.tsv  [v=1, n=26]
    ✓ sub-001-0057-HJ_ses-03_task-exeverb_beh.tsv  [v=2, n=26]
    ✓ sub-001-0057-HJ_ses-04_task-exeverb_beh.tsv  [v=1 ou 2, n=26]
  ⏳ 'EXE visu.' → task-exevisu
    ⚠️  bloc 3: facultatives absentes ['target', 'response_time'] → n/a
  📋 'EXE visu.': 4 bloc(s) détecté(s)
    ✓ sub-001-0057-HJ_ses-01_task-exevisu_beh.tsv  [v=1, n=26]
    ✓ sub-001-0057-HJ_ses-02_task-exevisu_beh.tsv  [v=1, n=26]
    ✓ sub-001-0057-HJ_ses-03_task-exevisu_beh.tsv  [v=2, n=26]
    ✓ sub-001-0057-HJ_ses-04_task-exevisu_beh.tsv  [v=1 ou 2, n=26]
  ⏳ 'FLUENCE cat.' → task-fluencecat
    ⚠️  bloc 3: colonnes introuvables ['item_text'] → ignoré
         noms détectés : ['PAT001-00-.2', 'Version.3', 'Session.3', 'n°.3', 'Nombre.3']
  📋 'FLUENCE cat.': 3 bloc(s) détecté(s)
    ✓ sub-001-0057-HJ_ses-01_task-fluencecat_beh.tsv  [v=1, n=6]
    ✓ sub-001-0057-HJ_ses-02_task-fluencecat_beh.tsv  [v=1, n=6]
    ✓ sub-001-0057-HJ_ses-03_task-fluencecat_beh.tsv  [v=2, n=6]
  ⏳ 'FLUENCE verb.' → task-fluenceverb
    ⚠️  bloc 3: colonnes introuvables ['item_text'] → ignoré
         noms détectés : ['PAT001-00-.2', 'Version.3', 'Session.3', 'n°.3', 'Nombre.3']
  📋 'FLUENCE verb.': 3 bloc(s) détecté(s)
    ✓ sub-001-0057-HJ_ses-01_task-fluenceverb_beh.tsv  [v=1, n=15]
    ✓ sub-001-0057-HJ_ses-02_task-fluenceverb_beh.tsv  [v=1, n=15]
    ✓ sub-001-0057-HJ_ses-03_task-fluenceverb_beh.tsv  [v=2, n=15]
  ⏳ 'DC cat.' → task-dccat
    ⚠️  bloc 3: facultatives absentes ['stimulus', 'status', 'response_time'] → n/a
  📋 'DC cat.': 4 bloc(s) détecté(s)
    ✓ sub-001-0057-HJ_ses-01_task-dccat_beh.tsv  [v=1, n=40]
    ✓ sub-001-0057-HJ_ses-02_task-dccat_beh.tsv  [v=1, n=40]
    ✓ sub-001-0057-HJ_ses-03_task-dccat_beh.tsv  [v=2, n=40]
    ✓ sub-001-0057-HJ_ses-04_task-dccat_beh.tsv  [v=1 ou 2, n=40]
  ⏳ 'DENO' → task-deno
    ⚠️  bloc 0: facultatives absentes ['stimulus', 'status', 'response_time', 'accuracy'] → n/a
    ⚠️  bloc 1: facultatives absentes ['stimulus', 'status', 'response_time', 'accuracy'] → n/a
    ⚠️  bloc 2: facultatives absentes ['stimulus', 'status', 'response_time', 'accuracy'] → n/a
    ⚠️  bloc 3: facultatives absentes ['stimulus', 'status', 'response_time', 'accuracy', 'response'] → n/a
  📋 'DENO': 4 bloc(s) détecté(s)
    ✓ sub-001-0057-HJ_ses-01_task-deno_beh.tsv  [v=1, n=40]
    ✓ sub-001-0057-HJ_ses-02_task-deno_beh.tsv  [v=1, n=40]
    ✓ sub-001-0057-HJ_ses-03_task-deno_beh.tsv  [v=2, n=40]
    ⚠️  DOUBLON de session : ses-01 déjà vu au bloc 1 → bloc 4 va écraser le précédent
    ✓ sub-001-0057-HJ_ses-01_task-deno_beh.tsv  [v=4, n=40]
  ⏳ 'LECTURE' → task-lecture
    ⚠️  bloc 0: facultatives absentes ['stimulus', 'status', 'api_errors'] → n/a
    ⚠️  bloc 1: facultatives absentes ['stimulus', 'api_errors'] → n/a
    ⚠️  bloc 2: facultatives absentes ['stimulus', 'api_errors'] → n/a
    ⚠️  bloc 3: facultatives absentes ['stimulus', 'status', 'api_errors'] → n/a
  📋 'LECTURE': 4 bloc(s) détecté(s)
    ✓ sub-001-0057-HJ_ses-01_task-lecture_beh.tsv  [v=1, n=45]
    ✓ sub-001-0057-HJ_ses-02_task-lecture_beh.tsv  [v=1, n=45]
    ✓ sub-001-0057-HJ_ses-03_task-lecture_beh.tsv  [v=2, n=45]
    ✓ sub-001-0057-HJ_ses-04_task-lecture_beh.tsv  [v=1 ou 2, n=45]
  ⏳ 'BIP' → task-bip
    ⚠️  bloc 3: facultatives absentes ['category', 'nom'] → n/a
  📋 'BIP': 4 bloc(s) détecté(s)
    ✓ sub-001-0057-HJ_ses-01_task-bip_beh.tsv  [v=1, n=14]
    ✓ sub-001-0057-HJ_ses-02_task-bip_beh.tsv  [v=1, n=14]
    ✓ sub-001-0057-HJ_ses-03_task-bip_beh.tsv  [v=2, n=14]
    ✓ sub-001-0057-HJ_ses-04_task-bip_beh.tsv  [v=1 ou 2, n=14]
📂 sub-001-0058-TC  (3_TESTS_LANGAGIERS/001-0061-TC.xlsx)
  ⏳ 'AS verbale' → task-asverbale
    ⚠️  bloc 2: colonnes introuvables ['condition_target'] → ignoré
         noms détectés : ['PAT001-0061-TC.2', 'Version.2', 'Session.2', 'Trial.2', 'ImageDisplay2.ACC.2', 'RT correct.2']
    ⚠️  bloc 3: colonnes introuvables ['condition_target'] → ignoré
         noms détectés : ['PAT001-0061-TC.3', 'Version.3', 'Session.3', 'Trial.3', 'ImageDisplay2.ACC.3', 'RT correct.3']
  📋 'AS verbale': 2 bloc(s) détecté(s)
    ✓ sub-001-0058-TC_ses-01_task-asverbale_beh.tsv  [v=1, n=26]
    ✓ sub-001-0058-TC_ses-02_task-asverbale_beh.tsv  [v=1, n=26]
  ⏳ 'AS visuelle' → task-asvisuelle
    ⚠️  bloc 2: colonnes introuvables ['condition_target'] → ignoré
         noms détectés : ['PAT001-00-.1', 'Version.2', 'Session.2', 'Trial.2', 'ImageDisplay2.ACC.2', 'RT Corr.2']
    ⚠️  bloc 3: colonnes introuvables ['condition_target'] → ignoré
         noms détectés : ['PAT001-00-.2', 'Version.3', 'Session.3', 'Trial.3', 'ImageDisplay2.ACC.3', 'RT Corr.3']
  📋 'AS visuelle': 2 bloc(s) détecté(s)
    ✓ sub-001-0058-TC_ses-01_task-asvisuelle_beh.tsv  [v=1, n=26]
    ✓ sub-001-0058-TC_ses-02_task-asvisuelle_beh.tsv  [v=1, n=26]
  ⏳ 'EXE verb.' → task-exeverb
    ⚠️  bloc 2: facultatives absentes ['target', 'response_time'] → n/a
    ⚠️  bloc 3: facultatives absentes ['target', 'response_time'] → n/a
  📋 'EXE verb.': 4 bloc(s) détecté(s)
    ✓ sub-001-0058-TC_ses-01_task-exeverb_beh.tsv  [v=1, n=26]
    ✓ sub-001-0058-TC_ses-02_task-exeverb_beh.tsv  [v=1, n=26]
    ✓ sub-001-0058-TC_ses-03_task-exeverb_beh.tsv  [v=1 ou 2, n=26]
    ✓ sub-001-0058-TC_ses-04_task-exeverb_beh.tsv  [v=1 ou 2, n=26]
  ⏳ 'EXE visu.' → task-exevisu
    ⚠️  bloc 0: 1 ligne(s) récap supprimée(s) (pas de '.tif' dans ['truc du 1er mai '])
    ⚠️  bloc 2: facultatives absentes ['target', 'response_time'] → n/a
    ⚠️  bloc 3: facultatives absentes ['target', 'response_time'] → n/a
  📋 'EXE visu.': 4 bloc(s) détecté(s)
    ✓ sub-001-0058-TC_ses-01_task-exevisu_beh.tsv  [v=1, n=25]
    ✓ sub-001-0058-TC_ses-02_task-exevisu_beh.tsv  [v=1, n=26]
    ✓ sub-001-0058-TC_ses-03_task-exevisu_beh.tsv  [v=1 ou 2, n=26]
    ✓ sub-001-0058-TC_ses-04_task-exevisu_beh.tsv  [v=1 ou 2, n=26]
  ⏳ 'FLUENCE cat.' → task-fluencecat
    ⚠️  bloc 3: colonnes introuvables ['item_text'] → ignoré
         noms détectés : ['PAT001-00-.2', 'Version.3', 'Session.3', 'n°.3', 'Nombre.3']
    ⚠️  bloc 4: colonnes introuvables ['item_text'] → ignoré
         noms détectés : ['PAT001-00-.3', 'Version.4', 'Session.4', 'n°.4', 'Nombre.4']
  📋 'FLUENCE cat.': 3 bloc(s) détecté(s)
    ✓ sub-001-0058-TC_ses-01_task-fluencecat_beh.tsv  [v=1, n=6]
    ✓ sub-001-0058-TC_ses-02_task-fluencecat_beh.tsv  [v=1, n=6]
    ✓ sub-001-0058-TC_ses-03_task-fluencecat_beh.tsv  [v=animaux, n=6]
  ⏳ 'FLUENCE verb.' → task-fluenceverb
    ⚠️  bloc 2: colonnes introuvables ['item_text'] → ignoré
         noms détectés : ['PAT001-00-.1', 'Version.2', 'Session.2', 'n°.2', 'Nombre.2']
    ⚠️  bloc 3: colonnes introuvables ['item_text'] → ignoré
         noms détectés : ['PAT001-00-.2', 'Version.3', 'Session.3', 'n°.3', 'Nombre.3']
  📋 'FLUENCE verb.': 2 bloc(s) détecté(s)
    ✓ sub-001-0058-TC_ses-01_task-fluenceverb_beh.tsv  [v=1, n=7]
    ✓ sub-001-0058-TC_ses-02_task-fluenceverb_beh.tsv  [v=1, n=7]
  ⏳ 'DC cat.' → task-dccat
    ⚠️  bloc 2: facultatives absentes ['stimulus', 'status', 'response_time'] → n/a
    ⚠️  bloc 3: facultatives absentes ['stimulus', 'status', 'response_time'] → n/a
  📋 'DC cat.': 4 bloc(s) détecté(s)
    ✓ sub-001-0058-TC_ses-01_task-dccat_beh.tsv  [v=1, n=40]
    ✓ sub-001-0058-TC_ses-02_task-dccat_beh.tsv  [v=1, n=40]
    ✓ sub-001-0058-TC_ses-03_task-dccat_beh.tsv  [v=1 ou 2, n=40]
    ✓ sub-001-0058-TC_ses-04_task-dccat_beh.tsv  [v=1 ou 2, n=40]
  ⏳ 'DENO' → task-deno
    ⚠️  bloc 0: facultatives absentes ['stimulus', 'status', 'response_time', 'accuracy'] → n/a
    ⚠️  bloc 1: facultatives absentes ['stimulus', 'status', 'response_time', 'accuracy'] → n/a
    ⚠️  bloc 2: facultatives absentes ['stimulus', 'status', 'response_time', 'accuracy', 'response'] → n/a
    ⚠️  bloc 3: facultatives absentes ['stimulus', 'status', 'response_time', 'accuracy', 'response'] → n/a
  📋 'DENO': 4 bloc(s) détecté(s)
    ✓ sub-001-0058-TC_ses-01_task-deno_beh.tsv  [v=1, n=40]
    ✓ sub-001-0058-TC_ses-02_task-deno_beh.tsv  [v=1, n=40]
    ✓ sub-001-0058-TC_ses-03_task-deno_beh.tsv  [v=1 ou 2, n=40]
    ⚠️  DOUBLON de session : ses-01 déjà vu au bloc 1 → bloc 4 va écraser le précédent
    ✓ sub-001-0058-TC_ses-01_task-deno_beh.tsv  [v=4, n=40]
  ⏳ 'LECTURE' → task-lecture
    ⚠️  bloc 0: facultatives absentes ['stimulus', 'status', 'api_errors'] → n/a
    ⚠️  bloc 1: facultatives absentes ['stimulus', 'api_errors'] → n/a
    ⚠️  bloc 2: facultatives absentes ['stimulus', 'status', 'api_errors'] → n/a
    ⚠️  bloc 3: facultatives absentes ['stimulus', 'status', 'api_errors'] → n/a
  📋 'LECTURE': 4 bloc(s) détecté(s)
    ✓ sub-001-0058-TC_ses-01_task-lecture_beh.tsv  [v=1, n=45]
    ✓ sub-001-0058-TC_ses-02_task-lecture_beh.tsv  [v=1, n=45]
    ✓ sub-001-0058-TC_ses-03_task-lecture_beh.tsv  [v=1 ou 2, n=45]
    ✓ sub-001-0058-TC_ses-04_task-lecture_beh.tsv  [v=1 ou 2, n=45]
  ⏳ 'BIP' → task-bip
    ⚠️  bloc 2: facultatives absentes ['category', 'nom'] → n/a
    ⚠️  bloc 3: facultatives absentes ['category', 'nom'] → n/a
  📋 'BIP': 4 bloc(s) détecté(s)
    ✓ sub-001-0058-TC_ses-01_task-bip_beh.tsv  [v=1, n=14]
    ✓ sub-001-0058-TC_ses-02_task-bip_beh.tsv  [v=1, n=14]
    ✓ sub-001-0058-TC_ses-03_task-bip_beh.tsv  [v=1ou 2, n=14]
    ✓ sub-001-0058-TC_ses-04_task-bip_beh.tsv  [v=1 ou 2, n=14]
📂 sub-001-0048-LA  (toni_data/001-0052-LA.xlsx)
  ⏳ 'AS verbale' → task-asverbale
    ⚠️  bloc 0: 26 doublon(s) de trial supprimé(s)
  📋 'AS verbale': 4 bloc(s) détecté(s)
    ✓ sub-001-0048-LA_ses-01_task-asverbale_beh.tsv  [v=2, n=26]
    ✓ sub-001-0048-LA_ses-02_task-asverbale_beh.tsv  [v=2, n=26]
    ✓ sub-001-0048-LA_ses-03_task-asverbale_beh.tsv  [v=1, n=26]
    ✓ sub-001-0048-LA_ses-04_task-asverbale_beh.tsv  [v=2, n=26]
  ⏳ 'AS visuelle' → task-asvisuelle
  📋 'AS visuelle': 4 bloc(s) détecté(s)
    ✓ sub-001-0048-LA_ses-01_task-asvisuelle_beh.tsv  [v=2, n=26]
    ✓ sub-001-0048-LA_ses-02_task-asvisuelle_beh.tsv  [v=2, n=26]
    ✓ sub-001-0048-LA_ses-03_task-asvisuelle_beh.tsv  [v=1, n=26]
    ✓ sub-001-0048-LA_ses-04_task-asvisuelle_beh.tsv  [v=2, n=26]
  ⏳ 'EXE verb.' → task-exeverb
  📋 'EXE verb.': 4 bloc(s) détecté(s)
    ✓ sub-001-0048-LA_ses-01_task-exeverb_beh.tsv  [v=2, n=26]
    ✓ sub-001-0048-LA_ses-02_task-exeverb_beh.tsv  [v=2, n=26]
    ✓ sub-001-0048-LA_ses-03_task-exeverb_beh.tsv  [v=1, n=26]
    ✓ sub-001-0048-LA_ses-04_task-exeverb_beh.tsv  [v=2, n=26]
  ⏳ 'EXE visu.' → task-exevisu
  📋 'EXE visu.': 4 bloc(s) détecté(s)
    ✓ sub-001-0048-LA_ses-01_task-exevisu_beh.tsv  [v=2, n=26]
    ✓ sub-001-0048-LA_ses-02_task-exevisu_beh.tsv  [v=2, n=26]
    ✓ sub-001-0048-LA_ses-03_task-exevisu_beh.tsv  [v=1, n=26]
    ✓ sub-001-0048-LA_ses-04_task-exevisu_beh.tsv  [v=2, n=26]
  ⏳ 'FLUENCE cat.' → task-fluencecat
  📋 'FLUENCE cat.': 4 bloc(s) détecté(s)
    ✓ sub-001-0048-LA_ses-01_task-fluencecat_beh.tsv  [v=2, n=14]
    ✓ sub-001-0048-LA_ses-02_task-fluencecat_beh.tsv  [v=1, n=14]
    ✓ sub-001-0048-LA_ses-03_task-fluencecat_beh.tsv  [v=1, n=14]
    ✓ sub-001-0048-LA_ses-04_task-fluencecat_beh.tsv  [v=2, n=14]
  ⏳ 'FLUENCE verb.' → task-fluenceverb
  📋 'FLUENCE verb.': 4 bloc(s) détecté(s)
    ✓ sub-001-0048-LA_ses-02_task-fluenceverb_beh.tsv  [v=2, n=19]
    ⚠️  DOUBLON de session : ses-02 déjà vu au bloc 1 → bloc 2 va écraser le précédent
    ✓ sub-001-0048-LA_ses-02_task-fluenceverb_beh.tsv  [v=2, n=19]
    ✓ sub-001-0048-LA_ses-03_task-fluenceverb_beh.tsv  [v=1, n=19]
    ✓ sub-001-0048-LA_ses-04_task-fluenceverb_beh.tsv  [v=2, n=19]
  ⏳ 'DC cat.' → task-dccat
  📋 'DC cat.': 4 bloc(s) détecté(s)
    ✓ sub-001-0048-LA_ses-01_task-dccat_beh.tsv  [v=2, n=40]
    ✓ sub-001-0048-LA_ses-02_task-dccat_beh.tsv  [v=2, n=40]
    ✓ sub-001-0048-LA_ses-03_task-dccat_beh.tsv  [v=1, n=40]
    ✓ sub-001-0048-LA_ses-04_task-dccat_beh.tsv  [v=2, n=40]
  ⏳ 'DENO' → task-deno
    ⚠️  bloc 0: facultatives absentes ['stimulus', 'status', 'response_time', 'accuracy'] → n/a
    ⚠️  bloc 1: facultatives absentes ['stimulus', 'status', 'response_time', 'accuracy'] → n/a
    ⚠️  bloc 2: facultatives absentes ['stimulus', 'status', 'response_time', 'accuracy'] → n/a
    ⚠️  bloc 3: facultatives absentes ['stimulus', 'status', 'response_time', 'accuracy'] → n/a
  📋 'DENO': 4 bloc(s) détecté(s)
    ✓ sub-001-0048-LA_ses-01_task-deno_beh.tsv  [v=2, n=40]
    ✓ sub-001-0048-LA_ses-02_task-deno_beh.tsv  [v=2, n=40]
    ✓ sub-001-0048-LA_ses-03_task-deno_beh.tsv  [v=1, n=40]
    ✓ sub-001-0048-LA_ses-04_task-deno_beh.tsv  [v=2, n=40]
  ⏳ 'LECTURE' → task-lecture
    ⚠️  bloc 0: facultatives absentes ['stimulus', 'api_errors'] → n/a
    ⚠️  bloc 1: facultatives absentes ['stimulus', 'api_errors'] → n/a
    ⚠️  bloc 2: facultatives absentes ['stimulus', 'status', 'api_errors'] → n/a
    ⚠️  bloc 3: facultatives absentes ['stimulus', 'api_errors'] → n/a
  📋 'LECTURE': 4 bloc(s) détecté(s)
    ✓ sub-001-0048-LA_ses-01_task-lecture_beh.tsv  [v=2, n=45]
    ✓ sub-001-0048-LA_ses-02_task-lecture_beh.tsv  [v=2, n=45]
    ✓ sub-001-0048-LA_ses-03_task-lecture_beh.tsv  [v=1, n=45]
    ✓ sub-001-0048-LA_ses-04_task-lecture_beh.tsv  [v=2, n=45]
  ⏳ 'BIP' → task-bip
  📋 'BIP': 4 bloc(s) détecté(s)
    ✓ sub-001-0048-LA_ses-01_task-bip_beh.tsv  [v=2, n=14]
    ✓ sub-001-0048-LA_ses-02_task-bip_beh.tsv  [v=2, n=14]
    ✓ sub-001-0048-LA_ses-03_task-bip_beh.tsv  [v=1, n=14]
    ✓ sub-001-0048-LA_ses-04_task-bip_beh.tsv  [v=2, n=14]
📂 sub-001-0059-FL  (toni_data/001-0062-FL.xlsx)
  ⏳ 'AS verbale' → task-asverbale
  📋 'AS verbale': 4 bloc(s) détecté(s)
    ✓ sub-001-0059-FL_ses-01_task-asverbale_beh.tsv  [v=1, n=26]
    ✓ sub-001-0059-FL_ses-02_task-asverbale_beh.tsv  [v=1, n=26]
    ✓ sub-001-0059-FL_ses-03_task-asverbale_beh.tsv  [v=2, n=26]
    ✓ sub-001-0059-FL_ses-04_task-asverbale_beh.tsv  [v=2, n=26]
  ⏳ 'AS visuelle' → task-asvisuelle
  📋 'AS visuelle': 4 bloc(s) détecté(s)
    ✓ sub-001-0059-FL_ses-01_task-asvisuelle_beh.tsv  [v=1, n=26]
    ✓ sub-001-0059-FL_ses-02_task-asvisuelle_beh.tsv  [v=1, n=26]
    ✓ sub-001-0059-FL_ses-03_task-asvisuelle_beh.tsv  [v=2, n=26]
    ✓ sub-001-0059-FL_ses-04_task-asvisuelle_beh.tsv  [v=2, n=26]
  ⏳ 'EXE verb.' → task-exeverb
  📋 'EXE verb.': 4 bloc(s) détecté(s)
    ✓ sub-001-0059-FL_ses-01_task-exeverb_beh.tsv  [v=1, n=26]
    ✓ sub-001-0059-FL_ses-02_task-exeverb_beh.tsv  [v=1, n=26]
    ✓ sub-001-0059-FL_ses-03_task-exeverb_beh.tsv  [v=2, n=26]
    ✓ sub-001-0059-FL_ses-04_task-exeverb_beh.tsv  [v=2, n=26]
  ⏳ 'EXE visu.' → task-exevisu
  📋 'EXE visu.': 4 bloc(s) détecté(s)
    ✓ sub-001-0059-FL_ses-01_task-exevisu_beh.tsv  [v=1, n=26]
    ✓ sub-001-0059-FL_ses-02_task-exevisu_beh.tsv  [v=1, n=26]
    ✓ sub-001-0059-FL_ses-03_task-exevisu_beh.tsv  [v=2, n=26]
    ✓ sub-001-0059-FL_ses-04_task-exevisu_beh.tsv  [v=2, n=26]
  ⏳ 'FLUENCE cat.' → task-fluencecat
  📋 'FLUENCE cat.': 4 bloc(s) détecté(s)
    ✓ sub-001-0059-FL_ses-01_task-fluencecat_beh.tsv  [v=1, n=5]
    ✓ sub-001-0059-FL_ses-02_task-fluencecat_beh.tsv  [v=1, n=5]
    ✓ sub-001-0059-FL_ses-03_task-fluencecat_beh.tsv  [v=2, n=5]
    ✓ sub-001-0059-FL_ses-04_task-fluencecat_beh.tsv  [v=2, n=5]
  ⏳ 'FLUENCE verb.' → task-fluenceverb
  📋 'FLUENCE verb.': 4 bloc(s) détecté(s)
    ✓ sub-001-0059-FL_ses-01_task-fluenceverb_beh.tsv  [v=1, n=14]
    ✓ sub-001-0059-FL_ses-02_task-fluenceverb_beh.tsv  [v=1, n=14]
    ✓ sub-001-0059-FL_ses-03_task-fluenceverb_beh.tsv  [v=2, n=14]
    ✓ sub-001-0059-FL_ses-04_task-fluenceverb_beh.tsv  [v=2, n=14]
  ⏳ 'DC cat.' → task-dccat
  📋 'DC cat.': 4 bloc(s) détecté(s)
    ✓ sub-001-0059-FL_ses-01_task-dccat_beh.tsv  [v=1, n=40]
    ✓ sub-001-0059-FL_ses-02_task-dccat_beh.tsv  [v=1, n=40]
    ✓ sub-001-0059-FL_ses-03_task-dccat_beh.tsv  [v=2, n=40]
    ✓ sub-001-0059-FL_ses-04_task-dccat_beh.tsv  [v=2, n=40]
  ⏳ 'DENO' → task-deno
    ⚠️  bloc 0: facultatives absentes ['stimulus', 'status', 'response_time', 'accuracy'] → n/a
    ⚠️  bloc 1: facultatives absentes ['stimulus', 'status', 'response_time', 'accuracy'] → n/a
    ⚠️  bloc 2: facultatives absentes ['stimulus', 'status', 'response_time', 'accuracy'] → n/a
    ⚠️  bloc 3: facultatives absentes ['stimulus', 'status', 'response_time', 'accuracy'] → n/a
  📋 'DENO': 4 bloc(s) détecté(s)
    ✓ sub-001-0059-FL_ses-02_task-deno_beh.tsv  [v=1, n=40]
    ✓ sub-001-0059-FL_ses-03_task-deno_beh.tsv  [v=1, n=40]
    ⚠️  DOUBLON de session : ses-03 déjà vu au bloc 2 → bloc 3 va écraser le précédent
    ✓ sub-001-0059-FL_ses-03_task-deno_beh.tsv  [v=2, n=40]
    ⚠️  DOUBLON de session : ses-02 déjà vu au bloc 1 → bloc 4 va écraser le précédent
    ✓ sub-001-0059-FL_ses-02_task-deno_beh.tsv  [v=4, n=40]
  ⏳ 'LECTURE' → task-lecture
    ⚠️  bloc 0: facultatives absentes ['stimulus', 'status', 'api_errors'] → n/a
    ⚠️  bloc 1: facultatives absentes ['stimulus', 'status', 'api_errors'] → n/a
    ⚠️  bloc 2: facultatives absentes ['stimulus', 'api_errors'] → n/a
    ⚠️  bloc 3: facultatives absentes ['stimulus', 'api_errors'] → n/a
  📋 'LECTURE': 4 bloc(s) détecté(s)
    ✓ sub-001-0059-FL_ses-01_task-lecture_beh.tsv  [v=1, n=45]
    ✓ sub-001-0059-FL_ses-02_task-lecture_beh.tsv  [v=1, n=45]
    ✓ sub-001-0059-FL_ses-03_task-lecture_beh.tsv  [v=2, n=45]
    ✓ sub-001-0059-FL_ses-04_task-lecture_beh.tsv  [v=2, n=45]
  ⏳ 'BIP' → task-bip
  📋 'BIP': 4 bloc(s) détecté(s)
    ✓ sub-001-0059-FL_ses-01_task-bip_beh.tsv  [v=1, n=14]
    ✓ sub-001-0059-FL_ses-02_task-bip_beh.tsv  [v=1, n=14]
    ✓ sub-001-0059-FL_ses-03_task-bip_beh.tsv  [v=2, n=14]
    ✓ sub-001-0059-FL_ses-04_task-bip_beh.tsv  [v=2, n=14]
📂 sub-001-0060-GL  (toni_data/001-0063-GL.xlsx)
  ⏳ 'AS verbale' → task-asverbale
  📋 'AS verbale': 4 bloc(s) détecté(s)
    ✓ sub-001-0060-GL_ses-01_task-asverbale_beh.tsv  [v=1, n=26]
    ✓ sub-001-0060-GL_ses-02_task-asverbale_beh.tsv  [v=1, n=26]
    ✓ sub-001-0060-GL_ses-03_task-asverbale_beh.tsv  [v=2, n=26]
    ✓ sub-001-0060-GL_ses-04_task-asverbale_beh.tsv  [v=1 ou 2, n=26]
  ⏳ 'AS visuelle' → task-asvisuelle
  📋 'AS visuelle': 4 bloc(s) détecté(s)
    ✓ sub-001-0060-GL_ses-01_task-asvisuelle_beh.tsv  [v=1, n=26]
    ✓ sub-001-0060-GL_ses-02_task-asvisuelle_beh.tsv  [v=1, n=26]
    ✓ sub-001-0060-GL_ses-03_task-asvisuelle_beh.tsv  [v=2, n=26]
    ✓ sub-001-0060-GL_ses-04_task-asvisuelle_beh.tsv  [v=2, n=26]
  ⏳ 'EXE verb.' → task-exeverb
  📋 'EXE verb.': 4 bloc(s) détecté(s)
    ✓ sub-001-0060-GL_ses-01_task-exeverb_beh.tsv  [v=1, n=26]
    ✓ sub-001-0060-GL_ses-02_task-exeverb_beh.tsv  [v=1, n=26]
    ✓ sub-001-0060-GL_ses-03_task-exeverb_beh.tsv  [v=2, n=26]
    ✓ sub-001-0060-GL_ses-04_task-exeverb_beh.tsv  [v=2, n=26]
  ⏳ 'EXE visu.' → task-exevisu
  📋 'EXE visu.': 4 bloc(s) détecté(s)
    ✓ sub-001-0060-GL_ses-01_task-exevisu_beh.tsv  [v=1, n=26]
    ✓ sub-001-0060-GL_ses-02_task-exevisu_beh.tsv  [v=1, n=26]
    ✓ sub-001-0060-GL_ses-03_task-exevisu_beh.tsv  [v=2, n=26]
    ✓ sub-001-0060-GL_ses-04_task-exevisu_beh.tsv  [v=2, n=26]
  ⏳ 'FLUENCE cat.' → task-fluencecat
  📋 'FLUENCE cat.': 4 bloc(s) détecté(s)
    ✓ sub-001-0060-GL_ses-01_task-fluencecat_beh.tsv  [v=1, n=11]
    ✓ sub-001-0060-GL_ses-02_task-fluencecat_beh.tsv  [v=1, n=11]
    ✓ sub-001-0060-GL_ses-03_task-fluencecat_beh.tsv  [v=2, n=11]
    ✓ sub-001-0060-GL_ses-04_task-fluencecat_beh.tsv  [v=2, n=11]
  ⏳ 'FLUENCE verb.' → task-fluenceverb
  📋 'FLUENCE verb.': 4 bloc(s) détecté(s)
    ✓ sub-001-0060-GL_ses-01_task-fluenceverb_beh.tsv  [v=1, n=14]
    ✓ sub-001-0060-GL_ses-02_task-fluenceverb_beh.tsv  [v=1, n=14]
    ✓ sub-001-0060-GL_ses-03_task-fluenceverb_beh.tsv  [v=2, n=14]
    ✓ sub-001-0060-GL_ses-04_task-fluenceverb_beh.tsv  [v=2, n=14]
  ⏳ 'DC cat.' → task-dccat
  📋 'DC cat.': 4 bloc(s) détecté(s)
    ✓ sub-001-0060-GL_ses-01_task-dccat_beh.tsv  [v=1, n=40]
    ✓ sub-001-0060-GL_ses-02_task-dccat_beh.tsv  [v=1, n=40]
    ✓ sub-001-0060-GL_ses-03_task-dccat_beh.tsv  [v=2, n=40]
    ✓ sub-001-0060-GL_ses-04_task-dccat_beh.tsv  [v=2, n=40]
  ⏳ 'DENO' → task-deno
    ⚠️  bloc 0: facultatives absentes ['stimulus', 'status', 'response_time', 'accuracy'] → n/a
    ⚠️  bloc 1: facultatives absentes ['stimulus', 'status', 'response_time', 'accuracy'] → n/a
    ⚠️  bloc 2: facultatives absentes ['stimulus', 'status', 'response_time', 'accuracy'] → n/a
    ⚠️  bloc 3: facultatives absentes ['stimulus', 'status', 'response_time', 'accuracy'] → n/a
  📋 'DENO': 4 bloc(s) détecté(s)
    ✓ sub-001-0060-GL_ses-01_task-deno_beh.tsv  [v=1, n=40]
    ✓ sub-001-0060-GL_ses-02_task-deno_beh.tsv  [v=1, n=40]
    ✓ sub-001-0060-GL_ses-03_task-deno_beh.tsv  [v=2, n=40]
    ⚠️  DOUBLON de session : ses-02 déjà vu au bloc 2 → bloc 4 va écraser le précédent
    ✓ sub-001-0060-GL_ses-02_task-deno_beh.tsv  [v=4, n=40]
  ⏳ 'LECTURE' → task-lecture
    ⚠️  bloc 0: facultatives absentes ['stimulus', 'status', 'api_errors'] → n/a
    ⚠️  bloc 1: facultatives absentes ['stimulus', 'status', 'api_errors'] → n/a
    ⚠️  bloc 2: facultatives absentes ['stimulus', 'api_errors'] → n/a
    ⚠️  bloc 3: facultatives absentes ['stimulus', 'api_errors'] → n/a
  📋 'LECTURE': 4 bloc(s) détecté(s)
    ✓ sub-001-0060-GL_ses-01_task-lecture_beh.tsv  [v=1, n=45]
    ✓ sub-001-0060-GL_ses-02_task-lecture_beh.tsv  [v=1, n=45]
    ✓ sub-001-0060-GL_ses-03_task-lecture_beh.tsv  [v=2, n=45]
    ✓ sub-001-0060-GL_ses-04_task-lecture_beh.tsv  [v=2, n=45]
  ⏳ 'BIP' → task-bip
  📋 'BIP': 4 bloc(s) détecté(s)
    ✓ sub-001-0060-GL_ses-01_task-bip_beh.tsv  [v=1 ou 2, n=14]
    ✓ sub-001-0060-GL_ses-02_task-bip_beh.tsv  [v=1, n=14]
    ✓ sub-001-0060-GL_ses-03_task-bip_beh.tsv  [v=2, n=14]
    ✓ sub-001-0060-GL_ses-04_task-bip_beh.tsv  [v=1 ou 2, n=14]
📂 sub-001-0061-PM  (toni_data/001-0064-PM.xlsx)
  ⏳ 'AS verbale' → task-asverbale
  📋 'AS verbale': 4 bloc(s) détecté(s)
    ✓ sub-001-0061-PM_ses-01_task-asverbale_beh.tsv  [v=2, n=26]
    ✓ sub-001-0061-PM_ses-02_task-asverbale_beh.tsv  [v=2, n=26]
    ✓ sub-001-0061-PM_ses-03_task-asverbale_beh.tsv  [v=1, n=26]
    ✓ sub-001-0061-PM_ses-04_task-asverbale_beh.tsv  [v=1, n=26]
  ⏳ 'AS visuelle' → task-asvisuelle
  📋 'AS visuelle': 4 bloc(s) détecté(s)
    ✓ sub-001-0061-PM_ses-01_task-asvisuelle_beh.tsv  [v=2, n=26]
    ✓ sub-001-0061-PM_ses-02_task-asvisuelle_beh.tsv  [v=2, n=26]
    ✓ sub-001-0061-PM_ses-03_task-asvisuelle_beh.tsv  [v=1, n=26]
    ✓ sub-001-0061-PM_ses-04_task-asvisuelle_beh.tsv  [v=1, n=26]
  ⏳ 'EXE verb.' → task-exeverb
  📋 'EXE verb.': 4 bloc(s) détecté(s)
    ✓ sub-001-0061-PM_ses-01_task-exeverb_beh.tsv  [v=2, n=26]
    ✓ sub-001-0061-PM_ses-02_task-exeverb_beh.tsv  [v=2, n=26]
    ✓ sub-001-0061-PM_ses-03_task-exeverb_beh.tsv  [v=1, n=26]
    ✓ sub-001-0061-PM_ses-04_task-exeverb_beh.tsv  [v=1, n=26]
  ⏳ 'EXE visu.' → task-exevisu
  📋 'EXE visu.': 4 bloc(s) détecté(s)
    ✓ sub-001-0061-PM_ses-01_task-exevisu_beh.tsv  [v=2, n=26]
    ✓ sub-001-0061-PM_ses-02_task-exevisu_beh.tsv  [v=2, n=26]
    ✓ sub-001-0061-PM_ses-03_task-exevisu_beh.tsv  [v=1, n=26]
    ✓ sub-001-0061-PM_ses-04_task-exevisu_beh.tsv  [v=1, n=26]
  ⏳ 'FLUENCE cat.' → task-fluencecat
  📋 'FLUENCE cat.': 4 bloc(s) détecté(s)
    ✓ sub-001-0061-PM_ses-01_task-fluencecat_beh.tsv  [v=2, n=18]
    ✓ sub-001-0061-PM_ses-02_task-fluencecat_beh.tsv  [v=2, n=18]
    ✓ sub-001-0061-PM_ses-03_task-fluencecat_beh.tsv  [v=1, n=18]
    ✓ sub-001-0061-PM_ses-04_task-fluencecat_beh.tsv  [v=1, n=18]
  ⏳ 'FLUENCE verb.' → task-fluenceverb
  📋 'FLUENCE verb.': 4 bloc(s) détecté(s)
    ✓ sub-001-0061-PM_ses-01_task-fluenceverb_beh.tsv  [v=2, n=20]
    ✓ sub-001-0061-PM_ses-02_task-fluenceverb_beh.tsv  [v=2, n=20]
    ✓ sub-001-0061-PM_ses-03_task-fluenceverb_beh.tsv  [v=1, n=20]
    ✓ sub-001-0061-PM_ses-04_task-fluenceverb_beh.tsv  [v=2, n=20]
  ⏳ 'DC cat.' → task-dccat
  📋 'DC cat.': 4 bloc(s) détecté(s)
    ✓ sub-001-0061-PM_ses-01_task-dccat_beh.tsv  [v=2, n=40]
    ✓ sub-001-0061-PM_ses-02_task-dccat_beh.tsv  [v=2, n=40]
    ✓ sub-001-0061-PM_ses-03_task-dccat_beh.tsv  [v=1, n=40]
    ✓ sub-001-0061-PM_ses-04_task-dccat_beh.tsv  [v=1, n=40]
  ⏳ 'DENO' → task-deno
    ⚠️  bloc 0: facultatives absentes ['stimulus', 'status', 'response_time', 'accuracy'] → n/a
    ⚠️  bloc 1: facultatives absentes ['stimulus', 'status', 'response_time', 'accuracy'] → n/a
    ⚠️  bloc 2: facultatives absentes ['stimulus', 'status', 'response_time', 'accuracy'] → n/a
    ⚠️  bloc 3: facultatives absentes ['stimulus', 'status', 'response_time', 'accuracy'] → n/a
  📋 'DENO': 4 bloc(s) détecté(s)
    ✓ sub-001-0061-PM_ses-01_task-deno_beh.tsv  [v=1, n=40]
    ✓ sub-001-0061-PM_ses-02_task-deno_beh.tsv  [v=2, n=40]
    ✓ sub-001-0061-PM_ses-03_task-deno_beh.tsv  [v=1, n=40]
    ⚠️  DOUBLON de session : ses-01 déjà vu au bloc 1 → bloc 4 va écraser le précédent
    ✓ sub-001-0061-PM_ses-01_task-deno_beh.tsv  [v=4, n=40]
  ⏳ 'LECTURE' → task-lecture
    ⚠️  bloc 0: facultatives absentes ['stimulus', 'api_errors'] → n/a
    ⚠️  bloc 1: facultatives absentes ['stimulus', 'api_errors'] → n/a
    ⚠️  bloc 2: facultatives absentes ['stimulus', 'status', 'api_errors'] → n/a
    ⚠️  bloc 3: facultatives absentes ['stimulus', 'status', 'api_errors'] → n/a
  📋 'LECTURE': 4 bloc(s) détecté(s)
    ✓ sub-001-0061-PM_ses-01_task-lecture_beh.tsv  [v=1, n=45]
    ✓ sub-001-0061-PM_ses-02_task-lecture_beh.tsv  [v=2, n=45]
    ✓ sub-001-0061-PM_ses-03_task-lecture_beh.tsv  [v=1, n=45]
    ✓ sub-001-0061-PM_ses-04_task-lecture_beh.tsv  [v=1, n=45]
  ⏳ 'BIP' → task-bip
  📋 'BIP': 4 bloc(s) détecté(s)
    ✓ sub-001-0061-PM_ses-01_task-bip_beh.tsv  [v=2, n=14]
    ✓ sub-001-0061-PM_ses-02_task-bip_beh.tsv  [v=2, n=14]
    ✓ sub-001-0061-PM_ses-03_task-bip_beh.tsv  [v=1, n=14]
    ✓ sub-001-0061-PM_ses-04_task-bip_beh.tsv  [v=1, n=14]
📂 sub-001-0062-PM  (toni_data/001-0065-PM.xlsx)
  ⏳ 'AS verbale' → task-asverbale
    ⚠️  bloc 2: colonnes introuvables ['condition_target'] → ignoré
         noms détectés : ['PAT001-0065-PM.2', 'Version.2', 'Session.2', 'Trial.2', 'target.2', 'ImageDisplay2.ACC.2', 'ImageDisplay2.RT.2', 'RT', 'RT correct.2']
  📋 'AS verbale': 3 bloc(s) détecté(s)
    ✓ sub-001-0062-PM_ses-01_task-asverbale_beh.tsv  [v=1, n=26]
    ✓ sub-001-0062-PM_ses-02_task-asverbale_beh.tsv  [v=1, n=26]
    ✓ sub-001-0062-PM_ses-04_task-asverbale_beh.tsv  [v=2, n=26]
  ⏳ 'AS visuelle' → task-asvisuelle
  📋 'AS visuelle': 4 bloc(s) détecté(s)
    ✓ sub-001-0062-PM_ses-01_task-asvisuelle_beh.tsv  [v=1, n=26]
    ✓ sub-001-0062-PM_ses-02_task-asvisuelle_beh.tsv  [v=1, n=26]
    ✓ sub-001-0062-PM_ses-03_task-asvisuelle_beh.tsv  [v=2, n=26]
    ✓ sub-001-0062-PM_ses-04_task-asvisuelle_beh.tsv  [v=2, n=26]
  ⏳ 'EXE verb.' → task-exeverb
  📋 'EXE verb.': 4 bloc(s) détecté(s)
    ✓ sub-001-0062-PM_ses-01_task-exeverb_beh.tsv  [v=1, n=26]
    ✓ sub-001-0062-PM_ses-02_task-exeverb_beh.tsv  [v=1, n=26]
    ✓ sub-001-0062-PM_ses-03_task-exeverb_beh.tsv  [v=2, n=26]
    ✓ sub-001-0062-PM_ses-04_task-exeverb_beh.tsv  [v=2, n=26]
  ⏳ 'EXE visu.' → task-exevisu
  📋 'EXE visu.': 4 bloc(s) détecté(s)
    ✓ sub-001-0062-PM_ses-01_task-exevisu_beh.tsv  [v=1, n=26]
    ✓ sub-001-0062-PM_ses-02_task-exevisu_beh.tsv  [v=1, n=26]
    ✓ sub-001-0062-PM_ses-03_task-exevisu_beh.tsv  [v=2, n=26]
    ✓ sub-001-0062-PM_ses-04_task-exevisu_beh.tsv  [v=2, n=26]
  ⏳ 'FLUENCE cat.' → task-fluencecat
    ⚠️  bloc 0: colonnes introuvables ['item_text'] → ignoré
         noms détectés : ['PAT001-0065-PM', 'Version', 'Session', 'n°', 'Nombre']
    ⚠️  bloc 1: colonnes introuvables ['item_text'] → ignoré
         noms détectés : ['PAT001-00-', 'Version.1', 'Session.1', 'n°.1', 'Nombre.1']
  📋 'FLUENCE cat.': 2 bloc(s) détecté(s)
    ✓ sub-001-0062-PM_ses-03_task-fluencecat_beh.tsv  [v=1 ou 2, n=9]
    ✓ sub-001-0062-PM_ses-04_task-fluencecat_beh.tsv  [v=2, n=9]
  ⏳ 'FLUENCE verb.' → task-fluenceverb
  📋 'FLUENCE verb.': 4 bloc(s) détecté(s)
    ✓ sub-001-0062-PM_ses-01_task-fluenceverb_beh.tsv  [v=1, n=9]
    ✓ sub-001-0062-PM_ses-02_task-fluenceverb_beh.tsv  [v=1, n=9]
    ✓ sub-001-0062-PM_ses-03_task-fluenceverb_beh.tsv  [v=2, n=9]
    ✓ sub-001-0062-PM_ses-04_task-fluenceverb_beh.tsv  [v=2, n=9]
  ⏳ 'DC cat.' → task-dccat
  📋 'DC cat.': 4 bloc(s) détecté(s)
    ✓ sub-001-0062-PM_ses-01_task-dccat_beh.tsv  [v=1, n=40]
    ✓ sub-001-0062-PM_ses-02_task-dccat_beh.tsv  [v=1, n=40]
    ✓ sub-001-0062-PM_ses-03_task-dccat_beh.tsv  [v=2, n=40]
    ✓ sub-001-0062-PM_ses-04_task-dccat_beh.tsv  [v=2, n=40]
  ⏳ 'DENO' → task-deno
    ⚠️  bloc 0: facultatives absentes ['stimulus', 'status', 'response_time', 'accuracy'] → n/a
    ⚠️  bloc 1: facultatives absentes ['stimulus', 'status', 'response_time', 'accuracy'] → n/a
    ⚠️  bloc 2: facultatives absentes ['stimulus', 'status', 'response_time', 'accuracy'] → n/a
    ⚠️  bloc 3: facultatives absentes ['stimulus', 'status', 'response_time', 'accuracy'] → n/a
  📋 'DENO': 4 bloc(s) détecté(s)
    ✓ sub-001-0062-PM_ses-02_task-deno_beh.tsv  [v=1, n=40]
    ⚠️  DOUBLON de session : ses-02 déjà vu au bloc 1 → bloc 2 va écraser le précédent
    ✓ sub-001-0062-PM_ses-02_task-deno_beh.tsv  [v=1, n=40]
    ✓ sub-001-0062-PM_ses-03_task-deno_beh.tsv  [v=2, n=40]
    ⚠️  DOUBLON de session : ses-02 déjà vu au bloc 2 → bloc 4 va écraser le précédent
    ✓ sub-001-0062-PM_ses-02_task-deno_beh.tsv  [v=4, n=40]
  ⏳ 'LECTURE' → task-lecture
    ⚠️  bloc 0: facultatives absentes ['stimulus', 'status', 'api_errors'] → n/a
    ⚠️  bloc 1: facultatives absentes ['stimulus', 'status', 'api_errors'] → n/a
    ⚠️  bloc 2: facultatives absentes ['stimulus', 'api_errors'] → n/a
    ⚠️  bloc 3: facultatives absentes ['stimulus', 'api_errors'] → n/a
  📋 'LECTURE': 4 bloc(s) détecté(s)
    ✓ sub-001-0062-PM_ses-01_task-lecture_beh.tsv  [v=1, n=45]
    ✓ sub-001-0062-PM_ses-02_task-lecture_beh.tsv  [v=1, n=45]
    ✓ sub-001-0062-PM_ses-03_task-lecture_beh.tsv  [v=2, n=45]
    ✓ sub-001-0062-PM_ses-04_task-lecture_beh.tsv  [v=2, n=45]
  ⏳ 'BIP' → task-bip
  📋 'BIP': 4 bloc(s) détecté(s)
    ✓ sub-001-0062-PM_ses-01_task-bip_beh.tsv  [v=1, n=14]
    ✓ sub-001-0062-PM_ses-02_task-bip_beh.tsv  [v=1, n=14]
    ✓ sub-001-0062-PM_ses-03_task-bip_beh.tsv  [v=2, n=14]
    ✓ sub-001-0062-PM_ses-04_task-bip_beh.tsv  [v=2, n=14]
📂 sub-001-0063-DD  (toni_data/001-0066-DD.xlsx)
  ⏳ 'AS verbale' → task-asverbale
  📋 'AS verbale': 4 bloc(s) détecté(s)
    ✓ sub-001-0063-DD_ses-01_task-asverbale_beh.tsv  [v=2, n=26]
    ✓ sub-001-0063-DD_ses-02_task-asverbale_beh.tsv  [v=2, n=26]
    ✓ sub-001-0063-DD_ses-03_task-asverbale_beh.tsv  [v=1, n=26]
    ✓ sub-001-0063-DD_ses-04_task-asverbale_beh.tsv  [v=1, n=26]
  ⏳ 'AS visuelle' → task-asvisuelle
  📋 'AS visuelle': 4 bloc(s) détecté(s)
    ✓ sub-001-0063-DD_ses-01_task-asvisuelle_beh.tsv  [v=2, n=26]
    ✓ sub-001-0063-DD_ses-02_task-asvisuelle_beh.tsv  [v=2, n=26]
    ✓ sub-001-0063-DD_ses-03_task-asvisuelle_beh.tsv  [v=1, n=26]
    ✓ sub-001-0063-DD_ses-04_task-asvisuelle_beh.tsv  [v=1, n=26]
  ⏳ 'EXE verb.' → task-exeverb
  📋 'EXE verb.': 4 bloc(s) détecté(s)
    ✓ sub-001-0063-DD_ses-01_task-exeverb_beh.tsv  [v=2, n=26]
    ✓ sub-001-0063-DD_ses-02_task-exeverb_beh.tsv  [v=2, n=26]
    ✓ sub-001-0063-DD_ses-03_task-exeverb_beh.tsv  [v=1, n=26]
    ✓ sub-001-0063-DD_ses-04_task-exeverb_beh.tsv  [v=1, n=26]
  ⏳ 'EXE visu.' → task-exevisu
  📋 'EXE visu.': 4 bloc(s) détecté(s)
    ✓ sub-001-0063-DD_ses-01_task-exevisu_beh.tsv  [v=2, n=26]
    ✓ sub-001-0063-DD_ses-02_task-exevisu_beh.tsv  [v=2, n=26]
    ✓ sub-001-0063-DD_ses-03_task-exevisu_beh.tsv  [v=1, n=26]
    ✓ sub-001-0063-DD_ses-04_task-exevisu_beh.tsv  [v=1, n=26]
  ⏳ 'FLUENCE cat.' → task-fluencecat
  📋 'FLUENCE cat.': 4 bloc(s) détecté(s)
    ✓ sub-001-0063-DD_ses-01_task-fluencecat_beh.tsv  [v=2, n=6]
    ✓ sub-001-0063-DD_ses-02_task-fluencecat_beh.tsv  [v=2, n=6]
    ✓ sub-001-0063-DD_ses-03_task-fluencecat_beh.tsv  [v=1, n=6]
    ✓ sub-001-0063-DD_ses-04_task-fluencecat_beh.tsv  [v=1, n=6]
  ⏳ 'FLUENCE verb.' → task-fluenceverb
    ⚠️  bloc 1: colonnes introuvables ['item_text'] → ignoré
         noms détectés : ['PAT001-00-.1', 'Version.1', 'Session.1', 'n°.1', 'Nombre.1']
  📋 'FLUENCE verb.': 3 bloc(s) détecté(s)
    ✓ sub-001-0063-DD_ses-01_task-fluenceverb_beh.tsv  [v=2, n=7]
    ✓ sub-001-0063-DD_ses-03_task-fluenceverb_beh.tsv  [v=1, n=7]
    ✓ sub-001-0063-DD_ses-04_task-fluenceverb_beh.tsv  [v=1, n=7]
  ⏳ 'DC cat.' → task-dccat
  📋 'DC cat.': 4 bloc(s) détecté(s)
    ✓ sub-001-0063-DD_ses-01_task-dccat_beh.tsv  [v=2, n=40]
    ✓ sub-001-0063-DD_ses-02_task-dccat_beh.tsv  [v=2, n=40]
    ✓ sub-001-0063-DD_ses-03_task-dccat_beh.tsv  [v=2, n=40]
    ✓ sub-001-0063-DD_ses-04_task-dccat_beh.tsv  [v=1, n=40]
  ⏳ 'DENO' → task-deno
    ⚠️  bloc 0: facultatives absentes ['stimulus', 'status', 'response_time', 'accuracy'] → n/a
    ⚠️  bloc 1: facultatives absentes ['stimulus', 'status', 'response_time', 'accuracy'] → n/a
    ⚠️  bloc 2: facultatives absentes ['stimulus', 'status', 'response_time', 'accuracy'] → n/a
    ⚠️  bloc 3: facultatives absentes ['stimulus', 'status', 'response_time', 'accuracy'] → n/a
  📋 'DENO': 4 bloc(s) détecté(s)
    ✓ sub-001-0063-DD_ses-01_task-deno_beh.tsv  [v=2, n=40]
    ✓ sub-001-0063-DD_ses-02_task-deno_beh.tsv  [v=2, n=40]
    ✓ sub-001-0063-DD_ses-03_task-deno_beh.tsv  [v=1, n=40]
    ✓ sub-001-0063-DD_ses-04_task-deno_beh.tsv  [v=1, n=40]
  ⏳ 'LECTURE' → task-lecture
    ⚠️  bloc 0: facultatives absentes ['stimulus', 'api_errors'] → n/a
    ⚠️  bloc 1: facultatives absentes ['stimulus', 'api_errors'] → n/a
    ⚠️  bloc 2: facultatives absentes ['stimulus', 'status', 'api_errors'] → n/a
    ⚠️  bloc 3: facultatives absentes ['stimulus', 'status', 'api_errors'] → n/a
  📋 'LECTURE': 4 bloc(s) détecté(s)
    ✓ sub-001-0063-DD_ses-01_task-lecture_beh.tsv  [v=2, n=45]
    ✓ sub-001-0063-DD_ses-02_task-lecture_beh.tsv  [v=2, n=45]
    ✓ sub-001-0063-DD_ses-03_task-lecture_beh.tsv  [v=1, n=45]
    ✓ sub-001-0063-DD_ses-04_task-lecture_beh.tsv  [v=1, n=45]
  ⏳ 'BIP' → task-bip
    ⚠️  bloc 1: facultatives absentes ['category'] → n/a
  📋 'BIP': 4 bloc(s) détecté(s)
    ✓ sub-001-0063-DD_ses-01_task-bip_beh.tsv  [v=2, n=14]
    ✓ sub-001-0063-DD_ses-02_task-bip_beh.tsv  [v=2, n=14]
    ✓ sub-001-0063-DD_ses-03_task-bip_beh.tsv  [v=1, n=14]
    ✓ sub-001-0063-DD_ses-04_task-bip_beh.tsv  [v=1, n=14]
📂 sub-001-0064-RD  (toni_data/001-0067-RD.xlsx)
  ⏳ 'AS verbale' → task-asverbale
  📋 'AS verbale': 4 bloc(s) détecté(s)
    ✓ sub-001-0064-RD_ses-01_task-asverbale_beh.tsv  [v=1, n=26]
    ✓ sub-001-0064-RD_ses-02_task-asverbale_beh.tsv  [v=1, n=26]
    ✓ sub-001-0064-RD_ses-03_task-asverbale_beh.tsv  [v=2, n=26]
    ✓ sub-001-0064-RD_ses-04_task-asverbale_beh.tsv  [v=1 ou 2, n=26]
  ⏳ 'AS visuelle' → task-asvisuelle
  📋 'AS visuelle': 4 bloc(s) détecté(s)
    ✓ sub-001-0064-RD_ses-01_task-asvisuelle_beh.tsv  [v=1, n=26]
    ✓ sub-001-0064-RD_ses-02_task-asvisuelle_beh.tsv  [v=1, n=26]
    ✓ sub-001-0064-RD_ses-03_task-asvisuelle_beh.tsv  [v=2, n=26]
    ✓ sub-001-0064-RD_ses-04_task-asvisuelle_beh.tsv  [v=2, n=26]
  ⏳ 'EXE verb.' → task-exeverb
    ⚠️  bloc 3: facultatives absentes ['target', 'response_time'] → n/a
  📋 'EXE verb.': 4 bloc(s) détecté(s)
    ✓ sub-001-0064-RD_ses-01_task-exeverb_beh.tsv  [v=1, n=26]
    ✓ sub-001-0064-RD_ses-02_task-exeverb_beh.tsv  [v=1, n=26]
    ✓ sub-001-0064-RD_ses-03_task-exeverb_beh.tsv  [v=2, n=26]
    ✓ sub-001-0064-RD_ses-04_task-exeverb_beh.tsv  [v=2, n=26]
  ⏳ 'EXE visu.' → task-exevisu
  📋 'EXE visu.': 4 bloc(s) détecté(s)
    ✓ sub-001-0064-RD_ses-01_task-exevisu_beh.tsv  [v=1, n=26]
    ✓ sub-001-0064-RD_ses-02_task-exevisu_beh.tsv  [v=1, n=26]
    ✓ sub-001-0064-RD_ses-03_task-exevisu_beh.tsv  [v=2, n=26]
    ✓ sub-001-0064-RD_ses-04_task-exevisu_beh.tsv  [v=2, n=26]
  ⏳ 'FLUENCE cat.' → task-fluencecat
    ⚠️  bloc 0: colonnes introuvables ['item_text'] → ignoré
         noms détectés : ['PAT001-001-006', 'Version', 'Session', 'n°', 'Nombre']
  📋 'FLUENCE cat.': 3 bloc(s) détecté(s)
    ✓ sub-001-0064-RD_ses-02_task-fluencecat_beh.tsv  [v=1, n=6]
    ✓ sub-001-0064-RD_ses-03_task-fluencecat_beh.tsv  [v=2, n=6]
    ✓ sub-001-0064-RD_ses-04_task-fluencecat_beh.tsv  [v=2, n=6]
  ⏳ 'FLUENCE verb.' → task-fluenceverb
  📋 'FLUENCE verb.': 4 bloc(s) détecté(s)
    ✓ sub-001-0064-RD_ses-01_task-fluenceverb_beh.tsv  [v=1, n=11]
    ✓ sub-001-0064-RD_ses-02_task-fluenceverb_beh.tsv  [v=1, n=11]
    ✓ sub-001-0064-RD_ses-03_task-fluenceverb_beh.tsv  [v=2, n=11]
    ✓ sub-001-0064-RD_ses-04_task-fluenceverb_beh.tsv  [v=2, n=11]
  ⏳ 'DC cat.' → task-dccat
  📋 'DC cat.': 4 bloc(s) détecté(s)
    ✓ sub-001-0064-RD_ses-01_task-dccat_beh.tsv  [v=1, n=40]
    ✓ sub-001-0064-RD_ses-02_task-dccat_beh.tsv  [v=1, n=40]
    ✓ sub-001-0064-RD_ses-03_task-dccat_beh.tsv  [v=2, n=40]
    ✓ sub-001-0064-RD_ses-04_task-dccat_beh.tsv  [v=2, n=40]
  ⏳ 'DENO' → task-deno
    ⚠️  bloc 0: facultatives absentes ['stimulus', 'status', 'response_time', 'accuracy'] → n/a
    ⚠️  bloc 1: facultatives absentes ['stimulus', 'status', 'response_time', 'accuracy'] → n/a
    ⚠️  bloc 2: facultatives absentes ['stimulus', 'status', 'response_time', 'accuracy'] → n/a
    ⚠️  bloc 3: facultatives absentes ['stimulus', 'status', 'response_time', 'accuracy'] → n/a
  📋 'DENO': 4 bloc(s) détecté(s)
    ✓ sub-001-0064-RD_ses-01_task-deno_beh.tsv  [v=1, n=40]
    ✓ sub-001-0064-RD_ses-02_task-deno_beh.tsv  [v=1, n=40]
    ✓ sub-001-0064-RD_ses-03_task-deno_beh.tsv  [v=2, n=40]
    ⚠️  DOUBLON de session : ses-02 déjà vu au bloc 2 → bloc 4 va écraser le précédent
    ✓ sub-001-0064-RD_ses-02_task-deno_beh.tsv  [v=4, n=40]
  ⏳ 'LECTURE' → task-lecture
    ⚠️  bloc 0: facultatives absentes ['stimulus', 'status', 'api_errors'] → n/a
    ⚠️  bloc 1: facultatives absentes ['stimulus', 'status', 'api_errors'] → n/a
    ⚠️  bloc 2: facultatives absentes ['stimulus', 'api_errors'] → n/a
    ⚠️  bloc 3: facultatives absentes ['stimulus', 'api_errors'] → n/a
  📋 'LECTURE': 4 bloc(s) détecté(s)
    ✓ sub-001-0064-RD_ses-01_task-lecture_beh.tsv  [v=1, n=45]
    ✓ sub-001-0064-RD_ses-02_task-lecture_beh.tsv  [v=1, n=45]
    ✓ sub-001-0064-RD_ses-03_task-lecture_beh.tsv  [v=2, n=45]
    ✓ sub-001-0064-RD_ses-04_task-lecture_beh.tsv  [v=2, n=45]
  ⏳ 'BIP' → task-bip
  📋 'BIP': 4 bloc(s) détecté(s)
    ✓ sub-001-0064-RD_ses-01_task-bip_beh.tsv  [v=1, n=14]
    ✓ sub-001-0064-RD_ses-02_task-bip_beh.tsv  [v=1, n=14]
    ✓ sub-001-0064-RD_ses-03_task-bip_beh.tsv  [v=2, n=14]
    ✓ sub-001-0064-RD_ses-04_task-bip_beh.tsv  [v=2, n=14]
📂 sub-001-0065-BA  (toni_data/001-0068-BA.xlsx)
  ⏳ 'AS verbale' → task-asverbale
  📋 'AS verbale': 4 bloc(s) détecté(s)
    ✓ sub-001-0065-BA_ses-01_task-asverbale_beh.tsv  [v=2, n=26]
    ✓ sub-001-0065-BA_ses-02_task-asverbale_beh.tsv  [v=2, n=26]
    ✓ sub-001-0065-BA_ses-03_task-asverbale_beh.tsv  [v=1, n=26]
    ✓ sub-001-0065-BA_ses-04_task-asverbale_beh.tsv  [v=1, n=26]
  ⏳ 'AS visuelle' → task-asvisuelle
    ⚠️  bloc 0: facultatives absentes ['response_time'] → n/a
  📋 'AS visuelle': 4 bloc(s) détecté(s)
    ✓ sub-001-0065-BA_ses-01_task-asvisuelle_beh.tsv  [v=2, n=26]
    ✓ sub-001-0065-BA_ses-02_task-asvisuelle_beh.tsv  [v=2, n=26]
    ✓ sub-001-0065-BA_ses-03_task-asvisuelle_beh.tsv  [v=1, n=26]
    ✓ sub-001-0065-BA_ses-04_task-asvisuelle_beh.tsv  [v=1, n=26]
  ⏳ 'EXE verb.' → task-exeverb
  📋 'EXE verb.': 4 bloc(s) détecté(s)
    ✓ sub-001-0065-BA_ses-01_task-exeverb_beh.tsv  [v=2, n=26]
    ✓ sub-001-0065-BA_ses-02_task-exeverb_beh.tsv  [v=2, n=26]
    ✓ sub-001-0065-BA_ses-03_task-exeverb_beh.tsv  [v=1, n=26]
    ✓ sub-001-0065-BA_ses-04_task-exeverb_beh.tsv  [v=1, n=26]
  ⏳ 'EXE visu.' → task-exevisu
  📋 'EXE visu.': 4 bloc(s) détecté(s)
    ✓ sub-001-0065-BA_ses-01_task-exevisu_beh.tsv  [v=2, n=26]
    ✓ sub-001-0065-BA_ses-02_task-exevisu_beh.tsv  [v=2, n=26]
    ✓ sub-001-0065-BA_ses-03_task-exevisu_beh.tsv  [v=1, n=26]
    ✓ sub-001-0065-BA_ses-04_task-exevisu_beh.tsv  [v=1, n=26]
  ⏳ 'FLUENCE cat.' → task-fluencecat
  📋 'FLUENCE cat.': 4 bloc(s) détecté(s)
    ✓ sub-001-0065-BA_ses-01_task-fluencecat_beh.tsv  [v=2, n=11]
    ✓ sub-001-0065-BA_ses-02_task-fluencecat_beh.tsv  [v=2, n=11]
    ✓ sub-001-0065-BA_ses-03_task-fluencecat_beh.tsv  [v=1, n=11]
    ✓ sub-001-0065-BA_ses-04_task-fluencecat_beh.tsv  [v=1, n=11]
  ⏳ 'FLUENCE verb.' → task-fluenceverb
  📋 'FLUENCE verb.': 4 bloc(s) détecté(s)
    ✓ sub-001-0065-BA_ses-01_task-fluenceverb_beh.tsv  [v=2, n=15]
    ✓ sub-001-0065-BA_ses-02_task-fluenceverb_beh.tsv  [v=2, n=15]
    ✓ sub-001-0065-BA_ses-03_task-fluenceverb_beh.tsv  [v=1, n=15]
    ✓ sub-001-0065-BA_ses-04_task-fluenceverb_beh.tsv  [v=1, n=15]
  ⏳ 'DC cat.' → task-dccat
  📋 'DC cat.': 4 bloc(s) détecté(s)
    ✓ sub-001-0065-BA_ses-01_task-dccat_beh.tsv  [v=2, n=40]
    ✓ sub-001-0065-BA_ses-02_task-dccat_beh.tsv  [v=2, n=40]
    ✓ sub-001-0065-BA_ses-03_task-dccat_beh.tsv  [v=1, n=40]
    ✓ sub-001-0065-BA_ses-04_task-dccat_beh.tsv  [v=1, n=40]
  ⏳ 'DENO' → task-deno
    ⚠️  bloc 0: facultatives absentes ['stimulus', 'status', 'response_time', 'accuracy'] → n/a
    ⚠️  bloc 1: facultatives absentes ['stimulus', 'status', 'response_time', 'accuracy'] → n/a
    ⚠️  bloc 2: facultatives absentes ['stimulus', 'status', 'response_time', 'accuracy'] → n/a
    ⚠️  bloc 3: facultatives absentes ['stimulus', 'status', 'response_time', 'accuracy'] → n/a
  📋 'DENO': 4 bloc(s) détecté(s)
    ✓ sub-001-0065-BA_ses-01_task-deno_beh.tsv  [v=2, n=40]
    ✓ sub-001-0065-BA_ses-02_task-deno_beh.tsv  [v=2, n=40]
    ✓ sub-001-0065-BA_ses-03_task-deno_beh.tsv  [v=1, n=40]
    ⚠️  DOUBLON de session : ses-01 déjà vu au bloc 1 → bloc 4 va écraser le précédent
    ✓ sub-001-0065-BA_ses-01_task-deno_beh.tsv  [v=4, n=40]
  ⏳ 'LECTURE' → task-lecture
    ⚠️  bloc 0: facultatives absentes ['stimulus', 'api_errors'] → n/a
    ⚠️  bloc 1: facultatives absentes ['stimulus', 'api_errors'] → n/a
    ⚠️  bloc 2: facultatives absentes ['stimulus', 'status', 'api_errors'] → n/a
    ⚠️  bloc 3: facultatives absentes ['stimulus', 'status', 'api_errors'] → n/a
  📋 'LECTURE': 4 bloc(s) détecté(s)
    ✓ sub-001-0065-BA_ses-01_task-lecture_beh.tsv  [v=1, n=45]
    ✓ sub-001-0065-BA_ses-02_task-lecture_beh.tsv  [v=2, n=45]
    ✓ sub-001-0065-BA_ses-03_task-lecture_beh.tsv  [v=1, n=45]
    ✓ sub-001-0065-BA_ses-04_task-lecture_beh.tsv  [v=1, n=45]
  ⏳ 'BIP' → task-bip
  📋 'BIP': 4 bloc(s) détecté(s)
    ✓ sub-001-0065-BA_ses-01_task-bip_beh.tsv  [v=2, n=14]
    ✓ sub-001-0065-BA_ses-02_task-bip_beh.tsv  [v=2, n=14]
    ✓ sub-001-0065-BA_ses-03_task-bip_beh.tsv  [v=1, n=14]
    ✓ sub-001-0065-BA_ses-04_task-bip_beh.tsv  [v=1, n=14]
📂 sub-001-0011-CJ-T  (001-0011-CJ-T/001-0010-CJ-T.xlsx)
  ⏳ 'AS verbale' → task-asverbale
    ⚠️  bloc 0: colonnes introuvables ['session'] → ignoré
         noms détectés : ['PAT001-0010-CJ-T', 'Trial', 'target', 'condtarget', 'ImageDisplay2.ACC', 'ImageDisplay2.RT', 'RT Correct', 'Unnamed: 9', 'living', 'RT ', 'RT correct', 'manmade', 'TextDisplay2.RT', 'RT correct.1']
  ⚠️  'AS verbale': aucun bloc valide trouvé
  ⏳ 'AS visuelle' → task-asvisuelle
    ⚠️  bloc 0: colonnes introuvables ['session'] → ignoré
         noms détectés : ['PAT001-0010-CJ-T', 'Trial', 'target', 'condtarget', 'ImageDisplay2.ACC', 'ImageDisplay2.RT', 'RT Correct', 'Unnamed: 10', 'living', 'RT ', 'RT correct', 'Unnamed: 16', 'manmade', 'TextDisplay2.RT']
  ⚠️  'AS visuelle': aucun bloc valide trouvé
  ⏳ 'EXE verb.' → task-exeverb
  ⚠️  'EXE verb.': aucun bloc valide trouvé
  ⏳ 'EXE visu.' → task-exevisu
  ⚠️  'EXE visu.': aucun bloc valide trouvé
  ⏳ 'FLUENCE cat.' → task-fluencecat
  ⚠️  'FLUENCE cat.': aucun bloc valide trouvé
  ⏳ 'FLUENCE verb.' → task-fluenceverb
  ⚠️  'FLUENCE verb.': aucun bloc valide trouvé
  ⏳ 'DC cat.' → task-dccat
  ⚠️  'DC cat.': aucun bloc valide trouvé
  ⏳ 'DENO' → task-deno
  ⚠️  'DENO': aucun bloc valide trouvé
  ⏳ 'LECTURE' → task-lecture
  ⚠️  'LECTURE': aucun bloc valide trouvé
  ⏳ 'BIP' → task-bip
    ⚠️  bloc 0: facultatives absentes ['category', 'personnalites_reconnues'] → n/a
  📋 'BIP': 1 bloc(s) détecté(s)
    ✓ sub-001-0011-CJ-T_ses-01_task-bip_beh.tsv  [v=1, n=14]
📂 sub-001-0012-MM-T  (001-0012-MM-T/001-0011-MM-T.xlsx)
  ⏳ 'AS verbale' → task-asverbale
  ⚠️  'AS verbale': aucun bloc valide trouvé
  ⏳ 'AS visuelle' → task-asvisuelle
  ⚠️  'AS visuelle': aucun bloc valide trouvé
  ⏳ 'EXE verb.' → task-exeverb
  ⚠️  'EXE verb.': aucun bloc valide trouvé
  ⏳ 'EXE visu.' → task-exevisu
  ⚠️  'EXE visu.': aucun bloc valide trouvé
  ⏳ 'FLUENCE cat.' → task-fluencecat
  📋 'FLUENCE cat.': 1 bloc(s) détecté(s)
    ✓ sub-001-0012-MM-T_ses-01_task-fluencecat_beh.tsv  [v=1, n=14]
  ⏳ 'FLUENCE verb.' → task-fluenceverb
  📋 'FLUENCE verb.': 1 bloc(s) détecté(s)
    ✓ sub-001-0012-MM-T_ses-01_task-fluenceverb_beh.tsv  [v=1, n=18]
  ⏳ 'DC cat.' → task-dccat
  ⚠️  'DC cat.': aucun bloc valide trouvé
  ⏳ 'DENO' → task-deno
  ⚠️  'DENO': aucun bloc valide trouvé
  ⏳ 'LECTURE' → task-lecture
  ⚠️  'LECTURE': aucun bloc valide trouvé
  ⏳ 'BIP' → task-bip
    ⚠️  bloc 0: facultatives absentes ['category'] → n/a
  📋 'BIP': 1 bloc(s) détecté(s)
    ✓ sub-001-0012-MM-T_ses-01_task-bip_beh.tsv  [v=1, n=14]
📂 sub-001-0013-LB-T  (001-0013-LB-T/001-0015-LB.xlsx)
  ⏳ 'AS verbale' → task-asverbale
    ⚠️  bloc 0: colonnes introuvables ['session'] → ignoré
         noms détectés : ['PAT001-0015-LB-T', 'Version', 'Trial', 'target', 'condtarget', 'ImageDisplay2.ACC', 'ImageDisplay2.RT', 'Unnamed: 10', 'living', 'RT ', 'RT correct', 'Unnamed: 16', 'manmade', 'TextDisplay2.RT', 'RT correct.1']
  ⚠️  'AS verbale': aucun bloc valide trouvé
  ⏳ 'AS visuelle' → task-asvisuelle
    ⚠️  bloc 0: colonnes introuvables ['session'] → ignoré
         noms détectés : ['PAT001-0015-LB-T', 'Version', 'Trial', 'target', 'condtarget', 'ImageDisplay2.ACC', 'ImageDisplay2.RT', 'Unnamed: 10', 'living', 'RT ', 'RT correct', 'Unnamed: 16', 'manmade', 'TextDisplay2.RT', 'RT correct.1']
  ⚠️  'AS visuelle': aucun bloc valide trouvé
  ⏳ 'EXE verb.' → task-exeverb
  ⚠️  'EXE verb.': aucun bloc valide trouvé
  ⏳ 'EXE visu.' → task-exevisu
  ⚠️  'EXE visu.': aucun bloc valide trouvé
  ⏳ 'FLUENCE cat.' → task-fluencecat
  ⚠️  'FLUENCE cat.': aucun bloc valide trouvé
  ⏳ 'FLUENCE verb.' → task-fluenceverb
  ⚠️  'FLUENCE verb.': aucun bloc valide trouvé
  ⏳ 'DC cat.' → task-dccat
  ⚠️  'DC cat.': aucun bloc valide trouvé
  ⏳ 'DENO' → task-deno
  ⚠️  'DENO': aucun bloc valide trouvé
  ⏳ 'LECTURE' → task-lecture
  ⚠️  'LECTURE': aucun bloc valide trouvé
  ⏳ 'BIP' → task-bip
  ⚠️  'BIP': aucun bloc valide trouvé
📂 sub-001-0015-GP-T  (001-0015-GP-T/001-0016-GP.xlsx)
  ⏳ 'AS verbale' → task-asverbale
    ⚠️  bloc 0: colonnes introuvables ['session'] → ignoré
         noms détectés : ['PAT001-0016-GP-T', 'Trial', 'target', 'condtarget', 'ImageDisplay2.ACC', 'ImageDisplay2.RT']
  ⚠️  'AS verbale': aucun bloc valide trouvé
  ⏳ 'AS visuelle' → task-asvisuelle
    ⚠️  bloc 0: colonnes introuvables ['session'] → ignoré
         noms détectés : ['PAT001-0016-GP-T', 'Trial', 'target', 'condtarget', 'ImageDisplay2.ACC', 'ImageDisplay2.RT']
  ⚠️  'AS visuelle': aucun bloc valide trouvé
  ⏳ 'EXE verb.' → task-exeverb
  ⚠️  'EXE verb.': aucun bloc valide trouvé
  ⏳ 'EXE visu.' → task-exevisu
  📋 'EXE visu.': 1 bloc(s) détecté(s)
    ✓ sub-001-0015-GP-T_ses-01_task-exevisu_beh.tsv  [v=2, n=26]
  ⏳ 'FLUENCE cat.' → task-fluencecat
    ⚠️  bloc 0: colonnes introuvables ['session', 'item_text'] → ignoré
         noms détectés : ['PAT001-00-', 'n°', 'Nombre']
  ⚠️  'FLUENCE cat.': aucun bloc valide trouvé
  ⏳ 'FLUENCE verb.' → task-fluenceverb
    ⚠️  bloc 0: colonnes introuvables ['item_text'] → ignoré
         noms détectés : ['PAT001-00-', 'Version', 'Session', 'n°', 'Nombre']
  ⚠️  'FLUENCE verb.': aucun bloc valide trouvé
  ⏳ 'DC cat.' → task-dccat
    ⚠️  bloc 0: colonnes introuvables ['session'] → ignoré
         noms détectés : ['PAT001-00-', 'Trial', 'status', 'stimulus', 'TextDisplay2.ACC', 'TextDisplay2.RT', 'RT corr']
  ⚠️  'DC cat.': aucun bloc valide trouvé
  ⏳ 'DENO' → task-deno
    ⚠️  bloc 0: facultatives absentes ['stimulus', 'status', 'response_time', 'accuracy', 'response'] → n/a
  📋 'DENO': 1 bloc(s) détecté(s)
    ✓ sub-001-0015-GP-T_ses-01_task-deno_beh.tsv  [v=2, n=40]
  ⏳ 'LECTURE' → task-lecture
    ⚠️  bloc 0: facultatives absentes ['stimulus', 'api_errors'] → n/a
  📋 'LECTURE': 1 bloc(s) détecté(s)
    ✓ sub-001-0015-GP-T_ses-01_task-lecture_beh.tsv  [v=2, n=45]
  ⏳ 'BIP' → task-bip
    ⚠️  bloc 0: colonnes introuvables ['session'] → ignoré
         noms détectés : ['PAT001-00-', 'Trials', 'Category', 'Nom', 'Personnalités reconnues', 'BIP.ACC', 'BIP.RT', 'RT']
  ⚠️  'BIP': aucun bloc valide trouvé
📂 sub-001-0019-KY-T  (001-0019-KY-T/001-0020-K.xlsx)
  ⏳ 'AS verbale' → task-asverbale
  📋 'AS verbale': 1 bloc(s) détecté(s)
    ✓ sub-001-0019-KY-T_ses-01_task-asverbale_beh.tsv  [v=1, n=26]
  ⏳ 'AS visuelle' → task-asvisuelle
  📋 'AS visuelle': 1 bloc(s) détecté(s)
    ✓ sub-001-0019-KY-T_ses-01_task-asvisuelle_beh.tsv  [v=1, n=26]
  ⏳ 'EXE verb.' → task-exeverb
    ⚠️  bloc 0: 26 ligne(s) récap supprimée(s) (pas de '.tif' dans ['mot24v1.bmp', 'mot20v1.bmp', 'mot19v1.bmp', 'mot2v1.bmp', 'mot4v1.bmp', 'mot3v1.bmp', 'mot14v1.bmp', 'mot12v1.bmp', 'mot22v1.bmp', 'mot25v1.bmp', 'mot10v1.bmp', 'mot23v1.bmp', 'mot8v1.bmp', 'mot5v1.bmp', 'mot26v1.bmp', 'mot16v1.bmp', 'mot21v1.bmp', 'mot13v1.bmp', 'mot18v1.bmp', 'mot17v1.bmp', 'mot15v1.bmp', 'mot9v1.bmp', 'mot7v1.bmp', 'mot1v1.bmp', 'mot6v1.bmp', 'mot11v1.bmp'])
  ⚠️  'EXE verb.': aucun bloc valide trouvé
  ⏳ 'EXE visu.' → task-exevisu
    ⚠️  bloc 0: 26 ligne(s) récap supprimée(s) (pas de '.tif' dans ['fig18v1.bmp', 'fig15v1.bmp', 'fig2v1.bmp', 'fig26v1.bmp', 'fig21v1.bmp', 'fig9v1.bmp', 'fig11v1.bmp', 'fig12v1.bmp', 'fig25v1.bmp', 'fig19v1.bmp', 'fig4v1.bmp', 'fig22v1.bmp', 'fig10v1.bmp', 'fig16v1.bmp', 'fig5v1.bmp', 'fig6v1.bmp', 'fig14v1.bmp', 'fig24v1.bmp', 'fig23v1.bmp', 'fig1v1.bmp', 'fig7v1.bmp', 'fig13v1.bmp', 'fig17v1.bmp', 'fig20v1.bmp', 'fig3v1.bmp', 'fig8v1.bmp'])
  ⚠️  'EXE visu.': aucun bloc valide trouvé
  ⏳ 'FLUENCE cat.' → task-fluencecat
  📋 'FLUENCE cat.': 1 bloc(s) détecté(s)
    ✓ sub-001-0019-KY-T_ses-01_task-fluencecat_beh.tsv  [v=1, n=9]
  ⏳ 'FLUENCE verb.' → task-fluenceverb
  📋 'FLUENCE verb.': 1 bloc(s) détecté(s)
    ✓ sub-001-0019-KY-T_ses-01_task-fluenceverb_beh.tsv  [v=1, n=11]
  ⏳ 'DC cat.' → task-dccat
  📋 'DC cat.': 1 bloc(s) détecté(s)
    ✓ sub-001-0019-KY-T_ses-01_task-dccat_beh.tsv  [v=1, n=40]
  ⏳ 'DENO' → task-deno
  📋 'DENO': 1 bloc(s) détecté(s)
    ✓ sub-001-0019-KY-T_ses-01_task-deno_beh.tsv  [v=1, n=40]
  ⏳ 'LECTURE' → task-lecture
    ⚠️  bloc 0: facultatives absentes ['stimulus', 'api_errors'] → n/a
  📋 'LECTURE': 1 bloc(s) détecté(s)
    ✓ sub-001-0019-KY-T_ses-01_task-lecture_beh.tsv  [v=1, n=45]
  ⏳ 'BIP' → task-bip
    ⚠️  bloc 0: facultatives absentes ['category'] → n/a
  📋 'BIP': 1 bloc(s) détecté(s)
    ✓ sub-001-0019-KY-T_ses-01_task-bip_beh.tsv  [v=1, n=14]
📂 sub-001-0024-GJ-T  (001-0024-GJ-T/001-0023-GJ.xlsx)
  ⏳ 'AS verbale' → task-asverbale
  📋 'AS verbale': 1 bloc(s) détecté(s)
    ✓ sub-001-0024-GJ-T_ses-01_task-asverbale_beh.tsv  [v=2, n=26]
  ⏳ 'AS visuelle' → task-asvisuelle
  📋 'AS visuelle': 1 bloc(s) détecté(s)
    ✓ sub-001-0024-GJ-T_ses-01_task-asvisuelle_beh.tsv  [v=2, n=26]
  ⏳ 'EXE verb.' → task-exeverb
  📋 'EXE verb.': 1 bloc(s) détecté(s)
    ✓ sub-001-0024-GJ-T_ses-01_task-exeverb_beh.tsv  [v=2, n=26]
  ⏳ 'EXE visu.' → task-exevisu
  📋 'EXE visu.': 1 bloc(s) détecté(s)
    ✓ sub-001-0024-GJ-T_ses-01_task-exevisu_beh.tsv  [v=2, n=26]
  ⏳ 'FLUENCE cat.' → task-fluencecat
    ⚠️  bloc 0: colonnes introuvables ['session', 'item_text'] → ignoré
         noms détectés : ['PAT001-00-', 'n°', 'Nombre']
  ⚠️  'FLUENCE cat.': aucun bloc valide trouvé
  ⏳ 'FLUENCE verb.' → task-fluenceverb
    ⚠️  bloc 0: colonnes introuvables ['item_text'] → ignoré
         noms détectés : ['PAT001-00-', 'Version', 'Session', 'n°', 'Nombre']
  ⚠️  'FLUENCE verb.': aucun bloc valide trouvé
  ⏳ 'DC cat.' → task-dccat
    ⚠️  bloc 0: colonnes introuvables ['session'] → ignoré
         noms détectés : ['PAT001-00-', 'Trial', 'status', 'stimulus', 'TextDisplay2.ACC', 'TextDisplay2.RT', 'RT corr']
  ⚠️  'DC cat.': aucun bloc valide trouvé
  ⏳ 'DENO' → task-deno
    ⚠️  bloc 0: facultatives absentes ['stimulus', 'status', 'response_time', 'accuracy', 'response'] → n/a
  📋 'DENO': 1 bloc(s) détecté(s)
    ✓ sub-001-0024-GJ-T_ses-01_task-deno_beh.tsv  [v=2, n=40]
  ⏳ 'LECTURE' → task-lecture
    ⚠️  bloc 0: facultatives absentes ['stimulus', 'api_errors'] → n/a
  📋 'LECTURE': 1 bloc(s) détecté(s)
    ✓ sub-001-0024-GJ-T_ses-01_task-lecture_beh.tsv  [v=2, n=45]
  ⏳ 'BIP' → task-bip
    ⚠️  bloc 0: colonnes introuvables ['session'] → ignoré
         noms détectés : ['PAT001-00-', 'Trials', 'Category', 'Nom', 'Personnalités reconnues', 'BIP.ACC', 'BIP.RT', 'RT']
  ⚠️  'BIP': aucun bloc valide trouvé
📂 sub-001-0025-MR-T  (001-0025-MR-T/01-0025-MR-T.xlsx)
  ⏳ 'AS verbale' → task-asverbale
    ⚠️  bloc 0: colonnes introuvables ['session', 'trial', 'condition_target', 'accuracy'] → ignoré
         noms détectés : []
    ⚠️  bloc 1: colonnes introuvables ['session', 'trial', 'condition_target', 'accuracy'] → ignoré
         noms détectés : []
  📋 'AS verbale': 1 bloc(s) détecté(s)
    ✓ sub-001-0025-MR-T_ses-01_task-asverbale_beh.tsv  [v=2, n=26]
  ⏳ 'AS visuelle' → task-asvisuelle
  📋 'AS visuelle': 1 bloc(s) détecté(s)
    ✓ sub-001-0025-MR-T_ses-01_task-asvisuelle_beh.tsv  [v=2, n=26]
  ⏳ 'EXE verb.' → task-exeverb
  📋 'EXE verb.': 1 bloc(s) détecté(s)
    ✓ sub-001-0025-MR-T_ses-01_task-exeverb_beh.tsv  [v=2, n=26]
  ⏳ 'EXE visu.' → task-exevisu
  📋 'EXE visu.': 1 bloc(s) détecté(s)
    ✓ sub-001-0025-MR-T_ses-01_task-exevisu_beh.tsv  [v=2, n=26]
  ⏳ 'FLUENCE cat.' → task-fluencecat
  ⚠️  'FLUENCE cat.': aucun bloc valide trouvé
  ⏳ 'FLUENCE verb.' → task-fluenceverb
  ⚠️  'FLUENCE verb.': aucun bloc valide trouvé
  ⏳ 'DC cat.' → task-dccat
  📋 'DC cat.': 1 bloc(s) détecté(s)
    ✓ sub-001-0025-MR-T_ses-01_task-dccat_beh.tsv  [v=2, n=40]
  ⏳ 'DENO' → task-deno
    ⚠️  bloc 0: facultatives absentes ['response_time', 'accuracy'] → n/a
  📋 'DENO': 1 bloc(s) détecté(s)
    ✓ sub-001-0025-MR-T_ses-01_task-deno_beh.tsv  [v=2, n=40]
  ⏳ 'LECTURE' → task-lecture
    ⚠️  bloc 0: facultatives absentes ['stimulus', 'api_errors'] → n/a
  📋 'LECTURE': 1 bloc(s) détecté(s)
    ✓ sub-001-0025-MR-T_ses-01_task-lecture_beh.tsv  [v=2, n=45]
  ⏳ 'BIP' → task-bip
  📋 'BIP': 1 bloc(s) détecté(s)
    ✓ sub-001-0025-MR-T_ses-01_task-bip_beh.tsv  [v=2, n=14]
📂 sub-001-0026-RY-T  (001-0026-RY-T/00-0026-RY-T.xlsx)
  ⏳ 'AS verbale' → task-asverbale
  📋 'AS verbale': 1 bloc(s) détecté(s)
    ✓ sub-001-0026-RY-T_ses-01_task-asverbale_beh.tsv  [v=1, n=26]
  ⏳ 'AS visuelle' → task-asvisuelle
  📋 'AS visuelle': 1 bloc(s) détecté(s)
    ✓ sub-001-0026-RY-T_ses-01_task-asvisuelle_beh.tsv  [v=1, n=26]
  ⏳ 'EXE verb.' → task-exeverb
  📋 'EXE verb.': 1 bloc(s) détecté(s)
    ✓ sub-001-0026-RY-T_ses-01_task-exeverb_beh.tsv  [v=2, n=26]
  ⏳ 'EXE visu.' → task-exevisu
  📋 'EXE visu.': 1 bloc(s) détecté(s)
    ✓ sub-001-0026-RY-T_ses-01_task-exevisu_beh.tsv  [v=2, n=26]
  ⏳ 'FLUENCE cat.' → task-fluencecat
  ⚠️  'FLUENCE cat.': aucun bloc valide trouvé
  ⏳ 'FLUENCE verb.' → task-fluenceverb
  ⚠️  'FLUENCE verb.': aucun bloc valide trouvé
  ⏳ 'DC cat.' → task-dccat
    ⚠️  bloc 0: colonnes introuvables ['session'] → ignoré
         noms détectés : ['PAT001-00-', 'Trial', 'status', 'stimulus', 'TextDisplay2.ACC', 'TextDisplay2.RT', 'RT corr']
  ⚠️  'DC cat.': aucun bloc valide trouvé
  ⏳ 'DENO' → task-deno
    ⚠️  bloc 0: facultatives absentes ['stimulus', 'status', 'response_time', 'accuracy'] → n/a
  📋 'DENO': 1 bloc(s) détecté(s)
    ✓ sub-001-0026-RY-T_ses-01_task-deno_beh.tsv  [v=2, n=40]
  ⏳ 'LECTURE' → task-lecture
  ⚠️  'LECTURE': aucun bloc valide trouvé
  ⏳ 'BIP' → task-bip
  ⚠️  'BIP': aucun bloc valide trouvé
📂 sub-001-0028-TE-T  (001-0028-TE-T/001-0030-TE-T.xlsx)
  ⏳ 'AS verbale' → task-asverbale
  📋 'AS verbale': 1 bloc(s) détecté(s)
    ✓ sub-001-0028-TE-T_ses-01_task-asverbale_beh.tsv  [v=1, n=26]
  ⏳ 'AS visuelle' → task-asvisuelle
  📋 'AS visuelle': 1 bloc(s) détecté(s)
    ✓ sub-001-0028-TE-T_ses-01_task-asvisuelle_beh.tsv  [v=1, n=26]
  ⏳ 'EXE verb.' → task-exeverb
  📋 'EXE verb.': 1 bloc(s) détecté(s)
    ✓ sub-001-0028-TE-T_ses-01_task-exeverb_beh.tsv  [v=1, n=26]
  ⏳ 'EXE visu.' → task-exevisu
  📋 'EXE visu.': 1 bloc(s) détecté(s)
    ✓ sub-001-0028-TE-T_ses-01_task-exevisu_beh.tsv  [v=1, n=26]
  ⏳ 'FLUENCE cat.' → task-fluencecat
    ⚠️  bloc 0: colonnes introuvables ['item_text'] → ignoré
         noms détectés : ['PAT001-0030-TE-T', 'Version', 'Session']
  ⚠️  'FLUENCE cat.': aucun bloc valide trouvé
  ⏳ 'FLUENCE verb.' → task-fluenceverb
    ⚠️  bloc 0: colonnes introuvables ['item_text'] → ignoré
         noms détectés : ['PAT001-0030-TE-T', 'Version', 'Session']
  ⚠️  'FLUENCE verb.': aucun bloc valide trouvé
  ⏳ 'DC cat.' → task-dccat
  📋 'DC cat.': 1 bloc(s) détecté(s)
    ✓ sub-001-0028-TE-T_ses-01_task-dccat_beh.tsv  [v=2, n=40]
  ⏳ 'DENO' → task-deno
    ⚠️  bloc 0: facultatives absentes ['response_time', 'accuracy'] → n/a
  📋 'DENO': 1 bloc(s) détecté(s)
    ✓ sub-001-0028-TE-T_ses-01_task-deno_beh.tsv  [v=1, n=40]
  ⏳ 'LECTURE' → task-lecture
    ⚠️  bloc 0: facultatives absentes ['status', 'api_errors'] → n/a
  📋 'LECTURE': 1 bloc(s) détecté(s)
    ✓ sub-001-0028-TE-T_ses-01_task-lecture_beh.tsv  [v=1, n=45]
  ⏳ 'BIP' → task-bip
    ⚠️  bloc 0: facultatives absentes ['category', 'personnalites_reconnues'] → n/a
  📋 'BIP': 1 bloc(s) détecté(s)
    ✓ sub-001-0028-TE-T_ses-01_task-bip_beh.tsv  [v=1, n=14]
📂 sub-001-0029-VB-T  (001-0029-VB-T/001-0031-VB.xlsx)
  ⏳ 'AS verbale' → task-asverbale
  📋 'AS verbale': 1 bloc(s) détecté(s)
    ✓ sub-001-0029-VB-T_ses-01_task-asverbale_beh.tsv  [v=1, n=26]
  ⏳ 'AS visuelle' → task-asvisuelle
  📋 'AS visuelle': 1 bloc(s) détecté(s)
    ✓ sub-001-0029-VB-T_ses-01_task-asvisuelle_beh.tsv  [v=1, n=26]
  ⏳ 'EXE verb.' → task-exeverb
  📋 'EXE verb.': 1 bloc(s) détecté(s)
    ✓ sub-001-0029-VB-T_ses-01_task-exeverb_beh.tsv  [v=1, n=26]
  ⏳ 'EXE visu.' → task-exevisu
    ⚠️  bloc 0: colonnes introuvables ['session'] → ignoré
         noms détectés : ['PAT001-00-31', 'Trial', 'target', 'ImageDisplay2.ACC', 'ImageDisplay2.RT']
  ⚠️  'EXE visu.': aucun bloc valide trouvé
  ⏳ 'FLUENCE cat.' → task-fluencecat
  📋 'FLUENCE cat.': 1 bloc(s) détecté(s)
    ✓ sub-001-0029-VB-T_ses-01_task-fluencecat_beh.tsv  [v=1, n=11]
  ⏳ 'FLUENCE verb.' → task-fluenceverb
  📋 'FLUENCE verb.': 1 bloc(s) détecté(s)
    ✓ sub-001-0029-VB-T_ses-01_task-fluenceverb_beh.tsv  [v=1, n=19]
  ⏳ 'DC cat.' → task-dccat
  📋 'DC cat.': 1 bloc(s) détecté(s)
    ✓ sub-001-0029-VB-T_ses-01_task-dccat_beh.tsv  [v=1, n=40]
  ⏳ 'DENO' → task-deno
    ⚠️  bloc 0: facultatives absentes ['stimulus', 'status', 'response_time', 'accuracy'] → n/a
  📋 'DENO': 1 bloc(s) détecté(s)
    ✓ sub-001-0029-VB-T_ses-01_task-deno_beh.tsv  [v=2, n=40]
  ⏳ 'LECTURE' → task-lecture
  ⚠️  'LECTURE': aucun bloc valide trouvé
  ⏳ 'BIP' → task-bip
    ⚠️  bloc 0: colonnes introuvables ['trial'] → ignoré
         noms détectés : ['PAT001-003-VB', 'Version', 'Session', 'Block', 'Profession', 'Personnalité', 'BIP.ACC']
  ⚠️  'BIP': aucun bloc valide trouvé
📂 sub-001-0036-PD-T  (001-0036-PD-T/001-0037-PD-T.xlsx)
  ⏳ 'AS verbale' → task-asverbale
  📋 'AS verbale': 1 bloc(s) détecté(s)
    ✓ sub-001-0036-PD-T_ses-01_task-asverbale_beh.tsv  [v=1, n=26]
  ⏳ 'AS visuelle' → task-asvisuelle
  📋 'AS visuelle': 1 bloc(s) détecté(s)
    ✓ sub-001-0036-PD-T_ses-01_task-asvisuelle_beh.tsv  [v=1, n=26]
  ⏳ 'EXE verb.' → task-exeverb
  📋 'EXE verb.': 1 bloc(s) détecté(s)
    ✓ sub-001-0036-PD-T_ses-01_task-exeverb_beh.tsv  [v=1, n=26]
  ⏳ 'EXE visu.' → task-exevisu
  📋 'EXE visu.': 1 bloc(s) détecté(s)
    ✓ sub-001-0036-PD-T_ses-01_task-exevisu_beh.tsv  [v=1, n=26]
  ⏳ 'FLUENCE cat.' → task-fluencecat
    ⚠️  bloc 0: colonnes introuvables ['session'] → ignoré
         noms détectés : ['PAT001-0037-PD', 'n°', 'Items', 'Nombre']
  ⚠️  'FLUENCE cat.': aucun bloc valide trouvé
  ⏳ 'FLUENCE verb.' → task-fluenceverb
    ⚠️  bloc 0: colonnes introuvables ['session'] → ignoré
         noms détectés : ['PAT001-0037-PD', 'n°', 'Items', 'Nombre']
  ⚠️  'FLUENCE verb.': aucun bloc valide trouvé
  ⏳ 'DC cat.' → task-dccat
  📋 'DC cat.': 1 bloc(s) détecté(s)
    ✓ sub-001-0036-PD-T_ses-01_task-dccat_beh.tsv  [v=1, n=40]
  ⏳ 'DENO' → task-deno
    ⚠️  bloc 0: facultatives absentes ['response_time', 'accuracy'] → n/a
  📋 'DENO': 1 bloc(s) détecté(s)
    ✓ sub-001-0036-PD-T_ses-01_task-deno_beh.tsv  [v=1, n=40]
  ⏳ 'LECTURE' → task-lecture
    ⚠️  bloc 0: facultatives absentes ['stimulus', 'status', 'api_errors'] → n/a
  📋 'LECTURE': 1 bloc(s) détecté(s)
    ✓ sub-001-0036-PD-T_ses-01_task-lecture_beh.tsv  [v=1, n=45]
  ⏳ 'BIP' → task-bip
    ⚠️  bloc 0: colonnes introuvables ['trial'] → ignoré
         noms détectés : ['PAT001-0037-PD', 'Version', 'Session', 'Profession', 'Personnalité', 'BIP.ACC']
  ⚠️  'BIP': aucun bloc valide trouvé
📂 sub-001-0038-TP-T  (001-0038-TP-T/001-0039-TP-T.xlsx)
  ⏳ 'AS verbale' → task-asverbale
  📋 'AS verbale': 3 bloc(s) détecté(s)
    ✓ sub-001-0038-TP-T_ses-01_task-asverbale_beh.tsv  [v=2, n=26]
    ✓ sub-001-0038-TP-T_ses-02_task-asverbale_beh.tsv  [v=2, n=26]
    ⚠️  DOUBLON de session : ses-01 déjà vu au bloc 1 → bloc 3 va écraser le précédent
    ✓ sub-001-0038-TP-T_ses-01_task-asverbale_beh.tsv  [v=1, n=26]
  ⏳ 'AS visuelle' → task-asvisuelle
  📋 'AS visuelle': 1 bloc(s) détecté(s)
    ✓ sub-001-0038-TP-T_ses-01_task-asvisuelle_beh.tsv  [v=1, n=26]
  ⏳ 'EXE verb.' → task-exeverb
  📋 'EXE verb.': 1 bloc(s) détecté(s)
    ✓ sub-001-0038-TP-T_ses-01_task-exeverb_beh.tsv  [v=1, n=26]
  ⏳ 'EXE visu.' → task-exevisu
  📋 'EXE visu.': 1 bloc(s) détecté(s)
    ✓ sub-001-0038-TP-T_ses-01_task-exevisu_beh.tsv  [v=1, n=26]
  ⏳ 'FLUENCE cat.' → task-fluencecat
  📋 'FLUENCE cat.': 1 bloc(s) détecté(s)
    ✓ sub-001-0038-TP-T_ses-01_task-fluencecat_beh.tsv  [v=1, n=24]
  ⏳ 'FLUENCE verb.' → task-fluenceverb
  📋 'FLUENCE verb.': 1 bloc(s) détecté(s)
    ✓ sub-001-0038-TP-T_ses-01_task-fluenceverb_beh.tsv  [v=1, n=12]
  ⏳ 'DC cat.' → task-dccat
  📋 'DC cat.': 1 bloc(s) détecté(s)
    ✓ sub-001-0038-TP-T_ses-01_task-dccat_beh.tsv  [v=1, n=40]
  ⏳ 'DENO' → task-deno
    ⚠️  bloc 0: facultatives absentes ['stimulus', 'status', 'response_time', 'accuracy', 'response'] → n/a
  📋 'DENO': 1 bloc(s) détecté(s)
    ✓ sub-001-0038-TP-T_ses-01_task-deno_beh.tsv  [v=1, n=40]
  ⏳ 'LECTURE' → task-lecture
    ⚠️  bloc 0: facultatives absentes ['stimulus', 'status', 'api_errors'] → n/a
  📋 'LECTURE': 1 bloc(s) détecté(s)
    ✓ sub-001-0038-TP-T_ses-01_task-lecture_beh.tsv  [v=1, n=45]
  ⏳ 'BIP' → task-bip
    ⚠️  bloc 0: facultatives absentes ['personnalites_reconnues'] → n/a
  📋 'BIP': 1 bloc(s) détecté(s)
    ✓ sub-001-0038-TP-T_ses-01_task-bip_beh.tsv  [v=1, n=14]
📂 sub-001-0039-CM-T  (001-0039-CM-T/001-0040-CM.xlsx)
  ⏳ 'AS verbale' → task-asverbale
  📋 'AS verbale': 1 bloc(s) détecté(s)
    ✓ sub-001-0039-CM-T_ses-01_task-asverbale_beh.tsv  [v=2, n=26]
  ⏳ 'AS visuelle' → task-asvisuelle
  📋 'AS visuelle': 1 bloc(s) détecté(s)
    ✓ sub-001-0039-CM-T_ses-01_task-asvisuelle_beh.tsv  [v=2, n=26]
  ⏳ 'EXE verb.' → task-exeverb
  📋 'EXE verb.': 1 bloc(s) détecté(s)
    ✓ sub-001-0039-CM-T_ses-01_task-exeverb_beh.tsv  [v=2, n=26]
  ⏳ 'EXE visu.' → task-exevisu
  📋 'EXE visu.': 1 bloc(s) détecté(s)
    ✓ sub-001-0039-CM-T_ses-01_task-exevisu_beh.tsv  [v=2, n=26]
  ⏳ 'FLUENCE cat.' → task-fluencecat
  📋 'FLUENCE cat.': 1 bloc(s) détecté(s)
    ✓ sub-001-0039-CM-T_ses-01_task-fluencecat_beh.tsv  [v=1, n=24]
  ⏳ 'FLUENCE verb.' → task-fluenceverb
  📋 'FLUENCE verb.': 1 bloc(s) détecté(s)
    ✓ sub-001-0039-CM-T_ses-01_task-fluenceverb_beh.tsv  [v=2, n=22]
  ⏳ 'DC cat.' → task-dccat
  📋 'DC cat.': 1 bloc(s) détecté(s)
    ✓ sub-001-0039-CM-T_ses-01_task-dccat_beh.tsv  [v=2, n=40]
  ⏳ 'DENO' → task-deno
    ⚠️  bloc 0: facultatives absentes ['stimulus', 'status', 'response_time', 'accuracy'] → n/a
  📋 'DENO': 1 bloc(s) détecté(s)
    ✓ sub-001-0039-CM-T_ses-01_task-deno_beh.tsv  [v=2, n=40]
  ⏳ 'LECTURE' → task-lecture
    ⚠️  bloc 0: facultatives absentes ['stimulus', 'api_errors'] → n/a
  📋 'LECTURE': 1 bloc(s) détecté(s)
    ✓ sub-001-0039-CM-T_ses-01_task-lecture_beh.tsv  [v=2, n=45]
  ⏳ 'BIP' → task-bip
  📋 'BIP': 1 bloc(s) détecté(s)
    ✓ sub-001-0039-CM-T_ses-01_task-bip_beh.tsv  [v=2, n=14]
📂 sub-001-0040-LM-T  (001-0040-LM-T/001-0041-LM.xlsx)
  ⏳ 'AS verbale' → task-asverbale
  📋 'AS verbale': 1 bloc(s) détecté(s)
    ✓ sub-001-0040-LM-T_ses-01_task-asverbale_beh.tsv  [v=1, n=26]
  ⏳ 'AS visuelle' → task-asvisuelle
  📋 'AS visuelle': 1 bloc(s) détecté(s)
    ✓ sub-001-0040-LM-T_ses-01_task-asvisuelle_beh.tsv  [v=1, n=26]
  ⏳ 'EXE verb.' → task-exeverb
  📋 'EXE verb.': 1 bloc(s) détecté(s)
    ✓ sub-001-0040-LM-T_ses-01_task-exeverb_beh.tsv  [v=1, n=26]
  ⏳ 'EXE visu.' → task-exevisu
  📋 'EXE visu.': 1 bloc(s) détecté(s)
    ✓ sub-001-0040-LM-T_ses-01_task-exevisu_beh.tsv  [v=1, n=26]
  ⏳ 'FLUENCE cat.' → task-fluencecat
  📋 'FLUENCE cat.': 1 bloc(s) détecté(s)
    ✓ sub-001-0040-LM-T_ses-01_task-fluencecat_beh.tsv  [v=1, n=45]
  ⏳ 'FLUENCE verb.' → task-fluenceverb
  📋 'FLUENCE verb.': 1 bloc(s) détecté(s)
    ✓ sub-001-0040-LM-T_ses-01_task-fluenceverb_beh.tsv  [v=1, n=25]
  ⏳ 'DC cat.' → task-dccat
    ⚠️  bloc 0: colonnes introuvables ['session'] → ignoré
         noms détectés : ['PAT001-0041-LM', 'Trial', 'status', 'stimulus', 'TextDisplay2.ACC', 'TextDisplay2.RT', 'Unnamed: 8', 'RT corr']
  ⚠️  'DC cat.': aucun bloc valide trouvé
  ⏳ 'DENO' → task-deno
    ⚠️  bloc 0: facultatives absentes ['stimulus', 'status', 'response_time', 'accuracy', 'response'] → n/a
  📋 'DENO': 1 bloc(s) détecté(s)
    ✓ sub-001-0040-LM-T_ses-01_task-deno_beh.tsv  [v=1, n=40]
  ⏳ 'LECTURE' → task-lecture
    ⚠️  bloc 0: facultatives absentes ['stimulus', 'status', 'api_errors'] → n/a
  📋 'LECTURE': 1 bloc(s) détecté(s)
    ✓ sub-001-0040-LM-T_ses-01_task-lecture_beh.tsv  [v=2, n=45]
  ⏳ 'BIP' → task-bip
    ⚠️  bloc 0: facultatives absentes ['personnalites_reconnues'] → n/a
  📋 'BIP': 1 bloc(s) détecté(s)
    ✓ sub-001-0040-LM-T_ses-01_task-bip_beh.tsv  [v=2, n=14]
📂 sub-001-0042-LM-T  (001-0042-LM-T/001-0044-LM.xlsx)
  ⏳ 'AS verbale' → task-asverbale
  📋 'AS verbale': 1 bloc(s) détecté(s)
    ✓ sub-001-0042-LM-T_ses-01_task-asverbale_beh.tsv  [v=1, n=26]
  ⏳ 'AS visuelle' → task-asvisuelle
  📋 'AS visuelle': 1 bloc(s) détecté(s)
    ✓ sub-001-0042-LM-T_ses-01_task-asvisuelle_beh.tsv  [v=1, n=26]
  ⏳ 'EXE verb.' → task-exeverb
  📋 'EXE verb.': 1 bloc(s) détecté(s)
    ✓ sub-001-0042-LM-T_ses-01_task-exeverb_beh.tsv  [v=1, n=26]
  ⏳ 'EXE visu.' → task-exevisu
  📋 'EXE visu.': 1 bloc(s) détecté(s)
    ✓ sub-001-0042-LM-T_ses-01_task-exevisu_beh.tsv  [v=1, n=26]
  ⏳ 'FLUENCE cat.' → task-fluencecat
  📋 'FLUENCE cat.': 1 bloc(s) détecté(s)
    ✓ sub-001-0042-LM-T_ses-01_task-fluencecat_beh.tsv  [v=1, n=31]
  ⏳ 'FLUENCE verb.' → task-fluenceverb
  📋 'FLUENCE verb.': 1 bloc(s) détecté(s)
    ✓ sub-001-0042-LM-T_ses-01_task-fluenceverb_beh.tsv  [v=1, n=19]
  ⏳ 'DC cat.' → task-dccat
  📋 'DC cat.': 1 bloc(s) détecté(s)
    ✓ sub-001-0042-LM-T_ses-01_task-dccat_beh.tsv  [v=1, n=40]
  ⏳ 'DENO' → task-deno
    ⚠️  bloc 0: facultatives absentes ['stimulus', 'status', 'response_time', 'accuracy', 'response'] → n/a
  📋 'DENO': 1 bloc(s) détecté(s)
    ✓ sub-001-0042-LM-T_ses-01_task-deno_beh.tsv  [v=1, n=40]
  ⏳ 'LECTURE' → task-lecture
    ⚠️  bloc 0: facultatives absentes ['stimulus', 'status', 'api_errors'] → n/a
  📋 'LECTURE': 1 bloc(s) détecté(s)
    ✓ sub-001-0042-LM-T_ses-01_task-lecture_beh.tsv  [v=1, n=45]
  ⏳ 'BIP' → task-bip
    ⚠️  bloc 0: facultatives absentes ['personnalites_reconnues'] → n/a
  📋 'BIP': 1 bloc(s) détecté(s)
    ✓ sub-001-0042-LM-T_ses-01_task-bip_beh.tsv  [v=1, n=14]
📂 sub-001-0043-PJ-T  (001-0043-PJ-T/001-0045-PJ-T.xlsx)
  ⏳ 'AS verbale' → task-asverbale
    ⚠️  bloc 2: 26 doublon(s) de trial supprimé(s)
  📋 'AS verbale': 3 bloc(s) détecté(s)
    ✓ sub-001-0043-PJ-T_ses-01_task-asverbale_beh.tsv  [v=2, n=26]
    ✓ sub-001-0043-PJ-T_ses-02_task-asverbale_beh.tsv  [v=2, n=26]
    ⚠️  DOUBLON de session : ses-01 déjà vu au bloc 1 → bloc 3 va écraser le précédent
    ✓ sub-001-0043-PJ-T_ses-01_task-asverbale_beh.tsv  [v=2, n=26]
  ⏳ 'AS visuelle' → task-asvisuelle
  📋 'AS visuelle': 1 bloc(s) détecté(s)
    ✓ sub-001-0043-PJ-T_ses-01_task-asvisuelle_beh.tsv  [v=1, n=26]
  ⏳ 'EXE verb.' → task-exeverb
  📋 'EXE verb.': 1 bloc(s) détecté(s)
    ✓ sub-001-0043-PJ-T_ses-01_task-exeverb_beh.tsv  [v=1, n=26]
  ⏳ 'EXE visu.' → task-exevisu
  📋 'EXE visu.': 1 bloc(s) détecté(s)
    ✓ sub-001-0043-PJ-T_ses-01_task-exevisu_beh.tsv  [v=1, n=26]
  ⏳ 'FLUENCE cat.' → task-fluencecat
  📋 'FLUENCE cat.': 1 bloc(s) détecté(s)
    ✓ sub-001-0043-PJ-T_ses-01_task-fluencecat_beh.tsv  [v=1, n=21]
  ⏳ 'FLUENCE verb.' → task-fluenceverb
  📋 'FLUENCE verb.': 1 bloc(s) détecté(s)
    ✓ sub-001-0043-PJ-T_ses-01_task-fluenceverb_beh.tsv  [v=1, n=21]
  ⏳ 'DC cat.' → task-dccat
  📋 'DC cat.': 1 bloc(s) détecté(s)
    ✓ sub-001-0043-PJ-T_ses-01_task-dccat_beh.tsv  [v=1, n=40]
  ⏳ 'DENO' → task-deno
    ⚠️  bloc 0: facultatives absentes ['stimulus', 'status', 'response_time', 'accuracy', 'response'] → n/a
  📋 'DENO': 1 bloc(s) détecté(s)
    ✓ sub-001-0043-PJ-T_ses-01_task-deno_beh.tsv  [v=1, n=40]
  ⏳ 'LECTURE' → task-lecture
    ⚠️  bloc 0: facultatives absentes ['stimulus', 'status', 'api_errors'] → n/a
  📋 'LECTURE': 1 bloc(s) détecté(s)
    ✓ sub-001-0043-PJ-T_ses-01_task-lecture_beh.tsv  [v=1, n=45]
  ⏳ 'BIP' → task-bip
    ⚠️  bloc 0: facultatives absentes ['personnalites_reconnues'] → n/a
  📋 'BIP': 1 bloc(s) détecté(s)
    ✓ sub-001-0043-PJ-T_ses-01_task-bip_beh.tsv  [v=1, n=14]
📂 sub-001-0044-DC-T  (Tests/001-0046-DC-T.xlsx)
  ⏳ 'AS verbale' → task-asverbale
  📋 'AS verbale': 3 bloc(s) détecté(s)
    ✓ sub-001-0044-DC-T_ses-01_task-asverbale_beh.tsv  [v=2, n=26]
    ✓ sub-001-0044-DC-T_ses-02_task-asverbale_beh.tsv  [v=2, n=26]
    ⚠️  DOUBLON de session : ses-01 déjà vu au bloc 1 → bloc 3 va écraser le précédent
    ✓ sub-001-0044-DC-T_ses-01_task-asverbale_beh.tsv  [v=2, n=26]
  ⏳ 'AS visuelle' → task-asvisuelle
  📋 'AS visuelle': 1 bloc(s) détecté(s)
    ✓ sub-001-0044-DC-T_ses-01_task-asvisuelle_beh.tsv  [v=2, n=26]
  ⏳ 'EXE verb.' → task-exeverb
  📋 'EXE verb.': 1 bloc(s) détecté(s)
    ✓ sub-001-0044-DC-T_ses-01_task-exeverb_beh.tsv  [v=2, n=26]
  ⏳ 'EXE visu.' → task-exevisu
  📋 'EXE visu.': 1 bloc(s) détecté(s)
    ✓ sub-001-0044-DC-T_ses-01_task-exevisu_beh.tsv  [v=2, n=26]
  ⏳ 'FLUENCE cat.' → task-fluencecat
  📋 'FLUENCE cat.': 1 bloc(s) détecté(s)
    ✓ sub-001-0044-DC-T_ses-01_task-fluencecat_beh.tsv  [v=2, n=37]
  ⏳ 'FLUENCE verb.' → task-fluenceverb
  📋 'FLUENCE verb.': 1 bloc(s) détecté(s)
    ✓ sub-001-0044-DC-T_ses-02_task-fluenceverb_beh.tsv  [v=2, n=55]
  ⏳ 'DC cat.' → task-dccat
  📋 'DC cat.': 1 bloc(s) détecté(s)
    ✓ sub-001-0044-DC-T_ses-01_task-dccat_beh.tsv  [v=2, n=40]
  ⏳ 'DENO' → task-deno
    ⚠️  bloc 0: facultatives absentes ['stimulus', 'status', 'response_time', 'accuracy'] → n/a
  📋 'DENO': 1 bloc(s) détecté(s)
    ✓ sub-001-0044-DC-T_ses-01_task-deno_beh.tsv  [v=2, n=40]
  ⏳ 'LECTURE' → task-lecture
    ⚠️  bloc 0: facultatives absentes ['stimulus', 'api_errors'] → n/a
  📋 'LECTURE': 1 bloc(s) détecté(s)
    ✓ sub-001-0044-DC-T_ses-01_task-lecture_beh.tsv  [v=2, n=45]
  ⏳ 'BIP' → task-bip
    ⚠️  bloc 0: facultatives absentes ['personnalites_reconnues'] → n/a
  📋 'BIP': 1 bloc(s) détecté(s)
    ✓ sub-001-0044-DC-T_ses-01_task-bip_beh.tsv  [v=2, n=14]
📂 sub-001-0045-PO-T  (001-0045-PO-T/001-0047-PO-T.xlsx)
  ⏳ 'AS verbale' → task-asverbale
  📋 'AS verbale': 3 bloc(s) détecté(s)
    ✓ sub-001-0045-PO-T_ses-01_task-asverbale_beh.tsv  [v=2, n=26]
    ✓ sub-001-0045-PO-T_ses-02_task-asverbale_beh.tsv  [v=2, n=26]
    ⚠️  DOUBLON de session : ses-01 déjà vu au bloc 1 → bloc 3 va écraser le précédent
    ✓ sub-001-0045-PO-T_ses-01_task-asverbale_beh.tsv  [v=2, n=26]
  ⏳ 'AS visuelle' → task-asvisuelle
  📋 'AS visuelle': 1 bloc(s) détecté(s)
    ✓ sub-001-0045-PO-T_ses-01_task-asvisuelle_beh.tsv  [v=2, n=26]
  ⏳ 'EXE verb.' → task-exeverb
  📋 'EXE verb.': 1 bloc(s) détecté(s)
    ✓ sub-001-0045-PO-T_ses-01_task-exeverb_beh.tsv  [v=2, n=26]
  ⏳ 'EXE visu.' → task-exevisu
  📋 'EXE visu.': 1 bloc(s) détecté(s)
    ✓ sub-001-0045-PO-T_ses-01_task-exevisu_beh.tsv  [v=2, n=26]
  ⏳ 'FLUENCE cat.' → task-fluencecat
  📋 'FLUENCE cat.': 1 bloc(s) détecté(s)
    ✓ sub-001-0045-PO-T_ses-01_task-fluencecat_beh.tsv  [v=2, n=20]
  ⏳ 'FLUENCE verb.' → task-fluenceverb
  📋 'FLUENCE verb.': 1 bloc(s) détecté(s)
    ✓ sub-001-0045-PO-T_ses-01_task-fluenceverb_beh.tsv  [v=2, n=23]
  ⏳ 'DC cat.' → task-dccat
  📋 'DC cat.': 1 bloc(s) détecté(s)
    ✓ sub-001-0045-PO-T_ses-01_task-dccat_beh.tsv  [v=2, n=40]
  ⏳ 'DENO' → task-deno
    ⚠️  bloc 0: facultatives absentes ['stimulus', 'status', 'response_time', 'accuracy'] → n/a
  📋 'DENO': 1 bloc(s) détecté(s)
    ✓ sub-001-0045-PO-T_ses-01_task-deno_beh.tsv  [v=2, n=40]
  ⏳ 'LECTURE' → task-lecture
    ⚠️  bloc 0: colonnes introuvables ['accuracy'] → ignoré
         noms détectés : ['PAT001-00-47-PO-T', 'Version', 'Session', 'Trial']
  ⚠️  'LECTURE': aucun bloc valide trouvé
  ⏳ 'BIP' → task-bip
    ⚠️  bloc 0: facultatives absentes ['personnalites_reconnues'] → n/a
  📋 'BIP': 1 bloc(s) détecté(s)
    ✓ sub-001-0045-PO-T_ses-01_task-bip_beh.tsv  [v=2, n=14]
📂 sub-001-0051-RD-T  (001-0051-RD-T/001-0054-RD.xlsx)
  ⏳ 'AS verbale' → task-asverbale
  📋 'AS verbale': 1 bloc(s) détecté(s)
    ✓ sub-001-0051-RD-T_ses-01_task-asverbale_beh.tsv  [v=1, n=26]
  ⏳ 'AS visuelle' → task-asvisuelle
  📋 'AS visuelle': 1 bloc(s) détecté(s)
    ✓ sub-001-0051-RD-T_ses-01_task-asvisuelle_beh.tsv  [v=1, n=26]
  ⏳ 'EXE verb.' → task-exeverb
  📋 'EXE verb.': 1 bloc(s) détecté(s)
    ✓ sub-001-0051-RD-T_ses-01_task-exeverb_beh.tsv  [v=1, n=26]
  ⏳ 'EXE visu.' → task-exevisu
  📋 'EXE visu.': 1 bloc(s) détecté(s)
    ✓ sub-001-0051-RD-T_ses-01_task-exevisu_beh.tsv  [v=1, n=26]
  ⏳ 'FLUENCE cat.' → task-fluencecat
  📋 'FLUENCE cat.': 1 bloc(s) détecté(s)
    ✓ sub-001-0051-RD-T_ses-01_task-fluencecat_beh.tsv  [v=1, n=26]
  ⏳ 'FLUENCE verb.' → task-fluenceverb
  📋 'FLUENCE verb.': 1 bloc(s) détecté(s)
    ✓ sub-001-0051-RD-T_ses-01_task-fluenceverb_beh.tsv  [v=1, n=36]
  ⏳ 'DC cat.' → task-dccat
  📋 'DC cat.': 1 bloc(s) détecté(s)
    ✓ sub-001-0051-RD-T_ses-01_task-dccat_beh.tsv  [v=1, n=40]
  ⏳ 'DENO' → task-deno
    ⚠️  bloc 0: facultatives absentes ['stimulus', 'status', 'response_time', 'accuracy'] → n/a
  📋 'DENO': 1 bloc(s) détecté(s)
    ✓ sub-001-0051-RD-T_ses-01_task-deno_beh.tsv  [v=1, n=40]
  ⏳ 'LECTURE' → task-lecture
    ⚠️  bloc 0: facultatives absentes ['stimulus', 'status', 'api_errors'] → n/a
  📋 'LECTURE': 1 bloc(s) détecté(s)
    ✓ sub-001-0051-RD-T_ses-01_task-lecture_beh.tsv  [v=1, n=45]
  ⏳ 'BIP' → task-bip
    ⚠️  bloc 0: facultatives absentes ['personnalites_reconnues'] → n/a
  📋 'BIP': 1 bloc(s) détecté(s)
    ✓ sub-001-0051-RD-T_ses-01_task-bip_beh.tsv  [v=2, n=14]
📂 sub-001-0052-AM-T  (Tests/001-0055-AM.xlsx)
  ⏳ 'AS verbale' → task-asverbale
  📋 'AS verbale': 1 bloc(s) détecté(s)
    ✓ sub-001-0052-AM-T_ses-01_task-asverbale_beh.tsv  [v=2, n=26]
  ⏳ 'AS visuelle' → task-asvisuelle
  📋 'AS visuelle': 1 bloc(s) détecté(s)
    ✓ sub-001-0052-AM-T_ses-01_task-asvisuelle_beh.tsv  [v=2, n=26]
  ⏳ 'EXE verb.' → task-exeverb
  📋 'EXE verb.': 1 bloc(s) détecté(s)
    ✓ sub-001-0052-AM-T_ses-01_task-exeverb_beh.tsv  [v=2, n=26]
  ⏳ 'EXE visu.' → task-exevisu
  📋 'EXE visu.': 1 bloc(s) détecté(s)
    ✓ sub-001-0052-AM-T_ses-01_task-exevisu_beh.tsv  [v=2, n=26]
  ⏳ 'FLUENCE cat.' → task-fluencecat
  📋 'FLUENCE cat.': 1 bloc(s) détecté(s)
    ✓ sub-001-0052-AM-T_ses-01_task-fluencecat_beh.tsv  [v=2, n=35]
  ⏳ 'FLUENCE verb.' → task-fluenceverb
  📋 'FLUENCE verb.': 1 bloc(s) détecté(s)
    ✓ sub-001-0052-AM-T_ses-01_task-fluenceverb_beh.tsv  [v=2, n=42]
  ⏳ 'DC cat.' → task-dccat
    ⚠️  bloc 0: colonnes introuvables ['session'] → ignoré
         noms détectés : ['PAT001-0055-AM', 'Trial', 'status', 'stimulus', 'TextDisplay2.ACC', 'TextDisplay2.RT', 'Unnamed: 8']
  ⚠️  'DC cat.': aucun bloc valide trouvé
  ⏳ 'DENO' → task-deno
    ⚠️  bloc 0: facultatives absentes ['stimulus', 'status', 'response_time', 'accuracy'] → n/a
  📋 'DENO': 1 bloc(s) détecté(s)
    ✓ sub-001-0052-AM-T_ses-01_task-deno_beh.tsv  [v=2, n=40]
  ⏳ 'LECTURE' → task-lecture
    ⚠️  bloc 0: facultatives absentes ['stimulus', 'api_errors'] → n/a
  📋 'LECTURE': 1 bloc(s) détecté(s)
    ✓ sub-001-0052-AM-T_ses-01_task-lecture_beh.tsv  [v=2, n=45]
  ⏳ 'BIP' → task-bip
  📋 'BIP': 1 bloc(s) détecté(s)
    ✓ sub-001-0052-AM-T_ses-01_task-bip_beh.tsv  [v=2, n=14]

======================================================================
📊 RAPPORT FINAL
======================================================================
  XLSX traités    : 59 (31 patients + 8 toni_data + 20 témoins)
  TSV écrits      : 1634 ✓
  Log sauvegardé  : /Users/hippolyte.dreyfus/Documents/bidsification/stimSD/_log/bids-behV6_20260615_155302.log
