🔎 Scan de /Volumes/levy/raw/valerocabre/stimSD/Data/sourcedata/1_DATA/1_RAW/1_PATIENTS ...
🔍 33 fichiers XLSX trouvés
  - 3_TESTS_LANGAGIERS/001-001-CM.xlsx
  - 3_TESTS_LANGAGIERS/001-004-MA.xlsx
  - 001-0005-LS/001-003-LS.xlsx
  - 001-0005-LS/0_001-005-LS.xlsx
  - 001-0006-CV/01-006-CV.xlsx
  - 001-0007-ME/001-0007-ME.xlsx
  - 001-0008-LD/001-008-LD.xlsx
  - 001-0010-LM/001-009-LM.xlsx
  - 3_TESTS_LANGAGIERS/001-0012-BS.xlsx
  - 3_TESTS_LANGAGIERS/001-0017-BJC.xlsx
  - 3_TESTS_LANGAGIERS/003-001-KV.xlsx
  - 3_TESTS_LANGAGIERS/001-0019-JC.xlsx
  - 3_TESTS_LANGAGIERS/001-0020-RN.xlsx
  - 3_TESTS_LANGAGIERS/001-0021-RP.xlsx
  - 3_TESTS_LANGAGIERS/01-0024LLM.xlsx
  - 3_TESTS LANGAGIERS/001-0032-EG (3)der.xlsx
  - 3_TESTS_LANGAGIERS/001-0033-GS.xlsx
  - 3_TESTS_LANGAGIERS/0X-00X-Initiale.xlsx
  - 3_TESTS_LANGAGIERS/001-0034-HB.xlsx
  - 3_TESTS_LANGAGIERS/001-0035-PM.xlsx
  - 3_TESTS_LANGAGIERS/001-0036-LC.xlsx
  - 3_TESTS_LANGAGIERS/001-0038-TJ.xlsx
  - 3_TESTS_LANGAGIERS/001-0043-PE.xlsx
  - 3_TESTS_LANGAGIERS/001-0048-OP.xlsx
  - 3_TESTS_LANGAGIERS/001-0049-HJ.xlsx
  - 3_TESTS_LANGAGIERS/001-0051-GM.xlsx
  - 3_TESTS_LANGAGIERS/001-0056-MT.xlsx
  - 3_TESTS_LANGAGIERS/001-0057-DC.xlsx
  - 3_TESTS_LANGAGIERS/001-0058-BM.xlsx
  - 001-0056-GC/001-0059-GC.xlsx
  - 3_TESTS_LANGAGIERS/0X-00X-Initiale.xlsx
  - 3_TESTS_LANGAGIERS/001-0060-HJ.xlsx
  - 3_TESTS_LANGAGIERS/001-0061-TC.xlsx

📂 sub-001-0001-CMC  (3_TESTS_LANGAGIERS/001-001-CM.xlsx)
  ⏳ 'AS verbale' → task-asverbale
  📋 'AS verbale': 4 bloc(s) détecté(s)
    ✓ sub-001-0001-CMC_ses-01_task-asverbale_beh.tsv  [v=1, n=26]
    ✓ sub-001-0001-CMC_ses-02_task-asverbale_beh.tsv  [v=1, n=26]
    ✓ sub-001-0001-CMC_ses-03_task-asverbale_beh.tsv  [v=1, n=26]
    ✓ sub-001-0001-CMC_ses-04_task-asverbale_beh.tsv  [v=2, n=26]
  ⏳ 'AS visuelle' → task-asvisuelle
  📋 'AS visuelle': 4 bloc(s) détecté(s)
    ✓ sub-001-0001-CMC_ses-01_task-asvisuelle_beh.tsv  [v=1, n=26]
    ✓ sub-001-0001-CMC_ses-02_task-asvisuelle_beh.tsv  [v=1, n=26]
    ✓ sub-001-0001-CMC_ses-03_task-asvisuelle_beh.tsv  [v=1, n=26]
    ✓ sub-001-0001-CMC_ses-04_task-asvisuelle_beh.tsv  [v=2, n=26]
  ⏳ 'EXE verb.' → task-exeverb
  📋 'EXE verb.': 4 bloc(s) détecté(s)
    ✓ sub-001-0001-CMC_ses-01_task-exeverb_beh.tsv  [v=1, n=26]
    ✓ sub-001-0001-CMC_ses-02_task-exeverb_beh.tsv  [v=1, n=26]
    ✓ sub-001-0001-CMC_ses-03_task-exeverb_beh.tsv  [v=2, n=26]
    ✓ sub-001-0001-CMC_ses-04_task-exeverb_beh.tsv  [v=2, n=26]
  ⏳ 'EXE visu.' → task-exevisu
  📋 'EXE visu.': 4 bloc(s) détecté(s)
    ✓ sub-001-0001-CMC_ses-01_task-exevisu_beh.tsv  [v=1, n=26]
    ✓ sub-001-0001-CMC_ses-02_task-exevisu_beh.tsv  [v=1, n=26]
    ✓ sub-001-0001-CMC_ses-03_task-exevisu_beh.tsv  [v=2, n=26]
    ✓ sub-001-0001-CMC_ses-04_task-exevisu_beh.tsv  [v=2, n=26]
  ⏳ 'FLUENCE cat.' → task-fluencecat
    ⚠️  bloc 1: colonnes introuvables ['item_text'] → ignoré
         noms détectés : ['PAT001-001-CM.1', 'Version.1', 'Session.1', 'Nombre.1']
  📋 'FLUENCE cat.': 3 bloc(s) détecté(s)
    ✓ sub-001-0001-CMC_ses-01_task-fluencecat_beh.tsv  [v=1, n=4]
    ✓ sub-001-0001-CMC_ses-03_task-fluencecat_beh.tsv  [v=2, n=4]
    ✓ sub-001-0001-CMC_ses-04_task-fluencecat_beh.tsv  [v=2, n=4]
  ⏳ 'FLUENCE verb.' → task-fluenceverb
  📋 'FLUENCE verb.': 4 bloc(s) détecté(s)
    ✓ sub-001-0001-CMC_ses-01_task-fluenceverb_beh.tsv  [v=1, n=9]
    ✓ sub-001-0001-CMC_ses-02_task-fluenceverb_beh.tsv  [v=1, n=9]
    ✓ sub-001-0001-CMC_ses-03_task-fluenceverb_beh.tsv  [v=2, n=9]
    ✓ sub-001-0001-CMC_ses-04_task-fluenceverb_beh.tsv  [v=2, n=9]
  ⏳ 'DC cat.' → task-dccat
  📋 'DC cat.': 4 bloc(s) détecté(s)
    ✓ sub-001-0001-CMC_ses-01_task-dccat_beh.tsv  [v=1, n=40]
    ✓ sub-001-0001-CMC_ses-02_task-dccat_beh.tsv  [v=1, n=40]
    ✓ sub-001-0001-CMC_ses-03_task-dccat_beh.tsv  [v=2, n=40]
    ✓ sub-001-0001-CMC_ses-04_task-dccat_beh.tsv  [v=2, n=40]
  ⏳ 'DENO' → task-deno
    ⚠️  bloc 1: colonnes introuvables ['accuracy'] → ignoré
         noms détectés : ['PAT001-001-CM.1', 'session', 'version', 'Trial.1', 'cat', 'repos', 'Réponse.1', 'SCORE : bonne réponse.1']
    ⚠️  bloc 2: colonnes introuvables ['accuracy'] → ignoré
         noms détectés : ['PAT001-001-CM.2', 'session.1', 'version.1', 'Trial.2', 'cat.1', 'repos.1', 'Réponse.2', 'SCORE : bonne réponse.2']
    ⚠️  bloc 3: colonnes introuvables ['accuracy'] → ignoré
         noms détectés : ['PAT001-001-CM.3', 'session.2', 'version.2', 'Trial.3', 'cat.2', 'repos.2', 'Réponse.3', 'SCORE : bonne réponse.3']
    ⚠️  bloc 4: colonnes introuvables ['accuracy'] → ignoré
         noms détectés : ['PAT001-001-CM.4', 'session.3', 'version.3', 'Trial.4', 'cat.3', 'repos.3', 'Réponse.4', 'SCORE : bonne réponse.4']
  📋 'DENO': 1 bloc(s) détecté(s)
    ✓ sub-001-0001-CMC_ses-01_task-deno_beh.tsv  [v=1, n=40]
  ⏳ 'LECTURE' → task-lecture
    ⚠️  bloc 1: colonnes introuvables ['accuracy'] → ignoré
         noms détectés : ['PAT001-001CM.1', 'Version.1', 'Session.1', 'Trial.1', 'Status.1', 'Stimulus.1', 'Réponse.1', 'API erreurs.1']
    ⚠️  bloc 2: colonnes introuvables ['accuracy'] → ignoré
         noms détectés : ['PAT001-001CM.2', 'Version.2', 'Session.2', 'Trial.2', 'Status.2', 'Stimulus.2', 'Réponse.2', 'API erreurs.2']
    ⚠️  bloc 3: colonnes introuvables ['accuracy'] → ignoré
         noms détectés : ['PAT001-001CM.3', 'Version.3', 'Session.3', 'Trial.3', 'Status.3', 'Stimulus.3', 'Réponse.3', 'API erreurs.3']
  📋 'LECTURE': 1 bloc(s) détecté(s)
    ✓ sub-001-0001-CMC_ses-01_task-lecture_beh.tsv  [v=1, n=45]
  ⏳ 'BIP' → task-bip
    ⚠️  bloc 0: facultatives absentes ['personnalites_reconnues'] → n/a
    ⚠️  bloc 1: facultatives absentes ['personnalites_reconnues'] → n/a
    ⚠️  bloc 2: facultatives absentes ['personnalites_reconnues'] → n/a
    ⚠️  bloc 3: facultatives absentes ['personnalites_reconnues'] → n/a
  📋 'BIP': 4 bloc(s) détecté(s)
    ✓ sub-001-0001-CMC_ses-01_task-bip_beh.tsv  [v=1, n=14]
    ✓ sub-001-0001-CMC_ses-02_task-bip_beh.tsv  [v=1, n=14]
    ✓ sub-001-0001-CMC_ses-03_task-bip_beh.tsv  [v=2, n=14]
    ✓ sub-001-0001-CMC_ses-04_task-bip_beh.tsv  [v=2, n=14]
📂 sub-001-0004-MA  (3_TESTS_LANGAGIERS/001-004-MA.xlsx)
  ⏳ 'AS verbale' → task-asverbale
  📋 'AS verbale': 4 bloc(s) détecté(s)
    ✓ sub-001-0004-MA_ses-01_task-asverbale_beh.tsv  [v=1, n=26]
    ✓ sub-001-0004-MA_ses-02_task-asverbale_beh.tsv  [v=1, n=26]
    ✓ sub-001-0004-MA_ses-03_task-asverbale_beh.tsv  [v=2, n=26]
    ✓ sub-001-0004-MA_ses-04_task-asverbale_beh.tsv  [v=2, n=26]
  ⏳ 'AS visuelle' → task-asvisuelle
  📋 'AS visuelle': 4 bloc(s) détecté(s)
    ✓ sub-001-0004-MA_ses-01_task-asvisuelle_beh.tsv  [v=1, n=26]
    ✓ sub-001-0004-MA_ses-02_task-asvisuelle_beh.tsv  [v=1, n=26]
    ✓ sub-001-0004-MA_ses-03_task-asvisuelle_beh.tsv  [v=2, n=26]
    ✓ sub-001-0004-MA_ses-04_task-asvisuelle_beh.tsv  [v=2, n=26]
  ⏳ 'EXE verb.' → task-exeverb
  📋 'EXE verb.': 4 bloc(s) détecté(s)
    ✓ sub-001-0004-MA_ses-01_task-exeverb_beh.tsv  [v=1, n=26]
    ✓ sub-001-0004-MA_ses-02_task-exeverb_beh.tsv  [v=1, n=26]
    ✓ sub-001-0004-MA_ses-03_task-exeverb_beh.tsv  [v=2, n=26]
    ✓ sub-001-0004-MA_ses-04_task-exeverb_beh.tsv  [v=2, n=26]
  ⏳ 'EXE visu.' → task-exevisu
  📋 'EXE visu.': 4 bloc(s) détecté(s)
    ✓ sub-001-0004-MA_ses-01_task-exevisu_beh.tsv  [v=1, n=26]
    ✓ sub-001-0004-MA_ses-02_task-exevisu_beh.tsv  [v=1, n=26]
    ✓ sub-001-0004-MA_ses-03_task-exevisu_beh.tsv  [v=2, n=26]
    ✓ sub-001-0004-MA_ses-04_task-exevisu_beh.tsv  [v=2, n=26]
  ⏳ 'FLUENCE cat.' → task-fluencecat
  📋 'FLUENCE cat.': 4 bloc(s) détecté(s)
    ✓ sub-001-0004-MA_ses-01_task-fluencecat_beh.tsv  [v=1, n=4]
    ✓ sub-001-0004-MA_ses-02_task-fluencecat_beh.tsv  [v=1, n=4]
    ✓ sub-001-0004-MA_ses-03_task-fluencecat_beh.tsv  [v=2, n=4]
    ✓ sub-001-0004-MA_ses-04_task-fluencecat_beh.tsv  [v=2, n=4]
  ⏳ 'FLUENCE verb.' → task-fluenceverb
  📋 'FLUENCE verb.': 4 bloc(s) détecté(s)
    ✓ sub-001-0004-MA_ses-01_task-fluenceverb_beh.tsv  [v=1, n=9]
    ✓ sub-001-0004-MA_ses-02_task-fluenceverb_beh.tsv  [v=1, n=9]
    ✓ sub-001-0004-MA_ses-03_task-fluenceverb_beh.tsv  [v=2, n=9]
    ✓ sub-001-0004-MA_ses-04_task-fluenceverb_beh.tsv  [v=2, n=9]
  ⏳ 'DC cat.' → task-dccat
  📋 'DC cat.': 4 bloc(s) détecté(s)
    ✓ sub-001-0004-MA_ses-01_task-dccat_beh.tsv  [v=1, n=40]
    ✓ sub-001-0004-MA_ses-02_task-dccat_beh.tsv  [v=1, n=40]
    ✓ sub-001-0004-MA_ses-03_task-dccat_beh.tsv  [v=2, n=40]
    ✓ sub-001-0004-MA_ses-04_task-dccat_beh.tsv  [v=2, n=40]
  ⏳ 'DENO' → task-deno
    ⚠️  bloc 0: colonnes introuvables ['accuracy'] → ignoré
         noms détectés : ['PAT001-004-MA-P', 'Version', 'Session', 'Trial', 'Status', 'Stimulus', 'Réponse', 'SCORE : bonne réponse']
    ⚠️  bloc 1: colonnes introuvables ['accuracy'] → ignoré
         noms détectés : ['PAT001-004-MA-P.1', 'Version.1', 'Session.1', 'Trial.1', 'Status.1', 'Stimulus.1', ' R après coup.1', 'SCORE : bonne réponse.1']
    ⚠️  bloc 2: colonnes introuvables ['accuracy'] → ignoré
         noms détectés : ['PAT001-004-MA-P.2', 'Version.2', 'Session.2', 'Trial.2', 'Status.2', 'Stimulus.2', 'SCORE : bonne réponse.2']
    ⚠️  bloc 3: colonnes introuvables ['accuracy'] → ignoré
         noms détectés : ['PAT001-004-MA-P.3', 'Version.3', 'Session.3', 'Trial.3', 'cat', 'repos', 'Réponse.3', 'Score bonne réponse']
  ⚠️  'DENO': aucun bloc valide trouvé
  ⏳ 'LECTURE' → task-lecture
    ⚠️  bloc 0: facultatives absentes ['status', 'api_errors'] → n/a
    ⚠️  bloc 1: colonnes introuvables ['accuracy'] → ignoré
         noms détectés : ['PAT001-004-MA-P.1', 'Version.1', 'Session.1', 'Trial.1', 'Satus.1', 'Stimulus.1', 'Réponse.1', 'erreurs API.1']
    ⚠️  bloc 2: colonnes introuvables ['accuracy'] → ignoré
         noms détectés : ['PAT001-004-MA-P.2', 'Version.2', 'Session.2', 'Trial.2', 'Satus.2', 'Stimulus.2', 'Réponse.2', 'erreurs API.2', 'Unnamed: 29']
    ⚠️  bloc 3: colonnes introuvables ['accuracy'] → ignoré
         noms détectés : ['PAT001-004-MA-P.3', 'Version.3', 'Session.3', 'Trial.3', 'Satus.3', 'Stimulus.3', 'Réponse.3', 'erreurs API.3']
  📋 'LECTURE': 1 bloc(s) détecté(s)
    ✓ sub-001-0004-MA_ses-01_task-lecture_beh.tsv  [v=1, n=45]
  ⏳ 'BIP' → task-bip
    ⚠️  bloc 0: facultatives absentes ['category', 'personnalites_reconnues'] → n/a
    ⚠️  bloc 1: facultatives absentes ['category', 'personnalites_reconnues'] → n/a
    ⚠️  bloc 2: facultatives absentes ['category', 'personnalites_reconnues'] → n/a
    ⚠️  bloc 3: facultatives absentes ['category', 'personnalites_reconnues'] → n/a
  📋 'BIP': 4 bloc(s) détecté(s)
    ✓ sub-001-0004-MA_ses-01_task-bip_beh.tsv  [v=1, n=14]
    ✓ sub-001-0004-MA_ses-02_task-bip_beh.tsv  [v=1, n=14]
    ✓ sub-001-0004-MA_ses-03_task-bip_beh.tsv  [v=2, n=14]
    ✓ sub-001-0004-MA_ses-04_task-bip_beh.tsv  [v=2, n=14]
📂 sub-001-0005-LS  (001-0005-LS/001-003-LS.xlsx)
  ⏳ 'AS verbale' → task-asverbale
    ⚠️  bloc 0: 2 ligne(s) récap supprimée(s) (pas de '.bmp' dans ['19', '19'])
  📋 'AS verbale': 4 bloc(s) détecté(s)
    ✓ sub-001-0005-LS_ses-01_task-asverbale_beh.tsv  [v=1, n=26]
    ✓ sub-001-0005-LS_ses-02_task-asverbale_beh.tsv  [v=2, n=26]
    ✓ sub-001-0005-LS_ses-03_task-asverbale_beh.tsv  [v=2, n=26]
    ✓ sub-001-0005-LS_ses-04_task-asverbale_beh.tsv  [v=2, n=26]
  ⏳ 'AS visuelle' → task-asvisuelle
    ⚠️  bloc 0: 1 ligne(s) récap supprimée(s) (pas de '.bmp' dans ['25'])
  📋 'AS visuelle': 4 bloc(s) détecté(s)
    ✓ sub-001-0005-LS_ses-01_task-asvisuelle_beh.tsv  [v=1, n=26]
    ✓ sub-001-0005-LS_ses-02_task-asvisuelle_beh.tsv  [v=2, n=26]
    ✓ sub-001-0005-LS_ses-03_task-asvisuelle_beh.tsv  [v=2, n=26]
    ⚠️  DOUBLON de session : ses-03 déjà vu au bloc 3 → bloc 4 va écraser le précédent
    ✓ sub-001-0005-LS_ses-03_task-asvisuelle_beh.tsv  [v=2, n=26]
  ⏳ 'EXE verb.' → task-exeverb
  📋 'EXE verb.': 4 bloc(s) détecté(s)
    ✓ sub-001-0005-LS_ses-01_task-exeverb_beh.tsv  [v=1, n=26]
    ✓ sub-001-0005-LS_ses-02_task-exeverb_beh.tsv  [v=2, n=26]
    ✓ sub-001-0005-LS_ses-03_task-exeverb_beh.tsv  [v=2, n=26]
    ✓ sub-001-0005-LS_ses-04_task-exeverb_beh.tsv  [v=2, n=26]
  ⏳ 'EXE visu.' → task-exevisu
  📋 'EXE visu.': 4 bloc(s) détecté(s)
    ✓ sub-001-0005-LS_ses-01_task-exevisu_beh.tsv  [v=1, n=26]
    ✓ sub-001-0005-LS_ses-02_task-exevisu_beh.tsv  [v=2, n=26]
    ✓ sub-001-0005-LS_ses-03_task-exevisu_beh.tsv  [v=2, n=26]
    ⚠️  DOUBLON de session : ses-03 déjà vu au bloc 3 → bloc 4 va écraser le précédent
    ✓ sub-001-0005-LS_ses-03_task-exevisu_beh.tsv  [v=2, n=26]
  ⏳ 'FLUENCE cat.' → task-fluencecat
  📋 'FLUENCE cat.': 4 bloc(s) détecté(s)
    ✓ sub-001-0005-LS_ses-01_task-fluencecat_beh.tsv  [v=1, n=11]
    ✓ sub-001-0005-LS_ses-02_task-fluencecat_beh.tsv  [v=2, n=11]
    ✓ sub-001-0005-LS_ses-03_task-fluencecat_beh.tsv  [v=2, n=11]
    ✓ sub-001-0005-LS_ses-04_task-fluencecat_beh.tsv  [v=2, n=11]
  ⏳ 'FLUENCE verb.' → task-fluenceverb
  📋 'FLUENCE verb.': 4 bloc(s) détecté(s)
    ✓ sub-001-0005-LS_ses-01_task-fluenceverb_beh.tsv  [v=1, n=18]
    ✓ sub-001-0005-LS_ses-02_task-fluenceverb_beh.tsv  [v=2, n=18]
    ✓ sub-001-0005-LS_ses-03_task-fluenceverb_beh.tsv  [v=2, n=18]
    ✓ sub-001-0005-LS_ses-04_task-fluenceverb_beh.tsv  [v=2, n=18]
  ⏳ 'DC cat.' → task-dccat
  📋 'DC cat.': 4 bloc(s) détecté(s)
    ✓ sub-001-0005-LS_ses-01_task-dccat_beh.tsv  [v=1, n=40]
    ✓ sub-001-0005-LS_ses-02_task-dccat_beh.tsv  [v=2, n=40]
    ✓ sub-001-0005-LS_ses-03_task-dccat_beh.tsv  [v=2, n=40]
    ⚠️  DOUBLON de session : ses-03 déjà vu au bloc 3 → bloc 4 va écraser le précédent
    ✓ sub-001-0005-LS_ses-03_task-dccat_beh.tsv  [v=2, n=40]
  ⏳ 'DENO' → task-deno
    ⚠️  bloc 0: 1 ligne(s) récap supprimée(s) (pas de '.bmp' dans ['20'])
    ⚠️  bloc 1: facultatives absentes ['response'] → n/a
    ⚠️  bloc 2: colonnes introuvables ['accuracy'] → ignoré
         noms détectés : ['PAT001-003-LS.2', 'Version.2', 'Session.2', 'Trial.2', 'Status.2', 'Stimulus.2', 'Réponse.2', ' R après coup.2', 'SCORE : bonne réponse.2']
    ⚠️  bloc 3: colonnes introuvables ['accuracy'] → ignoré
         noms détectés : ['PAT001-003-LS.3', 'Version.3', 'Session.3', 'Trial.3', 'Status.3', 'Stimulus.3', 'Réponse.3', ' R après coup.3', 'SCORE : bonne réponse.3']
  📋 'DENO': 2 bloc(s) détecté(s)
    ✓ sub-001-0005-LS_ses-01_task-deno_beh.tsv  [v=1, n=40]
    ✓ sub-001-0005-LS_ses-02_task-deno_beh.tsv  [v=2, n=40]
  ⏳ 'LECTURE' → task-lecture
    ⚠️  bloc 1: colonnes introuvables ['accuracy'] → ignoré
         noms détectés : ['PAT001-003-LS.1', 'Version.1', 'Session.1', 'Trial.1', 'status', 'Stimulus.1', 'Réponse.1', 'API.1']
    ⚠️  bloc 2: colonnes introuvables ['accuracy'] → ignoré
         noms détectés : ['PAT001-003-LS.2', 'Version.2', 'Session.2', 'Trial.2', 'status.1', 'Stimulus.2', 'Réponse.2', 'API ']
    ⚠️  bloc 3: colonnes introuvables ['accuracy'] → ignoré
         noms détectés : ['PAT001-003-LS.3', 'Version.3', 'Session.3', 'Trial.3', 'status.2', 'Stimulus.3', 'Réponse.3', 'API.2']
  📋 'LECTURE': 1 bloc(s) détecté(s)
    ✓ sub-001-0005-LS_ses-01_task-lecture_beh.tsv  [v=1, n=45]
  ⏳ 'BIP' → task-bip
    ⚠️  bloc 0: facultatives absentes ['category'] → n/a
    ⚠️  bloc 0: 1 doublon(s) de trial supprimé(s)
    ⚠️  bloc 1: facultatives absentes ['category'] → n/a
    ⚠️  bloc 2: facultatives absentes ['category'] → n/a
    ⚠️  bloc 3: facultatives absentes ['category'] → n/a
  📋 'BIP': 4 bloc(s) détecté(s)
    ✓ sub-001-0005-LS_ses-01_task-bip_beh.tsv  [v=1, n=14]
    ✓ sub-001-0005-LS_ses-02_task-bip_beh.tsv  [v=2, n=14]
    ✓ sub-001-0005-LS_ses-03_task-bip_beh.tsv  [v=2, n=14]
    ⚠️  DOUBLON de session : ses-03 déjà vu au bloc 3 → bloc 4 va écraser le précédent
    ✓ sub-001-0005-LS_ses-03_task-bip_beh.tsv  [v=2, n=14]
📂 sub-001-0005-LS  (001-0005-LS/0_001-005-LS.xlsx)
  ⏳ 'AS verbale' → task-asverbale
    ⚠️  bloc 0: 2 ligne(s) récap supprimée(s) (pas de '.bmp' dans ['19', '19'])
  📋 'AS verbale': 4 bloc(s) détecté(s)
    ✓ sub-001-0005-LS_ses-01_task-asverbale_beh.tsv  [v=1, n=26]
    ✓ sub-001-0005-LS_ses-02_task-asverbale_beh.tsv  [v=2, n=26]
    ✓ sub-001-0005-LS_ses-03_task-asverbale_beh.tsv  [v=2, n=26]
    ✓ sub-001-0005-LS_ses-04_task-asverbale_beh.tsv  [v=2, n=26]
  ⏳ 'AS visuelle' → task-asvisuelle
    ⚠️  bloc 0: 1 ligne(s) récap supprimée(s) (pas de '.bmp' dans ['25'])
  📋 'AS visuelle': 4 bloc(s) détecté(s)
    ✓ sub-001-0005-LS_ses-01_task-asvisuelle_beh.tsv  [v=1, n=26]
    ✓ sub-001-0005-LS_ses-02_task-asvisuelle_beh.tsv  [v=2, n=26]
    ✓ sub-001-0005-LS_ses-03_task-asvisuelle_beh.tsv  [v=2, n=26]
    ⚠️  DOUBLON de session : ses-03 déjà vu au bloc 3 → bloc 4 va écraser le précédent
    ✓ sub-001-0005-LS_ses-03_task-asvisuelle_beh.tsv  [v=2, n=26]
  ⏳ 'EXE verb.' → task-exeverb
  📋 'EXE verb.': 4 bloc(s) détecté(s)
    ✓ sub-001-0005-LS_ses-01_task-exeverb_beh.tsv  [v=1, n=26]
    ✓ sub-001-0005-LS_ses-02_task-exeverb_beh.tsv  [v=2, n=26]
    ✓ sub-001-0005-LS_ses-03_task-exeverb_beh.tsv  [v=2, n=26]
    ✓ sub-001-0005-LS_ses-04_task-exeverb_beh.tsv  [v=2, n=26]
  ⏳ 'EXE visu.' → task-exevisu
  📋 'EXE visu.': 4 bloc(s) détecté(s)
    ✓ sub-001-0005-LS_ses-01_task-exevisu_beh.tsv  [v=1, n=26]
    ✓ sub-001-0005-LS_ses-02_task-exevisu_beh.tsv  [v=2, n=26]
    ✓ sub-001-0005-LS_ses-03_task-exevisu_beh.tsv  [v=2, n=26]
    ⚠️  DOUBLON de session : ses-03 déjà vu au bloc 3 → bloc 4 va écraser le précédent
    ✓ sub-001-0005-LS_ses-03_task-exevisu_beh.tsv  [v=2, n=26]
  ⏳ 'FLUENCE cat.' → task-fluencecat
  📋 'FLUENCE cat.': 4 bloc(s) détecté(s)
    ✓ sub-001-0005-LS_ses-01_task-fluencecat_beh.tsv  [v=1, n=11]
    ✓ sub-001-0005-LS_ses-02_task-fluencecat_beh.tsv  [v=2, n=11]
    ✓ sub-001-0005-LS_ses-03_task-fluencecat_beh.tsv  [v=2, n=11]
    ✓ sub-001-0005-LS_ses-04_task-fluencecat_beh.tsv  [v=2, n=11]
  ⏳ 'FLUENCE verb.' → task-fluenceverb
  📋 'FLUENCE verb.': 4 bloc(s) détecté(s)
    ✓ sub-001-0005-LS_ses-01_task-fluenceverb_beh.tsv  [v=1, n=18]
    ✓ sub-001-0005-LS_ses-02_task-fluenceverb_beh.tsv  [v=2, n=18]
    ✓ sub-001-0005-LS_ses-03_task-fluenceverb_beh.tsv  [v=2, n=18]
    ✓ sub-001-0005-LS_ses-04_task-fluenceverb_beh.tsv  [v=2, n=18]
  ⏳ 'DC cat.' → task-dccat
  📋 'DC cat.': 4 bloc(s) détecté(s)
    ✓ sub-001-0005-LS_ses-01_task-dccat_beh.tsv  [v=1, n=40]
    ✓ sub-001-0005-LS_ses-02_task-dccat_beh.tsv  [v=2, n=40]
    ✓ sub-001-0005-LS_ses-03_task-dccat_beh.tsv  [v=2, n=40]
    ⚠️  DOUBLON de session : ses-03 déjà vu au bloc 3 → bloc 4 va écraser le précédent
    ✓ sub-001-0005-LS_ses-03_task-dccat_beh.tsv  [v=2, n=40]
  ⏳ 'DENO' → task-deno
    ⚠️  bloc 0: 1 ligne(s) récap supprimée(s) (pas de '.bmp' dans ['20'])
    ⚠️  bloc 1: facultatives absentes ['response'] → n/a
    ⚠️  bloc 2: colonnes introuvables ['accuracy'] → ignoré
         noms détectés : ['PAT001-003-LS.2', 'Version.2', 'Session.2', 'Trial.2', 'Status.2', 'Stimulus.2', 'Réponse.2', ' R après coup.2', 'SCORE : bonne réponse.2']
    ⚠️  bloc 3: colonnes introuvables ['accuracy'] → ignoré
         noms détectés : ['PAT001-003-LS.3', 'Version.3', 'Session.3', 'Trial.3', 'Status.3', 'Stimulus.3', 'Réponse.3', ' R après coup.3', 'SCORE : bonne réponse.3']
  📋 'DENO': 2 bloc(s) détecté(s)
    ✓ sub-001-0005-LS_ses-01_task-deno_beh.tsv  [v=1, n=40]
    ✓ sub-001-0005-LS_ses-02_task-deno_beh.tsv  [v=2, n=40]
  ⏳ 'LECTURE' → task-lecture
    ⚠️  bloc 1: colonnes introuvables ['accuracy'] → ignoré
         noms détectés : ['PAT001-003-LS.1', 'Version.1', 'Session.1', 'Trial.1', 'status', 'Stimulus.1', 'Réponse.1', 'API.1']
    ⚠️  bloc 2: colonnes introuvables ['accuracy'] → ignoré
         noms détectés : ['PAT001-003-LS.2', 'Version.2', 'Session.2', 'Trial.2', 'status.1', 'Stimulus.2', 'Réponse.2', 'API ']
    ⚠️  bloc 3: colonnes introuvables ['accuracy'] → ignoré
         noms détectés : ['PAT001-003-LS.3', 'Version.3', 'Session.3', 'Trial.3', 'status.2', 'Stimulus.3', 'Réponse.3', 'API.2']
  📋 'LECTURE': 1 bloc(s) détecté(s)
    ✓ sub-001-0005-LS_ses-01_task-lecture_beh.tsv  [v=1, n=45]
  ⏳ 'BIP' → task-bip
    ⚠️  bloc 0: facultatives absentes ['category'] → n/a
    ⚠️  bloc 0: 1 doublon(s) de trial supprimé(s)
    ⚠️  bloc 1: facultatives absentes ['category'] → n/a
    ⚠️  bloc 2: facultatives absentes ['category'] → n/a
    ⚠️  bloc 3: facultatives absentes ['category'] → n/a
  📋 'BIP': 4 bloc(s) détecté(s)
    ✓ sub-001-0005-LS_ses-01_task-bip_beh.tsv  [v=1, n=14]
    ✓ sub-001-0005-LS_ses-02_task-bip_beh.tsv  [v=2, n=14]
    ✓ sub-001-0005-LS_ses-03_task-bip_beh.tsv  [v=2, n=14]
    ⚠️  DOUBLON de session : ses-03 déjà vu au bloc 3 → bloc 4 va écraser le précédent
    ✓ sub-001-0005-LS_ses-03_task-bip_beh.tsv  [v=2, n=14]
📂 sub-001-0006-CV  (001-0006-CV/01-006-CV.xlsx)
  ⏳ 'AS verbale' → task-asverbale
    ⚠️  bloc 0: 2 ligne(s) récap supprimée(s) (pas de '.bmp' dans ['16', '6469.8125'])
  📋 'AS verbale': 6 bloc(s) détecté(s)
    ✓ sub-001-0006-CV_ses-01_task-asverbale_beh.tsv  [v=1, n=26]
    ✓ sub-001-0006-CV_ses-02_task-asverbale_beh.tsv  [v=1, n=26]
    ✓ sub-001-0006-CV_ses-03_task-asverbale_beh.tsv  [v=2, n=26]
    ✓ sub-001-0006-CV_ses-04_task-asverbale_beh.tsv  [v=2, n=26]
    ✓ sub-001-0006-CV_ses-05_task-asverbale_beh.tsv  [v=2, n=26]
    ✓ sub-001-0006-CV_ses-06_task-asverbale_beh.tsv  [v=1, n=26]
  ⏳ 'AS visuelle' → task-asvisuelle
    ⚠️  bloc 0: 2 ligne(s) récap supprimée(s) (pas de '.bmp' dans ['19', '18'])
    ⚠️  bloc 3: colonnes introuvables ['session'] → ignoré
         noms détectés : ['PAT001-006-CV.3', 'Trial.3', 'condtarget', 'ImageDisplay2.ACC.3', 'ImageDisplay2.RT.3', 'RT CORR']
  📋 'AS visuelle': 5 bloc(s) détecté(s)
    ✓ sub-001-0006-CV_ses-01_task-asvisuelle_beh.tsv  [v=1, n=26]
    ✓ sub-001-0006-CV_ses-02_task-asvisuelle_beh.tsv  [v=1, n=26]
    ✓ sub-001-0006-CV_ses-03_task-asvisuelle_beh.tsv  [v=2, n=26]
    ✓ sub-001-0006-CV_ses-05_task-asvisuelle_beh.tsv  [v=2, n=26]
    ✓ sub-001-0006-CV_ses-06_task-asvisuelle_beh.tsv  [v=1, n=26]
  ⏳ 'EXE verb.' → task-exeverb
  📋 'EXE verb.': 6 bloc(s) détecté(s)
    ✓ sub-001-0006-CV_ses-01_task-exeverb_beh.tsv  [v=1, n=26]
    ✓ sub-001-0006-CV_ses-02_task-exeverb_beh.tsv  [v=1, n=26]
    ✓ sub-001-0006-CV_ses-03_task-exeverb_beh.tsv  [v=2, n=26]
    ✓ sub-001-0006-CV_ses-04_task-exeverb_beh.tsv  [v=2, n=26]
    ✓ sub-001-0006-CV_ses-05_task-exeverb_beh.tsv  [v=2, n=26]
    ✓ sub-001-0006-CV_ses-06_task-exeverb_beh.tsv  [v=1, n=26]
  ⏳ 'EXE visu.' → task-exevisu
    ⚠️  bloc 3: colonnes introuvables ['session'] → ignoré
         noms détectés : ['PAT001-006-CV.3', 'Trial.3', 'target', 'ImageDisplay2.ACC.3', 'ImageDisplay2.RT.3']
  📋 'EXE visu.': 5 bloc(s) détecté(s)
    ✓ sub-001-0006-CV_ses-01_task-exevisu_beh.tsv  [v=1, n=26]
    ✓ sub-001-0006-CV_ses-02_task-exevisu_beh.tsv  [v=1, n=26]
    ✓ sub-001-0006-CV_ses-03_task-exevisu_beh.tsv  [v=2, n=26]
    ✓ sub-001-0006-CV_ses-05_task-exevisu_beh.tsv  [v=2, n=26]
    ✓ sub-001-0006-CV_ses-06_task-exevisu_beh.tsv  [v=1, n=26]
  ⏳ 'FLUENCE cat.' → task-fluencecat
  📋 'FLUENCE cat.': 4 bloc(s) détecté(s)
    ✓ sub-001-0006-CV_ses-01_task-fluencecat_beh.tsv  [v=1, n=20]
    ✓ sub-001-0006-CV_ses-02_task-fluencecat_beh.tsv  [v=1, n=20]
    ✓ sub-001-0006-CV_ses-03_task-fluencecat_beh.tsv  [v=2, n=20]
    ✓ sub-001-0006-CV_ses-04_task-fluencecat_beh.tsv  [v=2, n=20]
  ⏳ 'FLUENCE verb.' → task-fluenceverb
  📋 'FLUENCE verb.': 4 bloc(s) détecté(s)
    ✓ sub-001-0006-CV_ses-01_task-fluenceverb_beh.tsv  [v=1, n=10]
    ✓ sub-001-0006-CV_ses-02_task-fluenceverb_beh.tsv  [v=1, n=10]
    ✓ sub-001-0006-CV_ses-03_task-fluenceverb_beh.tsv  [v=2, n=10]
    ✓ sub-001-0006-CV_ses-04_task-fluenceverb_beh.tsv  [v=2, n=10]
  ⏳ 'DC cat.' → task-dccat
    ⚠️  bloc 0: 1 doublon(s) de trial supprimé(s)
  📋 'DC cat.': 4 bloc(s) détecté(s)
    ✓ sub-001-0006-CV_ses-01_task-dccat_beh.tsv  [v=1, n=40]
    ✓ sub-001-0006-CV_ses-02_task-dccat_beh.tsv  [v=1, n=40]
    ✓ sub-001-0006-CV_ses-03_task-dccat_beh.tsv  [v=2, n=40]
    ✓ sub-001-0006-CV_ses-04_task-dccat_beh.tsv  [v=2, n=40]
  ⏳ 'DENO' → task-deno
    ⚠️  bloc 0: colonnes introuvables ['accuracy'] → ignoré
         noms détectés : ['PAT001-006-CV', 'Version', 'Session', 'Trial', 'Status', 'Stimulus', 'Réponse', 'SCORE : bonne réponse']
    ⚠️  bloc 1: colonnes introuvables ['accuracy'] → ignoré
         noms détectés : ['PAT001-006-CV.1', 'Version.1', 'Session.1', 'Trial.1', 'Status.1', 'Stimulus.1', 'Réponse.1', 'SCORE : bonne réponse.1']
    ⚠️  bloc 2: colonnes introuvables ['accuracy'] → ignoré
         noms détectés : ['PAT001-006-CV.2', 'Version.2', 'Session.2', 'Trial.2', 'Status.2', 'Stimulus.2', 'Réponse.2', 'SCORE : bonne réponse.2']
    ⚠️  bloc 3: colonnes introuvables ['accuracy'] → ignoré
         noms détectés : ['PAT001-006-CV.3', 'Version.3', 'Session.3', 'Trial.3', 'Status.3', 'Stimulus.3', 'Réponse.3', 'Réponse après coup.3', 'SCORE : bonne réponse.3']
  ⚠️  'DENO': aucun bloc valide trouvé
  ⏳ 'LECTURE' → task-lecture
    ⚠️  bloc 0: facultatives absentes ['status', 'api_errors'] → n/a
    ⚠️  bloc 1: colonnes introuvables ['accuracy'] → ignoré
         noms détectés : ['PAT001-006-CV.1', 'Version.1', 'Session.1', 'Trial.1', 'Satus.1', 'Stimulus.1', 'Réponse.1', 'erreurs API.1']
    ⚠️  bloc 2: colonnes introuvables ['accuracy'] → ignoré
         noms détectés : ['PAT001-006-CV.2', 'Version.2', 'Session.2', 'Trial.2', 'Satus.2', 'Stimulus.2', 'Réponse.2', 'erreurs API.2']
    ⚠️  bloc 3: colonnes introuvables ['accuracy'] → ignoré
         noms détectés : ['PAT001-006-CV.3', 'Version.3', 'Session.3', 'Trial.3', 'Satus.3', 'Stimulus.3', 'Réponse.3', 'erreurs API.3', 'Unnamed: 38']
  📋 'LECTURE': 1 bloc(s) détecté(s)
    ✓ sub-001-0006-CV_ses-01_task-lecture_beh.tsv  [v=1, n=45]
  ⏳ 'BIP' → task-bip
    ⚠️  bloc 0: facultatives absentes ['category'] → n/a
    ⚠️  bloc 1: facultatives absentes ['category', 'personnalites_reconnues'] → n/a
    ⚠️  bloc 2: facultatives absentes ['category', 'personnalites_reconnues'] → n/a
    ⚠️  bloc 3: facultatives absentes ['personnalites_reconnues'] → n/a
  📋 'BIP': 4 bloc(s) détecté(s)
    ✓ sub-001-0006-CV_ses-01_task-bip_beh.tsv  [v=1, n=14]
    ✓ sub-001-0006-CV_ses-02_task-bip_beh.tsv  [v=1, n=14]
    ✓ sub-001-0006-CV_ses-03_task-bip_beh.tsv  [v=2, n=14]
    ⚠️  DOUBLON de session : ses-03 déjà vu au bloc 3 → bloc 4 va écraser le précédent
    ✓ sub-001-0006-CV_ses-03_task-bip_beh.tsv  [v=2, n=14]
📂 sub-001-0007-ME  (001-0007-ME/001-0007-ME.xlsx)
  ⏳ 'AS verbale' → task-asverbale
    ⚠️  bloc 0: 1 ligne(s) récap supprimée(s) (pas de '.bmp' dans ['24'])
  📋 'AS verbale': 4 bloc(s) détecté(s)
    ✓ sub-001-0007-ME_ses-01_task-asverbale_beh.tsv  [v=1, n=26]
    ✓ sub-001-0007-ME_ses-02_task-asverbale_beh.tsv  [v=1, n=26]
    ✓ sub-001-0007-ME_ses-03_task-asverbale_beh.tsv  [v=2, n=26]
    ⚠️  DOUBLON de session : ses-03 déjà vu au bloc 3 → bloc 4 va écraser le précédent
    ✓ sub-001-0007-ME_ses-03_task-asverbale_beh.tsv  [v=2, n=26]
  ⏳ 'AS visuelle' → task-asvisuelle
    ⚠️  bloc 0: 1 ligne(s) récap supprimée(s) (pas de '.bmp' dans [nan])
  📋 'AS visuelle': 4 bloc(s) détecté(s)
    ✓ sub-001-0007-ME_ses-01_task-asvisuelle_beh.tsv  [v=1, n=26]
    ✓ sub-001-0007-ME_ses-02_task-asvisuelle_beh.tsv  [v=1, n=26]
    ✓ sub-001-0007-ME_ses-03_task-asvisuelle_beh.tsv  [v=2, n=26]
    ⚠️  DOUBLON de session : ses-03 déjà vu au bloc 3 → bloc 4 va écraser le précédent
    ✓ sub-001-0007-ME_ses-03_task-asvisuelle_beh.tsv  [v=2, n=26]
  ⏳ 'EXE verb.' → task-exeverb
    ⚠️  bloc 0: 1 ligne(s) récap supprimée(s) (pas de '.tif' dans ['25'])
  📋 'EXE verb.': 4 bloc(s) détecté(s)
    ✓ sub-001-0007-ME_ses-01_task-exeverb_beh.tsv  [v=1, n=26]
    ✓ sub-001-0007-ME_ses-02_task-exeverb_beh.tsv  [v=1, n=26]
    ✓ sub-001-0007-ME_ses-03_task-exeverb_beh.tsv  [v=2, n=26]
    ⚠️  DOUBLON de session : ses-03 déjà vu au bloc 3 → bloc 4 va écraser le précédent
    ✓ sub-001-0007-ME_ses-03_task-exeverb_beh.tsv  [v=2, n=26]
  ⏳ 'EXE visu.' → task-exevisu
  📋 'EXE visu.': 4 bloc(s) détecté(s)
    ✓ sub-001-0007-ME_ses-01_task-exevisu_beh.tsv  [v=1, n=26]
    ✓ sub-001-0007-ME_ses-02_task-exevisu_beh.tsv  [v=1, n=26]
    ✓ sub-001-0007-ME_ses-03_task-exevisu_beh.tsv  [v=2, n=26]
    ✓ sub-001-0007-ME_ses-04_task-exevisu_beh.tsv  [v=2, n=26]
  ⏳ 'FLUENCE cat.' → task-fluencecat
  📋 'FLUENCE cat.': 4 bloc(s) détecté(s)
    ✓ sub-001-0007-ME_ses-01_task-fluencecat_beh.tsv  [v=1, n=13]
    ✓ sub-001-0007-ME_ses-02_task-fluencecat_beh.tsv  [v=1, n=13]
    ✓ sub-001-0007-ME_ses-03_task-fluencecat_beh.tsv  [v=2, n=13]
    ✓ sub-001-0007-ME_ses-04_task-fluencecat_beh.tsv  [v=2, n=13]
  ⏳ 'FLUENCE verb.' → task-fluenceverb
  📋 'FLUENCE verb.': 4 bloc(s) détecté(s)
    ✓ sub-001-0007-ME_ses-01_task-fluenceverb_beh.tsv  [v=1, n=16]
    ✓ sub-001-0007-ME_ses-02_task-fluenceverb_beh.tsv  [v=1, n=16]
    ✓ sub-001-0007-ME_ses-03_task-fluenceverb_beh.tsv  [v=2, n=16]
    ⚠️  DOUBLON de session : ses-03 déjà vu au bloc 3 → bloc 4 va écraser le précédent
    ✓ sub-001-0007-ME_ses-03_task-fluenceverb_beh.tsv  [v=2, n=16]
  ⏳ 'DC cat.' → task-dccat
  📋 'DC cat.': 4 bloc(s) détecté(s)
    ✓ sub-001-0007-ME_ses-01_task-dccat_beh.tsv  [v=1, n=40]
    ✓ sub-001-0007-ME_ses-02_task-dccat_beh.tsv  [v=1, n=40]
    ✓ sub-001-0007-ME_ses-03_task-dccat_beh.tsv  [v=2, n=40]
    ✓ sub-001-0007-ME_ses-04_task-dccat_beh.tsv  [v=2, n=40]
  ⏳ 'DENO' → task-deno
    ⚠️  bloc 0: facultatives absentes ['status'] → n/a
    ⚠️  bloc 0: 1 ligne(s) récap supprimée(s) (pas de '.bmp' dans ['32'])
    ⚠️  bloc 1: facultatives absentes ['status', 'response'] → n/a
    ⚠️  bloc 2: colonnes introuvables ['accuracy'] → ignoré
         noms détectés : ['PAT001-007-ME.2', 'Version.2', 'Session.2', 'Trial.2', 'Statut.2', 'Stimulus.2', 'Réponse.2', 'SCORE : bonne réponse.2']
    ⚠️  bloc 3: colonnes introuvables ['accuracy'] → ignoré
         noms détectés : ['PAT001-007-ME.3', 'Version.3', 'Session.3', 'Trial.3', 'cat', 'repos', 'Réponse.3', 'SCORE : bonne réponse.3']
  📋 'DENO': 2 bloc(s) détecté(s)
    ✓ sub-001-0007-ME_ses-01_task-deno_beh.tsv  [v=1, n=40]
    ✓ sub-001-0007-ME_ses-02_task-deno_beh.tsv  [v=1, n=40]
  ⏳ 'LECTURE' → task-lecture
    ⚠️  bloc 0: facultatives absentes ['status', 'api_errors'] → n/a
    ⚠️  bloc 1: colonnes introuvables ['accuracy'] → ignoré
         noms détectés : ['PAT001-007-ME.1', 'Version.1', 'Session.1', 'Trial.1', 'Satus.1', 'Stimulus.1', 'Slide1.RT.1', 'Réponse.1']
    ⚠️  bloc 2: colonnes introuvables ['accuracy'] → ignoré
         noms détectés : ['PAT001-007-ME.2', 'Version.2', 'Session.2', 'Trial.2', 'Satus.2', 'Stimulus.2', 'Réponse.2', 'erreurs patient API']
    ⚠️  bloc 3: colonnes introuvables ['accuracy'] → ignoré
         noms détectés : ['PAT001-007-ME.3', 'Version.3', 'Session.3', 'Trial.3', 'Satus.3', 'Stimulus.3', 'Réponse.3', 'erreurs patient API.1']
  📋 'LECTURE': 1 bloc(s) détecté(s)
    ✓ sub-001-0007-ME_ses-01_task-lecture_beh.tsv  [v=1, n=45]
  ⏳ 'BIP' → task-bip
    ⚠️  bloc 0: facultatives absentes ['category'] → n/a
    ⚠️  bloc 0: 2 doublon(s) de trial supprimé(s)
    ⚠️  bloc 1: facultatives absentes ['category'] → n/a
    ⚠️  bloc 2: facultatives absentes ['category'] → n/a
    ⚠️  bloc 3: facultatives absentes ['category', 'personnalites_reconnues'] → n/a
  📋 'BIP': 4 bloc(s) détecté(s)
    ✓ sub-001-0007-ME_ses-01_task-bip_beh.tsv  [v=1, n=14]
    ✓ sub-001-0007-ME_ses-02_task-bip_beh.tsv  [v=1, n=14]
    ✓ sub-001-0007-ME_ses-03_task-bip_beh.tsv  [v=2, n=14]
    ⚠️  DOUBLON de session : ses-03 déjà vu au bloc 3 → bloc 4 va écraser le précédent
    ✓ sub-001-0007-ME_ses-03_task-bip_beh.tsv  [v=2, n=14]
📂 sub-001-0008-LD  (001-0008-LD/001-008-LD.xlsx)
  ⏳ 'AS verbale' → task-asverbale
    ⚠️  bloc 0: 1 ligne(s) récap supprimée(s) (pas de '.bmp' dans ['23'])
  📋 'AS verbale': 4 bloc(s) détecté(s)
    ✓ sub-001-0008-LD_ses-01_task-asverbale_beh.tsv  [v=1, n=26]
    ✓ sub-001-0008-LD_ses-02_task-asverbale_beh.tsv  [v=1, n=26]
    ✓ sub-001-0008-LD_ses-03_task-asverbale_beh.tsv  [v=2, n=26]
    ✓ sub-001-0008-LD_ses-04_task-asverbale_beh.tsv  [v=2, n=26]
  ⏳ 'AS visuelle' → task-asvisuelle
    ⚠️  bloc 0: 1 ligne(s) récap supprimée(s) (pas de '.bmp' dans ['24'])
  📋 'AS visuelle': 4 bloc(s) détecté(s)
    ✓ sub-001-0008-LD_ses-01_task-asvisuelle_beh.tsv  [v=1, n=26]
    ✓ sub-001-0008-LD_ses-02_task-asvisuelle_beh.tsv  [v=1, n=26]
    ✓ sub-001-0008-LD_ses-03_task-asvisuelle_beh.tsv  [v=2, n=26]
    ✓ sub-001-0008-LD_ses-04_task-asvisuelle_beh.tsv  [v=2, n=26]
  ⏳ 'EXE verb.' → task-exeverb
    ⚠️  bloc 0: 1 ligne(s) récap supprimée(s) (pas de '.tif' dans ['26'])
  📋 'EXE verb.': 4 bloc(s) détecté(s)
    ✓ sub-001-0008-LD_ses-01_task-exeverb_beh.tsv  [v=1, n=26]
    ✓ sub-001-0008-LD_ses-02_task-exeverb_beh.tsv  [v=1, n=26]
    ✓ sub-001-0008-LD_ses-03_task-exeverb_beh.tsv  [v=2, n=26]
    ✓ sub-001-0008-LD_ses-04_task-exeverb_beh.tsv  [v=2, n=26]
  ⏳ 'EXE visu.' → task-exevisu
    ⚠️  bloc 0: 1 ligne(s) récap supprimée(s) (pas de '.tif' dans ['26'])
  📋 'EXE visu.': 4 bloc(s) détecté(s)
    ✓ sub-001-0008-LD_ses-01_task-exevisu_beh.tsv  [v=1, n=26]
    ✓ sub-001-0008-LD_ses-02_task-exevisu_beh.tsv  [v=1, n=26]
    ✓ sub-001-0008-LD_ses-03_task-exevisu_beh.tsv  [v=2, n=26]
    ⚠️  DOUBLON de session : ses-03 déjà vu au bloc 3 → bloc 4 va écraser le précédent
    ✓ sub-001-0008-LD_ses-03_task-exevisu_beh.tsv  [v=2, n=26]
  ⏳ 'FLUENCE cat.' → task-fluencecat
  📋 'FLUENCE cat.': 4 bloc(s) détecté(s)
    ✓ sub-001-0008-LD_ses-01_task-fluencecat_beh.tsv  [v=1, n=9]
    ⚠️  DOUBLON de session : ses-01 déjà vu au bloc 1 → bloc 2 va écraser le précédent
    ✓ sub-001-0008-LD_ses-01_task-fluencecat_beh.tsv  [v=1, n=9]
    ✓ sub-001-0008-LD_ses-03_task-fluencecat_beh.tsv  [v=2, n=9]
    ✓ sub-001-0008-LD_ses-04_task-fluencecat_beh.tsv  [v=2, n=9]
  ⏳ 'FLUENCE verb.' → task-fluenceverb
  📋 'FLUENCE verb.': 4 bloc(s) détecté(s)
    ✓ sub-001-0008-LD_ses-01_task-fluenceverb_beh.tsv  [v=1, n=29]
    ⚠️  DOUBLON de session : ses-01 déjà vu au bloc 1 → bloc 2 va écraser le précédent
    ✓ sub-001-0008-LD_ses-01_task-fluenceverb_beh.tsv  [v=1, n=29]
    ✓ sub-001-0008-LD_ses-03_task-fluenceverb_beh.tsv  [v=2, n=29]
    ✓ sub-001-0008-LD_ses-04_task-fluenceverb_beh.tsv  [v=2, n=29]
  ⏳ 'DC cat.' → task-dccat
  📋 'DC cat.': 4 bloc(s) détecté(s)
    ✓ sub-001-0008-LD_ses-01_task-dccat_beh.tsv  [v=1, n=40]
    ✓ sub-001-0008-LD_ses-02_task-dccat_beh.tsv  [v=1, n=40]
    ✓ sub-001-0008-LD_ses-03_task-dccat_beh.tsv  [v=2, n=40]
    ✓ sub-001-0008-LD_ses-04_task-dccat_beh.tsv  [v=2, n=40]
  ⏳ 'DENO' → task-deno
    ⚠️  bloc 0: colonnes introuvables ['session', 'accuracy'] → ignoré
         noms détectés : ['PAT001-008-LD', 'Trial', 'Status', 'Stimulus', 'Réponse', ' R après coup', 'SCORE : bonne réponse', 'Unnamed: 11']
    ⚠️  bloc 1: colonnes introuvables ['accuracy'] → ignoré
         noms détectés : ['PAT001-008-LD.1', 'Version.1', 'Session.1', 'Trial.1', 'Status.1', 'Stimulus.1', 'Réponse.1', 'SCORE : bonne réponse.1']
    ⚠️  bloc 2: colonnes introuvables ['accuracy'] → ignoré
         noms détectés : ['PAT001-008-LD.2', 'Version.2', 'Session.2', 'Trial.2', 'Status.2', 'Stimulus.2', 'Réponse.2', 'SCORE : bonne réponse.2']
    ⚠️  bloc 3: colonnes introuvables ['accuracy'] → ignoré
         noms détectés : ['PAT001-008-LD.3', 'Version.3', 'Session.3', 'Trial.3', 'Status.3', 'Stimulus.3', 'Réponse.3', 'SCORE : bonne réponse.3']
  ⚠️  'DENO': aucun bloc valide trouvé
  ⏳ 'LECTURE' → task-lecture
    ⚠️  bloc 0: colonnes introuvables ['session'] → ignoré
         noms détectés : ['PAT001-008-LD', 'Trial', 'Status', 'Stimulus', 'Réponse', 'API']
    ⚠️  bloc 1: colonnes introuvables ['accuracy'] → ignoré
         noms détectés : ['PAT001-008-LD.1', 'Version.1', 'Session.1', 'Trial.1', 'Status.1', 'Stimulus.1', 'Réponse.1', 'API.1']
    ⚠️  bloc 2: colonnes introuvables ['accuracy'] → ignoré
         noms détectés : ['PAT001-008-LD.2', 'Version.2', 'Session.2', 'Trial.2', 'Status.2', 'Stimulus.2', 'Réponse.2', 'API.2']
    ⚠️  bloc 3: colonnes introuvables ['accuracy'] → ignoré
         noms détectés : ['PAT001-008-LD.3', 'Version.3', 'Session.3', 'Trial.3', 'Status.3', 'Stimulus.3', 'Réponse.3', 'API.3']
  ⚠️  'LECTURE': aucun bloc valide trouvé
  ⏳ 'BIP' → task-bip
    ⚠️  bloc 0: facultatives absentes ['category'] → n/a
    ⚠️  bloc 0: 1 doublon(s) de trial supprimé(s)
    ⚠️  bloc 1: facultatives absentes ['category'] → n/a
    ⚠️  bloc 2: facultatives absentes ['category', 'personnalites_reconnues'] → n/a
    ⚠️  bloc 3: facultatives absentes ['category', 'personnalites_reconnues'] → n/a
  📋 'BIP': 4 bloc(s) détecté(s)
    ✓ sub-001-0008-LD_ses-01_task-bip_beh.tsv  [v=1, n=14]
    ✓ sub-001-0008-LD_ses-02_task-bip_beh.tsv  [v=1, n=14]
    ✓ sub-001-0008-LD_ses-04_task-bip_beh.tsv  [v=2, n=14]
    ⚠️  DOUBLON de session : ses-01 déjà vu au bloc 1 → bloc 4 va écraser le précédent
    ✓ sub-001-0008-LD_ses-01_task-bip_beh.tsv  [v=1, n=14]
📂 sub-001-0010-LM  (001-0010-LM/001-009-LM.xlsx)
  ⏳ 'AS verbale' → task-asverbale
    ⚠️  bloc 0: 1 ligne(s) récap supprimée(s) (pas de '.bmp' dans ['14'])
  📋 'AS verbale': 5 bloc(s) détecté(s)
    ✓ sub-001-0010-LM_ses-01_task-asverbale_beh.tsv  [v=1, n=26]
    ✓ sub-001-0010-LM_ses-02_task-asverbale_beh.tsv  [v=1, n=26]
    ✓ sub-001-0010-LM_ses-03_task-asverbale_beh.tsv  [v=2, n=26]
    ✓ sub-001-0010-LM_ses-04_task-asverbale_beh.tsv  [v=2, n=26]
    ✓ sub-001-0010-LM_ses-05_task-asverbale_beh.tsv  [v=1, n=26]
  ⏳ 'AS visuelle' → task-asvisuelle
    ⚠️  bloc 0: 1 ligne(s) récap supprimée(s) (pas de '.bmp' dans ['17'])
  📋 'AS visuelle': 5 bloc(s) détecté(s)
    ✓ sub-001-0010-LM_ses-01_task-asvisuelle_beh.tsv  [v=1, n=26]
    ⚠️  DOUBLON de session : ses-01 déjà vu au bloc 1 → bloc 2 va écraser le précédent
    ✓ sub-001-0010-LM_ses-01_task-asvisuelle_beh.tsv  [v=1, n=26]
    ✓ sub-001-0010-LM_ses-03_task-asvisuelle_beh.tsv  [v=2, n=26]
    ✓ sub-001-0010-LM_ses-04_task-asvisuelle_beh.tsv  [v=2, n=26]
    ✓ sub-001-0010-LM_ses-05_task-asvisuelle_beh.tsv  [v=1, n=26]
  ⏳ 'EXE verb.' → task-exeverb
    ⚠️  bloc 0: 1 ligne(s) récap supprimée(s) (pas de '.tif' dans ['26'])
  📋 'EXE verb.': 4 bloc(s) détecté(s)
    ✓ sub-001-0010-LM_ses-01_task-exeverb_beh.tsv  [v=1, n=26]
    ✓ sub-001-0010-LM_ses-02_task-exeverb_beh.tsv  [v=1, n=26]
    ✓ sub-001-0010-LM_ses-03_task-exeverb_beh.tsv  [v=2, n=26]
    ✓ sub-001-0010-LM_ses-04_task-exeverb_beh.tsv  [v=2, n=26]
  ⏳ 'EXE visu.' → task-exevisu
  📋 'EXE visu.': 4 bloc(s) détecté(s)
    ✓ sub-001-0010-LM_ses-01_task-exevisu_beh.tsv  [v=1, n=26]
    ✓ sub-001-0010-LM_ses-02_task-exevisu_beh.tsv  [v=1, n=26]
    ✓ sub-001-0010-LM_ses-03_task-exevisu_beh.tsv  [v=2, n=26]
    ✓ sub-001-0010-LM_ses-04_task-exevisu_beh.tsv  [v=2, n=26]
  ⏳ 'FLUENCE cat.' → task-fluencecat
  📋 'FLUENCE cat.': 4 bloc(s) détecté(s)
    ✓ sub-001-0010-LM_ses-01_task-fluencecat_beh.tsv  [v=1, n=10]
    ✓ sub-001-0010-LM_ses-02_task-fluencecat_beh.tsv  [v=1, n=10]
    ✓ sub-001-0010-LM_ses-03_task-fluencecat_beh.tsv  [v=2, n=10]
    ✓ sub-001-0010-LM_ses-04_task-fluencecat_beh.tsv  [v=2, n=10]
  ⏳ 'FLUENCE verb.' → task-fluenceverb
  📋 'FLUENCE verb.': 4 bloc(s) détecté(s)
    ✓ sub-001-0010-LM_ses-01_task-fluenceverb_beh.tsv  [v=1, n=18]
    ✓ sub-001-0010-LM_ses-02_task-fluenceverb_beh.tsv  [v=1, n=18]
    ✓ sub-001-0010-LM_ses-03_task-fluenceverb_beh.tsv  [v=2, n=18]
    ✓ sub-001-0010-LM_ses-04_task-fluenceverb_beh.tsv  [v=2, n=18]
  ⏳ 'DC cat.' → task-dccat
    ⚠️  bloc 0: 1 doublon(s) de trial supprimé(s)
  📋 'DC cat.': 4 bloc(s) détecté(s)
    ✓ sub-001-0010-LM_ses-01_task-dccat_beh.tsv  [v=1, n=40]
    ✓ sub-001-0010-LM_ses-02_task-dccat_beh.tsv  [v=1, n=40]
    ✓ sub-001-0010-LM_ses-03_task-dccat_beh.tsv  [v=2, n=40]
    ⚠️  DOUBLON de session : ses-03 déjà vu au bloc 3 → bloc 4 va écraser le précédent
    ✓ sub-001-0010-LM_ses-03_task-dccat_beh.tsv  [v=2, n=40]
  ⏳ 'DENO' → task-deno
    ⚠️  bloc 0: colonnes introuvables ['accuracy'] → ignoré
         noms détectés : ['PAT001-009-LM', 'Version', 'Session', 'Trial', 'Status', 'Stimulus', 'Stimulus.1', 'Réponse', ' R après coup', 'SCORE : bonne réponse']
    ⚠️  bloc 1: colonnes introuvables ['accuracy'] → ignoré
         noms détectés : ['PAT001-009-LM.1', 'Version.1', 'Session.1', 'Trial.1', 'Stimulus.2', 'Stimulus.3', 'Réponse.1', 'SCORE : bonne réponse.1']
    ⚠️  bloc 2: colonnes introuvables ['accuracy'] → ignoré
         noms détectés : ['PAT001-009-LM.2', 'Version.2', 'Session.2', 'Trial.2', 'Status.2', 'Stimulus.4', 'Réponse.2', ' R après coup.2', 'SCORE : bonne réponse.2']
    ⚠️  bloc 3: colonnes introuvables ['accuracy'] → ignoré
         noms détectés : ['PAT001-009-LM.3', 'Version.3', 'Session.3', 'Trial.3', 'Status.3', 'Stimulus.5', 'Réponse.3', ' R après coup.3', 'SCORE : bonne réponse.3']
  ⚠️  'DENO': aucun bloc valide trouvé
  ⏳ 'LECTURE' → task-lecture
    ⚠️  bloc 0: facultatives absentes ['status'] → n/a
    ⚠️  bloc 1: colonnes introuvables ['accuracy'] → ignoré
         noms détectés : ['PAT001-009-LM.1', 'Version.1', 'Session.1', 'Trial.1', 'Status', 'Stimulus.1', 'Réponse.1', 'API.1']
    ⚠️  bloc 2: colonnes introuvables ['accuracy'] → ignoré
         noms détectés : ['PAT001-009-LM.2', 'Version.2', 'Session.2', 'Trial.2']
    ⚠️  bloc 3: colonnes introuvables ['accuracy'] → ignoré
         noms détectés : ['PAT001-009-LM.3', 'Version.3', 'Session.3', 'Trial.3', 'Status.2', 'Stimulus.2', 'Réponse.3', 'API.2']
  📋 'LECTURE': 1 bloc(s) détecté(s)
    ✓ sub-001-0010-LM_ses-01_task-lecture_beh.tsv  [v=1, n=45]
  ⏳ 'BIP' → task-bip
    ⚠️  bloc 0: facultatives absentes ['category'] → n/a
    ⚠️  bloc 0: 1 doublon(s) de trial supprimé(s)
    ⚠️  bloc 1: facultatives absentes ['category', 'personnalites_reconnues'] → n/a
    ⚠️  bloc 2: facultatives absentes ['category', 'personnalites_reconnues'] → n/a
    ⚠️  bloc 3: facultatives absentes ['category', 'personnalites_reconnues'] → n/a
  📋 'BIP': 4 bloc(s) détecté(s)
    ✓ sub-001-0010-LM_ses-01_task-bip_beh.tsv  [v=1, n=14]
    ✓ sub-001-0010-LM_ses-02_task-bip_beh.tsv  [v=1, n=14]
    ✓ sub-001-0010-LM_ses-03_task-bip_beh.tsv  [v=2, n=14]
    ✓ sub-001-0010-LM_ses-04_task-bip_beh.tsv  [v=2, n=14]
📂 sub-001-0014-BS  (3_TESTS_LANGAGIERS/001-0012-BS.xlsx)
  ⏳ 'AS verbale' → task-asverbale
  📋 'AS verbale': 5 bloc(s) détecté(s)
    ✓ sub-001-0014-BS_ses-01_task-asverbale_beh.tsv  [v=1, n=26]
    ✓ sub-001-0014-BS_ses-02_task-asverbale_beh.tsv  [v=1, n=26]
    ✓ sub-001-0014-BS_ses-03_task-asverbale_beh.tsv  [v=2, n=26]
    ⚠️  DOUBLON de session : ses-03 déjà vu au bloc 3 → bloc 4 va écraser le précédent
    ✓ sub-001-0014-BS_ses-03_task-asverbale_beh.tsv  [v=2, n=26]
    ✓ sub-001-0014-BS_ses-05_task-asverbale_beh.tsv  [v=1, n=26]
  ⏳ 'AS visuelle' → task-asvisuelle
  📋 'AS visuelle': 5 bloc(s) détecté(s)
    ✓ sub-001-0014-BS_ses-01_task-asvisuelle_beh.tsv  [v=1, n=26]
    ✓ sub-001-0014-BS_ses-02_task-asvisuelle_beh.tsv  [v=1, n=26]
    ✓ sub-001-0014-BS_ses-03_task-asvisuelle_beh.tsv  [v=2, n=26]
    ✓ sub-001-0014-BS_ses-04_task-asvisuelle_beh.tsv  [v=2, n=26]
    ✓ sub-001-0014-BS_ses-05_task-asvisuelle_beh.tsv  [v=1, n=26]
  ⏳ 'EXE verb.' → task-exeverb
  📋 'EXE verb.': 4 bloc(s) détecté(s)
    ✓ sub-001-0014-BS_ses-01_task-exeverb_beh.tsv  [v=1, n=26]
    ✓ sub-001-0014-BS_ses-02_task-exeverb_beh.tsv  [v=1, n=26]
    ✓ sub-001-0014-BS_ses-03_task-exeverb_beh.tsv  [v=2, n=26]
    ✓ sub-001-0014-BS_ses-04_task-exeverb_beh.tsv  [v=2, n=26]
  ⏳ 'EXE visu.' → task-exevisu
  📋 'EXE visu.': 4 bloc(s) détecté(s)
    ✓ sub-001-0014-BS_ses-01_task-exevisu_beh.tsv  [v=1, n=26]
    ⚠️  DOUBLON de session : ses-01 déjà vu au bloc 1 → bloc 2 va écraser le précédent
    ✓ sub-001-0014-BS_ses-01_task-exevisu_beh.tsv  [v=1, n=26]
    ✓ sub-001-0014-BS_ses-03_task-exevisu_beh.tsv  [v=2, n=26]
    ✓ sub-001-0014-BS_ses-04_task-exevisu_beh.tsv  [v=2, n=26]
  ⏳ 'FLUENCE cat.' → task-fluencecat
    ⚠️  bloc 1: colonnes introuvables ['item_text'] → ignoré
         noms détectés : ['PAT001-0012-BS.1', 'Version.1', 'Session.1', 'Nombre.1']
  📋 'FLUENCE cat.': 3 bloc(s) détecté(s)
    ✓ sub-001-0014-BS_ses-01_task-fluencecat_beh.tsv  [v=1, n=14]
    ✓ sub-001-0014-BS_ses-03_task-fluencecat_beh.tsv  [v=2, n=14]
    ✓ sub-001-0014-BS_ses-04_task-fluencecat_beh.tsv  [v=2, n=14]
  ⏳ 'FLUENCE verb.' → task-fluenceverb
  📋 'FLUENCE verb.': 4 bloc(s) détecté(s)
    ✓ sub-001-0014-BS_ses-01_task-fluenceverb_beh.tsv  [v=1, n=18]
    ✓ sub-001-0014-BS_ses-02_task-fluenceverb_beh.tsv  [v=1, n=18]
    ✓ sub-001-0014-BS_ses-03_task-fluenceverb_beh.tsv  [v=2, n=18]
    ✓ sub-001-0014-BS_ses-04_task-fluenceverb_beh.tsv  [v=2, n=18]
  ⏳ 'DC cat.' → task-dccat
  📋 'DC cat.': 5 bloc(s) détecté(s)
    ✓ sub-001-0014-BS_ses-01_task-dccat_beh.tsv  [v=2, n=40]
    ✓ sub-001-0014-BS_ses-02_task-dccat_beh.tsv  [v=1, n=40]
    ✓ sub-001-0014-BS_ses-03_task-dccat_beh.tsv  [v=2, n=40]
    ⚠️  DOUBLON de session : ses-03 déjà vu au bloc 3 → bloc 4 va écraser le précédent
    ✓ sub-001-0014-BS_ses-03_task-dccat_beh.tsv  [v=2, n=40]
    ✓ sub-001-0014-BS_ses-05_task-dccat_beh.tsv  [v=1, n=40]
  ⏳ 'DENO' → task-deno
    ⚠️  bloc 0: colonnes introuvables ['accuracy'] → ignoré
         noms détectés : ['PAT001-0012-BS', 'Version', 'Session', 'Trial', 'Status', 'Stimulus', 'Réponse', ' R après coup', 'SCORE : bonne réponse']
    ⚠️  bloc 1: colonnes introuvables ['accuracy'] → ignoré
         noms détectés : ['PAT001-0012-BS.1', 'Version.1', 'Session.1', 'Trial.1', 'Status.1', 'Stimulus.1', 'Réponse.1', 'SCORE : bonne réponse.1']
    ⚠️  bloc 2: colonnes introuvables ['accuracy'] → ignoré
         noms détectés : ['PAT001-0012-BS.2', 'Version.2', 'Session.2', 'Trial.2', 'Status.2', 'Stimulus.2', 'Réponse.2', ' R après coup.2', 'SCORE : bonne réponse.2']
    ⚠️  bloc 3: colonnes introuvables ['accuracy'] → ignoré
         noms détectés : ['PAT001-0012-BS.3', 'Version.3', 'Session.3', 'Trial.3', 'Status.3', 'Stimulus.3', 'Réponse.3', ' R après coup.3', 'SCORE : bonne réponse.3']
  ⚠️  'DENO': aucun bloc valide trouvé
  ⏳ 'LECTURE' → task-lecture
    ⚠️  bloc 0: facultatives absentes ['api_errors'] → n/a
    ⚠️  bloc 0: 1 doublon(s) de trial supprimé(s)
    ⚠️  bloc 1: colonnes introuvables ['accuracy'] → ignoré
         noms détectés : ['PAT001-0012-BS.1', 'Version.1', 'Session.1', 'Trial.1', 'Satus', 'Stimulus.1', 'Réponse.1', 'erreurs API.1']
    ⚠️  bloc 2: colonnes introuvables ['accuracy'] → ignoré
         noms détectés : ['PAT001-0012-BS.2', 'Version.2', 'Session.2', 'Trial.2', 'Status.1', 'Stimulus.2', 'Réponse.2', 'erreurs API.2', 'Unnamed: 29']
    ⚠️  bloc 3: colonnes introuvables ['accuracy'] → ignoré
         noms détectés : ['PAT001-0012-BS.3', 'Version.3', 'Session.3', 'Trial.3', 'status', 'Text', 'Réponse.3', 'erreurs API.3']
  📋 'LECTURE': 1 bloc(s) détecté(s)
    ✓ sub-001-0014-BS_ses-01_task-lecture_beh.tsv  [v=1, n=45]
  ⏳ 'BIP' → task-bip
    ⚠️  bloc 0: facultatives absentes ['category', 'personnalites_reconnues'] → n/a
    ⚠️  bloc 1: facultatives absentes ['category'] → n/a
    ⚠️  bloc 2: facultatives absentes ['category', 'personnalites_reconnues'] → n/a
    ⚠️  bloc 3: facultatives absentes ['personnalites_reconnues'] → n/a
  📋 'BIP': 4 bloc(s) détecté(s)
    ✓ sub-001-0014-BS_ses-01_task-bip_beh.tsv  [v=1, n=14]
    ✓ sub-001-0014-BS_ses-02_task-bip_beh.tsv  [v=1, n=14]
    ✓ sub-001-0014-BS_ses-03_task-bip_beh.tsv  [v=2, n=14]
    ✓ sub-001-0014-BS_ses-04_task-bip_beh.tsv  [v=2, n=14]
📂 sub-001-0016-BJC  (3_TESTS_LANGAGIERS/001-0017-BJC.xlsx)
  ⏳ 'AS verbale' → task-asverbale
    ⚠️  bloc 0: 1 ligne(s) récap supprimée(s) (pas de '.bmp' dans ['19'])
  📋 'AS verbale': 4 bloc(s) détecté(s)
    ✓ sub-001-0016-BJC_ses-01_task-asverbale_beh.tsv  [v=1, n=26]
    ✓ sub-001-0016-BJC_ses-02_task-asverbale_beh.tsv  [v=1, n=26]
    ✓ sub-001-0016-BJC_ses-03_task-asverbale_beh.tsv  [v=2, n=26]
    ✓ sub-001-0016-BJC_ses-04_task-asverbale_beh.tsv  [v=2, n=26]
  ⏳ 'AS visuelle' → task-asvisuelle
  📋 'AS visuelle': 4 bloc(s) détecté(s)
    ✓ sub-001-0016-BJC_ses-01_task-asvisuelle_beh.tsv  [v=1, n=26]
    ✓ sub-001-0016-BJC_ses-02_task-asvisuelle_beh.tsv  [v=1, n=26]
    ✓ sub-001-0016-BJC_ses-03_task-asvisuelle_beh.tsv  [v=2, n=26]
    ✓ sub-001-0016-BJC_ses-04_task-asvisuelle_beh.tsv  [v=2, n=26]
  ⏳ 'EXE verb.' → task-exeverb
  📋 'EXE verb.': 4 bloc(s) détecté(s)
    ✓ sub-001-0016-BJC_ses-01_task-exeverb_beh.tsv  [v=1, n=26]
    ✓ sub-001-0016-BJC_ses-02_task-exeverb_beh.tsv  [v=1, n=26]
    ✓ sub-001-0016-BJC_ses-03_task-exeverb_beh.tsv  [v=2, n=26]
    ✓ sub-001-0016-BJC_ses-04_task-exeverb_beh.tsv  [v=2, n=26]
  ⏳ 'EXE visu.' → task-exevisu
  📋 'EXE visu.': 4 bloc(s) détecté(s)
    ✓ sub-001-0016-BJC_ses-01_task-exevisu_beh.tsv  [v=1, n=26]
    ⚠️  DOUBLON de session : ses-01 déjà vu au bloc 1 → bloc 2 va écraser le précédent
    ✓ sub-001-0016-BJC_ses-01_task-exevisu_beh.tsv  [v=1, n=26]
    ✓ sub-001-0016-BJC_ses-03_task-exevisu_beh.tsv  [v=2, n=26]
    ✓ sub-001-0016-BJC_ses-04_task-exevisu_beh.tsv  [v=2, n=26]
  ⏳ 'FLUENCE cat.' → task-fluencecat
  📋 'FLUENCE cat.': 4 bloc(s) détecté(s)
    ✓ sub-001-0016-BJC_ses-01_task-fluencecat_beh.tsv  [v=1, n=12]
    ✓ sub-001-0016-BJC_ses-02_task-fluencecat_beh.tsv  [v=1, n=12]
    ✓ sub-001-0016-BJC_ses-03_task-fluencecat_beh.tsv  [v=2, n=12]
    ✓ sub-001-0016-BJC_ses-04_task-fluencecat_beh.tsv  [v=2, n=12]
  ⏳ 'FLUENCE verb.' → task-fluenceverb
  📋 'FLUENCE verb.': 4 bloc(s) détecté(s)
    ✓ sub-001-0016-BJC_ses-01_task-fluenceverb_beh.tsv  [v=1, n=15]
    ✓ sub-001-0016-BJC_ses-02_task-fluenceverb_beh.tsv  [v=1, n=15]
    ✓ sub-001-0016-BJC_ses-03_task-fluenceverb_beh.tsv  [v=2, n=15]
    ⚠️  DOUBLON de session : ses-03 déjà vu au bloc 3 → bloc 4 va écraser le précédent
    ✓ sub-001-0016-BJC_ses-03_task-fluenceverb_beh.tsv  [v=2, n=15]
  ⏳ 'DC cat.' → task-dccat
    ⚠️  bloc 0: 1 doublon(s) de trial supprimé(s)
  📋 'DC cat.': 4 bloc(s) détecté(s)
    ✓ sub-001-0016-BJC_ses-01_task-dccat_beh.tsv  [v=1, n=40]
    ✓ sub-001-0016-BJC_ses-02_task-dccat_beh.tsv  [v=1, n=40]
    ✓ sub-001-0016-BJC_ses-03_task-dccat_beh.tsv  [v=2, n=40]
    ✓ sub-001-0016-BJC_ses-04_task-dccat_beh.tsv  [v=2, n=40]
  ⏳ 'DENO' → task-deno
    ⚠️  bloc 0: colonnes introuvables ['accuracy'] → ignoré
         noms détectés : ['PAT001-0017', 'Version', 'Session', 'Trial', 'Status', 'Stimulus', 'Réponse', 'Réponse après coup', 'SCORE : bonne réponse']
    ⚠️  bloc 1: colonnes introuvables ['accuracy'] → ignoré
         noms détectés : ['PAT001-0017.1', 'Version.1', 'Session.1', 'Trial.1', 'Status.1', 'Stimulus.1', 'Réponse.1', 'SCORE : bonne réponse.1']
    ⚠️  bloc 2: colonnes introuvables ['accuracy'] → ignoré
         noms détectés : ['PAT001-0017.2', 'Version.2', 'Session.2', 'Trial.2', 'Status.2', 'Stimulus.2', 'Réponse.2', 'Réponse après coup.2', 'SCORE : bonne réponse.2']
    ⚠️  bloc 3: colonnes introuvables ['accuracy'] → ignoré
         noms détectés : ['PAT001-0017.3', 'Version.3', 'Session.3', 'Trial.3', 'cat', 'repos', 'Réponse.3', 'Réponse après coup.3', 'SCORE : bonne réponse.3']
  ⚠️  'DENO': aucun bloc valide trouvé
  ⏳ 'LECTURE' → task-lecture
    ⚠️  bloc 1: colonnes introuvables ['accuracy'] → ignoré
         noms détectés : ['PAT001-0017.1', 'Version.1', 'Session.1', 'Trial.1', 'Status.1', 'Stimulus.1', 'Réponse.1', 'API.1']
    ⚠️  bloc 2: colonnes introuvables ['accuracy'] → ignoré
         noms détectés : ['PAT001-0017.2', 'Version.2', 'Session.2', 'Trial.2', 'Status.2', 'Stimulus.2', 'Réponse.2', 'API.2']
    ⚠️  bloc 3: colonnes introuvables ['accuracy'] → ignoré
         noms détectés : ['PAT001-0017.3', 'Version.3', 'Session.3', 'Trial.3', 'Status.3', 'Stimulus.3', 'Réponse.3', 'API.3']
  📋 'LECTURE': 1 bloc(s) détecté(s)
    ✓ sub-001-0016-BJC_ses-01_task-lecture_beh.tsv  [v=1, n=45]
  ⏳ 'BIP' → task-bip
    ⚠️  bloc 0: facultatives absentes ['category', 'personnalites_reconnues'] → n/a
    ⚠️  bloc 0: 1 doublon(s) de trial supprimé(s)
    ⚠️  bloc 1: facultatives absentes ['category', 'personnalites_reconnues'] → n/a
    ⚠️  bloc 2: facultatives absentes ['personnalites_reconnues'] → n/a
    ⚠️  bloc 3: facultatives absentes ['personnalites_reconnues'] → n/a
  📋 'BIP': 4 bloc(s) détecté(s)
    ✓ sub-001-0016-BJC_ses-01_task-bip_beh.tsv  [v=1, n=14]
    ✓ sub-001-0016-BJC_ses-02_task-bip_beh.tsv  [v=1, n=14]
    ✓ sub-001-0016-BJC_ses-03_task-bip_beh.tsv  [v=2, n=14]
    ✓ sub-001-0016-BJC_ses-04_task-bip_beh.tsv  [v=2, n=14]
📂 sub-001-0017-KV  (3_TESTS_LANGAGIERS/003-001-KV.xlsx)
  ⏳ 'AS verbale' → task-asverbale
    ⚠️  bloc 0: 1 ligne(s) récap supprimée(s) (pas de '.bmp' dans ['20'])
    ⚠️  bloc 3: facultatives absentes ['target'] → n/a
  📋 'AS verbale': 4 bloc(s) détecté(s)
    ✓ sub-001-0017-KV_ses-01_task-asverbale_beh.tsv  [v=2, n=26]
    ✓ sub-001-0017-KV_ses-02_task-asverbale_beh.tsv  [v=2, n=26]
    ✓ sub-001-0017-KV_ses-03_task-asverbale_beh.tsv  [v=1, n=26]
    ✓ sub-001-0017-KV_ses-04_task-asverbale_beh.tsv  [v=1, n=26]
  ⏳ 'AS visuelle' → task-asvisuelle
    ⚠️  bloc 0: 1 ligne(s) récap supprimée(s) (pas de '.bmp' dans ['15'])
  📋 'AS visuelle': 4 bloc(s) détecté(s)
    ✓ sub-001-0017-KV_ses-01_task-asvisuelle_beh.tsv  [v=2, n=26]
    ✓ sub-001-0017-KV_ses-02_task-asvisuelle_beh.tsv  [v=2, n=26]
    ✓ sub-001-0017-KV_ses-03_task-asvisuelle_beh.tsv  [v=1, n=26]
    ✓ sub-001-0017-KV_ses-04_task-asvisuelle_beh.tsv  [v=1, n=26]
  ⏳ 'EXE verb.' → task-exeverb
    ⚠️  bloc 0: 1 ligne(s) récap supprimée(s) (pas de '.tif' dans [nan])
  📋 'EXE verb.': 4 bloc(s) détecté(s)
    ✓ sub-001-0017-KV_ses-01_task-exeverb_beh.tsv  [v=2, n=26]
    ✓ sub-001-0017-KV_ses-02_task-exeverb_beh.tsv  [v=2, n=26]
    ✓ sub-001-0017-KV_ses-03_task-exeverb_beh.tsv  [v=1, n=26]
    ✓ sub-001-0017-KV_ses-04_task-exeverb_beh.tsv  [v=1, n=26]
  ⏳ 'EXE visu.' → task-exevisu
    ⚠️  bloc 0: 1 ligne(s) récap supprimée(s) (pas de '.tif' dans [nan])
  📋 'EXE visu.': 4 bloc(s) détecté(s)
    ✓ sub-001-0017-KV_ses-01_task-exevisu_beh.tsv  [v=2, n=26]
    ✓ sub-001-0017-KV_ses-02_task-exevisu_beh.tsv  [v=2, n=26]
    ✓ sub-001-0017-KV_ses-03_task-exevisu_beh.tsv  [v=1, n=26]
    ✓ sub-001-0017-KV_ses-04_task-exevisu_beh.tsv  [v=1, n=26]
  ⏳ 'FLUENCE cat.' → task-fluencecat
  📋 'FLUENCE cat.': 4 bloc(s) détecté(s)
    ✓ sub-001-0017-KV_ses-01_task-fluencecat_beh.tsv  [v=2, n=12]
    ✓ sub-001-0017-KV_ses-02_task-fluencecat_beh.tsv  [v=2, n=12]
    ✓ sub-001-0017-KV_ses-03_task-fluencecat_beh.tsv  [v=1, n=12]
    ⚠️  DOUBLON de session : ses-03 déjà vu au bloc 3 → bloc 4 va écraser le précédent
    ✓ sub-001-0017-KV_ses-03_task-fluencecat_beh.tsv  [v=1, n=12]
  ⏳ 'FLUENCE verb.' → task-fluenceverb
  📋 'FLUENCE verb.': 4 bloc(s) détecté(s)
    ✓ sub-001-0017-KV_ses-01_task-fluenceverb_beh.tsv  [v=2, n=21]
    ✓ sub-001-0017-KV_ses-02_task-fluenceverb_beh.tsv  [v=2, n=21]
    ✓ sub-001-0017-KV_ses-03_task-fluenceverb_beh.tsv  [v=1, n=21]
    ⚠️  DOUBLON de session : ses-03 déjà vu au bloc 3 → bloc 4 va écraser le précédent
    ✓ sub-001-0017-KV_ses-03_task-fluenceverb_beh.tsv  [v=1, n=21]
  ⏳ 'DC cat.' → task-dccat
    ⚠️  bloc 0: 1 doublon(s) de trial supprimé(s)
  📋 'DC cat.': 4 bloc(s) détecté(s)
    ✓ sub-001-0017-KV_ses-01_task-dccat_beh.tsv  [v=2, n=40]
    ✓ sub-001-0017-KV_ses-02_task-dccat_beh.tsv  [v=2, n=40]
    ✓ sub-001-0017-KV_ses-03_task-dccat_beh.tsv  [v=1, n=40]
    ✓ sub-001-0017-KV_ses-04_task-dccat_beh.tsv  [v=1, n=40]
  ⏳ 'DENO' → task-deno
    ⚠️  bloc 0: colonnes introuvables ['accuracy'] → ignoré
         noms détectés : ['PAT003-001-KV', 'Version', 'Session', 'Trial', 'Status', 'Stimulus', 'Réponse', 'SCORE : bonne réponse']
    ⚠️  bloc 1: colonnes introuvables ['accuracy'] → ignoré
         noms détectés : ['PAT003-001-KV.1', 'Version.1', 'Session.1', 'Trial.1', 'Status.1', 'Stimulus.1', 'Réponse.1', 'SCORE : bonne réponse.1']
    ⚠️  bloc 2: colonnes introuvables ['accuracy'] → ignoré
         noms détectés : ['PAT003-001-KV.2', 'Version.2', 'Session.2', 'Trial.2', 'Status.2', 'Stimulus.2', 'Réponse.2', 'SCORE : bonne réponse.2']
    ⚠️  bloc 3: colonnes introuvables ['accuracy'] → ignoré
         noms détectés : ['PAT003-001-KV.3', 'Version.3', 'Session.3', 'Trial.3', 'Réponse.3', 'SCORE : bonne réponse.3']
  ⚠️  'DENO': aucun bloc valide trouvé
  ⏳ 'LECTURE' → task-lecture
    ⚠️  bloc 0: facultatives absentes ['stimulus'] → n/a
    ⚠️  bloc 1: colonnes introuvables ['accuracy'] → ignoré
         noms détectés : ['PAT003-001-KV.1', 'Version.1', 'Session.1', 'Trial.1', 'Text.1', 'Status.1', 'Réponse.1', 'API.1']
    ⚠️  bloc 2: colonnes introuvables ['accuracy'] → ignoré
         noms détectés : ['PAT003-001-KV.2', 'Version.2', 'Session.2', 'Trial.2', 'Status.2', 'Text.2', 'Réponse.2', 'API.2']
    ⚠️  bloc 3: colonnes introuvables ['accuracy'] → ignoré
         noms détectés : ['PAT003-001-KV.3', 'Version.3', 'Session.3', 'Trial.3', 'Text.3', 'Status.3', 'Réponse.3', 'API.3']
  📋 'LECTURE': 1 bloc(s) détecté(s)
    ✓ sub-001-0017-KV_ses-01_task-lecture_beh.tsv  [v=2, n=45]
  ⏳ 'BIP' → task-bip
    ⚠️  bloc 0: facultatives absentes ['category', 'personnalites_reconnues'] → n/a
    ⚠️  bloc 0: 1 doublon(s) de trial supprimé(s)
    ⚠️  bloc 1: facultatives absentes ['category', 'personnalites_reconnues'] → n/a
    ⚠️  bloc 2: facultatives absentes ['category', 'personnalites_reconnues'] → n/a
    ⚠️  bloc 3: facultatives absentes ['category', 'personnalites_reconnues'] → n/a
  📋 'BIP': 4 bloc(s) détecté(s)
    ✓ sub-001-0017-KV_ses-01_task-bip_beh.tsv  [v=2, n=14]
    ✓ sub-001-0017-KV_ses-02_task-bip_beh.tsv  [v=2, n=14]
    ✓ sub-001-0017-KV_ses-03_task-bip_beh.tsv  [v=1, n=14]
    ✓ sub-001-0017-KV_ses-04_task-bip_beh.tsv  [v=1, n=14]
📂 sub-001-0018-JC  (3_TESTS_LANGAGIERS/001-0019-JC.xlsx)
  ⏳ 'AS verbale' → task-asverbale
  📋 'AS verbale': 4 bloc(s) détecté(s)
    ✓ sub-001-0018-JC_ses-01_task-asverbale_beh.tsv  [v=2, n=26]
    ✓ sub-001-0018-JC_ses-02_task-asverbale_beh.tsv  [v=2, n=26]
    ✓ sub-001-0018-JC_ses-03_task-asverbale_beh.tsv  [v=1, n=26]
    ⚠️  DOUBLON de session : ses-03 déjà vu au bloc 3 → bloc 4 va écraser le précédent
    ✓ sub-001-0018-JC_ses-03_task-asverbale_beh.tsv  [v=1, n=26]
  ⏳ 'AS visuelle' → task-asvisuelle
  📋 'AS visuelle': 4 bloc(s) détecté(s)
    ✓ sub-001-0018-JC_ses-01_task-asvisuelle_beh.tsv  [v=2, n=26]
    ✓ sub-001-0018-JC_ses-02_task-asvisuelle_beh.tsv  [v=2, n=26]
    ✓ sub-001-0018-JC_ses-03_task-asvisuelle_beh.tsv  [v=1, n=26]
    ⚠️  DOUBLON de session : ses-03 déjà vu au bloc 3 → bloc 4 va écraser le précédent
    ✓ sub-001-0018-JC_ses-03_task-asvisuelle_beh.tsv  [v=1, n=26]
  ⏳ 'EXE verb.' → task-exeverb
  📋 'EXE verb.': 4 bloc(s) détecté(s)
    ✓ sub-001-0018-JC_ses-01_task-exeverb_beh.tsv  [v=2, n=26]
    ✓ sub-001-0018-JC_ses-02_task-exeverb_beh.tsv  [v=2, n=26]
    ✓ sub-001-0018-JC_ses-03_task-exeverb_beh.tsv  [v=1, n=26]
    ✓ sub-001-0018-JC_ses-04_task-exeverb_beh.tsv  [v=1, n=26]
  ⏳ 'EXE visu.' → task-exevisu
  📋 'EXE visu.': 4 bloc(s) détecté(s)
    ✓ sub-001-0018-JC_ses-01_task-exevisu_beh.tsv  [v=2, n=26]
    ✓ sub-001-0018-JC_ses-02_task-exevisu_beh.tsv  [v=2, n=26]
    ✓ sub-001-0018-JC_ses-03_task-exevisu_beh.tsv  [v=1, n=26]
    ✓ sub-001-0018-JC_ses-04_task-exevisu_beh.tsv  [v=1, n=26]
  ⏳ 'FLUENCE cat.' → task-fluencecat
  📋 'FLUENCE cat.': 4 bloc(s) détecté(s)
    ✓ sub-001-0018-JC_ses-01_task-fluencecat_beh.tsv  [v=2, n=4]
    ✓ sub-001-0018-JC_ses-02_task-fluencecat_beh.tsv  [v=2, n=4]
    ✓ sub-001-0018-JC_ses-03_task-fluencecat_beh.tsv  [v=1, n=4]
    ✓ sub-001-0018-JC_ses-04_task-fluencecat_beh.tsv  [v=1, n=4]
  ⏳ 'FLUENCE verb.' → task-fluenceverb
    ⚠️  bloc 3: colonnes introuvables ['item_text'] → ignoré
         noms détectés : ['PAT001-0019-JC.3', 'Version.3', 'Session.3', 'n°.3']
  📋 'FLUENCE verb.': 3 bloc(s) détecté(s)
    ✓ sub-001-0018-JC_ses-01_task-fluenceverb_beh.tsv  [v=2, n=11]
    ✓ sub-001-0018-JC_ses-02_task-fluenceverb_beh.tsv  [v=2, n=11]
    ✓ sub-001-0018-JC_ses-03_task-fluenceverb_beh.tsv  [v=1, n=11]
  ⏳ 'DC cat.' → task-dccat
  📋 'DC cat.': 4 bloc(s) détecté(s)
    ✓ sub-001-0018-JC_ses-01_task-dccat_beh.tsv  [v=2, n=40]
    ✓ sub-001-0018-JC_ses-02_task-dccat_beh.tsv  [v=2, n=40]
    ✓ sub-001-0018-JC_ses-03_task-dccat_beh.tsv  [v=1, n=40]
    ⚠️  DOUBLON de session : ses-03 déjà vu au bloc 3 → bloc 4 va écraser le précédent
    ✓ sub-001-0018-JC_ses-03_task-dccat_beh.tsv  [v=1, n=40]
  ⏳ 'DENO' → task-deno
    ⚠️  bloc 0: colonnes introuvables ['accuracy'] → ignoré
         noms détectés : ['PAT001-0019-JC', 'Version', 'Session', 'Trial', 'Status', 'Stimulus', 'Réponse', 'Réponse après coup', 'SCORE : bonne réponse']
    ⚠️  bloc 1: colonnes introuvables ['accuracy'] → ignoré
         noms détectés : ['PAT001-0019-JC.1', 'Version.1', 'Session.1', 'Trial.1', 'Status.1', 'Stimulus.1', 'Réponse.1', 'Réponse après coup.1', 'SCORE : bonne réponse.1']
    ⚠️  bloc 2: colonnes introuvables ['accuracy'] → ignoré
         noms détectés : ['PAT001-0019-JC.2', 'Version.2', 'Session.2', 'Trial.2', 'Status.2', 'Stimulus.2', 'Réponse.2', 'Réponse après coup.2', 'SCORE : bonne réponse.2']
    ⚠️  bloc 3: colonnes introuvables ['accuracy'] → ignoré
         noms détectés : ['PAT001-0019-JC.3', 'Version.3', 'Session.3', 'Trial.3', 'cat', 'repos', 'Réponse.3', 'SCORE : bonne réponse.3']
  ⚠️  'DENO': aucun bloc valide trouvé
  ⏳ 'LECTURE' → task-lecture
    ⚠️  bloc 0: facultatives absentes ['stimulus', 'api_errors'] → n/a
    ⚠️  bloc 1: colonnes introuvables ['accuracy'] → ignoré
         noms détectés : ['PAT001-0019-JC.1', 'Version.1', 'Session.1', 'Trial.1', 'Text.1', 'Status.1', 'Réponse.1', 'API']
    ⚠️  bloc 2: colonnes introuvables ['accuracy'] → ignoré
         noms détectés : ['PAT001-0019-JC.2', 'Version.2', 'Session.2', 'Trial.2', 'Status.2', 'Text.2', 'Réponse.2', 'API.1']
    ⚠️  bloc 3: colonnes introuvables ['accuracy'] → ignoré
         noms détectés : ['PAT001-0019-JC.3', 'Version.3', 'Session.3', 'Trial.3', 'Status.3', 'Stimulus', 'Réponse.3', 'API ']
  📋 'LECTURE': 1 bloc(s) détecté(s)
    ✓ sub-001-0018-JC_ses-01_task-lecture_beh.tsv  [v=2, n=45]
  ⏳ 'BIP' → task-bip
    ⚠️  bloc 0: facultatives absentes ['category', 'nom'] → n/a
    ⚠️  bloc 1: facultatives absentes ['category', 'nom'] → n/a
    ⚠️  bloc 2: facultatives absentes ['category', 'nom'] → n/a
    ⚠️  bloc 3: facultatives absentes ['personnalites_reconnues'] → n/a
  📋 'BIP': 4 bloc(s) détecté(s)
    ✓ sub-001-0018-JC_ses-01_task-bip_beh.tsv  [v=2, n=14]
    ✓ sub-001-0018-JC_ses-02_task-bip_beh.tsv  [v=2, n=14]
    ✓ sub-001-0018-JC_ses-03_task-bip_beh.tsv  [v=1, n=14]
    ✓ sub-001-0018-JC_ses-04_task-bip_beh.tsv  [v=1, n=14]
📂 sub-001-0020-RN  (3_TESTS_LANGAGIERS/001-0020-RN.xlsx)
  ⏳ 'AS verbale' → task-asverbale
  📋 'AS verbale': 4 bloc(s) détecté(s)
    ✓ sub-001-0020-RN_ses-01_task-asverbale_beh.tsv  [v=2, n=26]
    ✓ sub-001-0020-RN_ses-02_task-asverbale_beh.tsv  [v=2, n=26]
    ✓ sub-001-0020-RN_ses-03_task-asverbale_beh.tsv  [v=1, n=26]
    ✓ sub-001-0020-RN_ses-04_task-asverbale_beh.tsv  [v=1, n=26]
  ⏳ 'AS visuelle' → task-asvisuelle
  📋 'AS visuelle': 4 bloc(s) détecté(s)
    ✓ sub-001-0020-RN_ses-01_task-asvisuelle_beh.tsv  [v=2, n=26]
    ✓ sub-001-0020-RN_ses-02_task-asvisuelle_beh.tsv  [v=2, n=26]
    ✓ sub-001-0020-RN_ses-03_task-asvisuelle_beh.tsv  [v=1, n=26]
    ✓ sub-001-0020-RN_ses-04_task-asvisuelle_beh.tsv  [v=1, n=26]
  ⏳ 'EXE verb.' → task-exeverb
  📋 'EXE verb.': 4 bloc(s) détecté(s)
    ✓ sub-001-0020-RN_ses-01_task-exeverb_beh.tsv  [v=2, n=26]
    ✓ sub-001-0020-RN_ses-02_task-exeverb_beh.tsv  [v=2, n=26]
    ✓ sub-001-0020-RN_ses-03_task-exeverb_beh.tsv  [v=1, n=26]
    ✓ sub-001-0020-RN_ses-04_task-exeverb_beh.tsv  [v=1, n=26]
  ⏳ 'EXE visu.' → task-exevisu
  📋 'EXE visu.': 4 bloc(s) détecté(s)
    ✓ sub-001-0020-RN_ses-01_task-exevisu_beh.tsv  [v=2, n=26]
    ✓ sub-001-0020-RN_ses-02_task-exevisu_beh.tsv  [v=2, n=26]
    ✓ sub-001-0020-RN_ses-03_task-exevisu_beh.tsv  [v=1, n=26]
    ✓ sub-001-0020-RN_ses-04_task-exevisu_beh.tsv  [v=1, n=26]
  ⏳ 'FLUENCE cat.' → task-fluencecat
  📋 'FLUENCE cat.': 4 bloc(s) détecté(s)
    ✓ sub-001-0020-RN_ses-01_task-fluencecat_beh.tsv  [v=2, n=9]
    ✓ sub-001-0020-RN_ses-02_task-fluencecat_beh.tsv  [v=2, n=9]
    ✓ sub-001-0020-RN_ses-03_task-fluencecat_beh.tsv  [v=1, n=9]
    ✓ sub-001-0020-RN_ses-04_task-fluencecat_beh.tsv  [v=1, n=9]
  ⏳ 'FLUENCE verb.' → task-fluenceverb
    ⚠️  bloc 4: colonnes introuvables ['item_text'] → ignoré
         noms détectés : ['PAT001-0020-RN.4', 'Version.4', 'Session.4', 'Trial', 'Satus', 'Stimulus', 'Réponse']
  📋 'FLUENCE verb.': 4 bloc(s) détecté(s)
    ✓ sub-001-0020-RN_ses-01_task-fluenceverb_beh.tsv  [v=2, n=13]
    ✓ sub-001-0020-RN_ses-02_task-fluenceverb_beh.tsv  [v=2, n=13]
    ✓ sub-001-0020-RN_ses-03_task-fluenceverb_beh.tsv  [v=1, n=13]
    ✓ sub-001-0020-RN_ses-04_task-fluenceverb_beh.tsv  [v=1, n=13]
  ⏳ 'DC cat.' → task-dccat
  📋 'DC cat.': 4 bloc(s) détecté(s)
    ✓ sub-001-0020-RN_ses-01_task-dccat_beh.tsv  [v=2, n=40]
    ✓ sub-001-0020-RN_ses-02_task-dccat_beh.tsv  [v=2, n=40]
    ✓ sub-001-0020-RN_ses-03_task-dccat_beh.tsv  [v=1, n=40]
    ⚠️  DOUBLON de session : ses-03 déjà vu au bloc 3 → bloc 4 va écraser le précédent
    ✓ sub-001-0020-RN_ses-03_task-dccat_beh.tsv  [v=1, n=40]
  ⏳ 'DENO' → task-deno
    ⚠️  bloc 0: colonnes introuvables ['accuracy'] → ignoré
         noms détectés : ['PAT001-0020-RN', 'Version', 'Session', 'Trial', 'Status', 'Items', 'Réponse', 'SCORE : bonne réponse', 'Unnamed: 14', 'Unnamed: 15', 'Unnamed: 16', 'Unnamed: 17']
    ⚠️  bloc 1: colonnes introuvables ['accuracy'] → ignoré
         noms détectés : ['PAT001-0020-RN.1', 'Version.1', 'Session.1', 'Trial.1', 'cat', 'repos', 'Réponse.1', 'SCORE : bonne réponse.1']
    ⚠️  bloc 2: colonnes introuvables ['accuracy'] → ignoré
         noms détectés : ['PAT001-0020-RN.2', 'Version.2', 'Session.2', 'Trial.2', 'cat.1', 'repos.1', 'Réponse.2', 'SCORE : bonne réponse.2']
    ⚠️  bloc 3: colonnes introuvables ['accuracy'] → ignoré
         noms détectés : ['PAT001-0020-RN.3', 'Version.3', 'Session.3', 'Trial.3', 'cat.2', 'repos.2', 'Réponse.3', 'Réponse après coup.3', 'SCORE : bonne réponse.3']
  ⚠️  'DENO': aucun bloc valide trouvé
  ⏳ 'LECTURE' → task-lecture
    ⚠️  bloc 0: facultatives absentes ['status', 'api_errors'] → n/a
    ⚠️  bloc 1: colonnes introuvables ['accuracy'] → ignoré
         noms détectés : ['PAT001-0020-RN.1', 'Version.1', 'Session.1', 'Trial.1', 'Satus.1', 'Stimulus.1', 'Réponse.1', 'erreurs API.1']
    ⚠️  bloc 2: colonnes introuvables ['accuracy'] → ignoré
         noms détectés : ['PAT001-0020-RN.2', 'Version.2', 'Session.2', 'Trial.2', 'Satus.2', 'Stimulus.2', 'Réponse.2', 'erreurs API.2']
    ⚠️  bloc 3: colonnes introuvables ['accuracy'] → ignoré
         noms détectés : ['PAT001-0020-RN.3', 'Version.3', 'Session.3', 'Trial.3', 'Satus.3', 'Stimulus.3', 'Réponse.3', 'erreurs API.3']
  📋 'LECTURE': 1 bloc(s) détecté(s)
    ✓ sub-001-0020-RN_ses-01_task-lecture_beh.tsv  [v=2, n=45]
  ⏳ 'BIP' → task-bip
    ⚠️  bloc 0: facultatives absentes ['personnalites_reconnues'] → n/a
    ⚠️  bloc 1: facultatives absentes ['personnalites_reconnues'] → n/a
    ⚠️  bloc 2: facultatives absentes ['personnalites_reconnues'] → n/a
    ⚠️  bloc 3: facultatives absentes ['personnalites_reconnues'] → n/a
  📋 'BIP': 4 bloc(s) détecté(s)
    ✓ sub-001-0020-RN_ses-01_task-bip_beh.tsv  [v=2, n=14]
    ✓ sub-001-0020-RN_ses-02_task-bip_beh.tsv  [v=2, n=14]
    ✓ sub-001-0020-RN_ses-03_task-bip_beh.tsv  [v=1, n=14]
    ⚠️  DOUBLON de session : ses-03 déjà vu au bloc 3 → bloc 4 va écraser le précédent
    ✓ sub-001-0020-RN_ses-03_task-bip_beh.tsv  [v=1, n=14]
📂 sub-001-0021-RP  (3_TESTS_LANGAGIERS/001-0021-RP.xlsx)
  ⏳ 'AS verbale' → task-asverbale
  📋 'AS verbale': 5 bloc(s) détecté(s)
    ✓ sub-001-0021-RP_ses-01_task-asverbale_beh.tsv  [v=2, n=26]
    ✓ sub-001-0021-RP_ses-02_task-asverbale_beh.tsv  [v=2, n=26]
    ✓ sub-001-0021-RP_ses-03_task-asverbale_beh.tsv  [v=1, n=26]
    ✓ sub-001-0021-RP_ses-04_task-asverbale_beh.tsv  [v=1, n=26]
    ✓ sub-001-0021-RP_ses-05_task-asverbale_beh.tsv  [v=1, n=26]
  ⏳ 'AS visuelle' → task-asvisuelle
  📋 'AS visuelle': 5 bloc(s) détecté(s)
    ✓ sub-001-0021-RP_ses-01_task-asvisuelle_beh.tsv  [v=2, n=26]
    ✓ sub-001-0021-RP_ses-02_task-asvisuelle_beh.tsv  [v=2, n=26]
    ✓ sub-001-0021-RP_ses-03_task-asvisuelle_beh.tsv  [v=1, n=26]
    ✓ sub-001-0021-RP_ses-04_task-asvisuelle_beh.tsv  [v=1, n=26]
    ✓ sub-001-0021-RP_ses-05_task-asvisuelle_beh.tsv  [v=1, n=26]
  ⏳ 'EXE verb.' → task-exeverb
  📋 'EXE verb.': 4 bloc(s) détecté(s)
    ✓ sub-001-0021-RP_ses-01_task-exeverb_beh.tsv  [v=2, n=26]
    ✓ sub-001-0021-RP_ses-02_task-exeverb_beh.tsv  [v=2, n=26]
    ✓ sub-001-0021-RP_ses-03_task-exeverb_beh.tsv  [v=1, n=26]
    ✓ sub-001-0021-RP_ses-04_task-exeverb_beh.tsv  [v=1, n=26]
  ⏳ 'EXE visu.' → task-exevisu
  📋 'EXE visu.': 4 bloc(s) détecté(s)
    ✓ sub-001-0021-RP_ses-01_task-exevisu_beh.tsv  [v=2, n=26]
    ✓ sub-001-0021-RP_ses-02_task-exevisu_beh.tsv  [v=2, n=26]
    ✓ sub-001-0021-RP_ses-03_task-exevisu_beh.tsv  [v=1, n=26]
    ✓ sub-001-0021-RP_ses-04_task-exevisu_beh.tsv  [v=1, n=26]
  ⏳ 'FLUENCE cat.' → task-fluencecat
  📋 'FLUENCE cat.': 4 bloc(s) détecté(s)
    ✓ sub-001-0021-RP_ses-01_task-fluencecat_beh.tsv  [v=2, n=16]
    ✓ sub-001-0021-RP_ses-02_task-fluencecat_beh.tsv  [v=2, n=16]
    ✓ sub-001-0021-RP_ses-03_task-fluencecat_beh.tsv  [v=1, n=16]
    ✓ sub-001-0021-RP_ses-04_task-fluencecat_beh.tsv  [v=1, n=16]
  ⏳ 'FLUENCE verb.' → task-fluenceverb
  📋 'FLUENCE verb.': 4 bloc(s) détecté(s)
    ✓ sub-001-0021-RP_ses-01_task-fluenceverb_beh.tsv  [v=2, n=15]
    ✓ sub-001-0021-RP_ses-02_task-fluenceverb_beh.tsv  [v=2, n=15]
    ✓ sub-001-0021-RP_ses-03_task-fluenceverb_beh.tsv  [v=1, n=15]
    ✓ sub-001-0021-RP_ses-04_task-fluenceverb_beh.tsv  [v=1, n=15]
  ⏳ 'DC cat.' → task-dccat
  📋 'DC cat.': 4 bloc(s) détecté(s)
    ✓ sub-001-0021-RP_ses-01_task-dccat_beh.tsv  [v=2, n=40]
    ✓ sub-001-0021-RP_ses-02_task-dccat_beh.tsv  [v=2, n=40]
    ✓ sub-001-0021-RP_ses-03_task-dccat_beh.tsv  [v=1, n=40]
    ⚠️  DOUBLON de session : ses-03 déjà vu au bloc 3 → bloc 4 va écraser le précédent
    ✓ sub-001-0021-RP_ses-03_task-dccat_beh.tsv  [v=1, n=40]
  ⏳ 'DENO' → task-deno
    ⚠️  bloc 0: colonnes introuvables ['accuracy'] → ignoré
         noms détectés : ['PAT001-0021-RP', 'Version', 'Session', 'Trial', 'cat', 'repos', 'Réponse', ' R après coup', 'SCORE : bonne réponse']
    ⚠️  bloc 1: colonnes introuvables ['accuracy'] → ignoré
         noms détectés : ['PAT001-0021-RP.1', 'Version.1', 'Session.1', 'Trial.1', 'cat.1', 'repos.1', 'Réponse.1', ' R après coup.1', 'SCORE : bonne réponse.1']
    ⚠️  bloc 2: colonnes introuvables ['accuracy'] → ignoré
         noms détectés : ['PAT001-0021-RP.2', 'Version.2', 'Session.2', 'Trial.2', 'cat.2', 'Stimulus', 'Réponse.2', ' R après coup.2', 'SCORE : bonne réponse.2']
    ⚠️  bloc 3: colonnes introuvables ['accuracy'] → ignoré
         noms détectés : ['PAT001-0021-RP.3', 'Version.3', 'Session.3', 'Trial.3', 'cat.3', 'Stimulus.1', 'Réponse.3', ' R après coup.3', 'SCORE : bonne réponse.3']
  ⚠️  'DENO': aucun bloc valide trouvé
  ⏳ 'LECTURE' → task-lecture
    ⚠️  bloc 1: colonnes introuvables ['accuracy'] → ignoré
         noms détectés : ['PAT001-0021-RP.1', 'Version.1', 'Session.1', 'Trial.1', 'Status.1', 'Stimulus.1', 'Réponse .1', 'API.1']
    ⚠️  bloc 2: colonnes introuvables ['accuracy'] → ignoré
         noms détectés : ['PAT001-0021-RP.2', 'Version.2', 'Session.2', 'Trial.2', 'Status.2', 'Stimulus.2', 'Réponse .2', 'API.2']
    ⚠️  bloc 3: colonnes introuvables ['accuracy'] → ignoré
         noms détectés : ['PAT001-0021-RP.3', 'Version.3', 'Session.3', 'Trial.3', 'Status.3', 'Stimulus.3', 'Réponse .3', 'API.3']
  📋 'LECTURE': 1 bloc(s) détecté(s)
    ✓ sub-001-0021-RP_ses-01_task-lecture_beh.tsv  [v=2, n=45]
  ⏳ 'BIP' → task-bip
    ⚠️  bloc 0: facultatives absentes ['personnalites_reconnues'] → n/a
    ⚠️  bloc 0: 1 doublon(s) de trial supprimé(s)
    ⚠️  bloc 1: facultatives absentes ['personnalites_reconnues'] → n/a
    ⚠️  bloc 2: facultatives absentes ['personnalites_reconnues'] → n/a
    ⚠️  bloc 3: facultatives absentes ['personnalites_reconnues'] → n/a
  📋 'BIP': 4 bloc(s) détecté(s)
    ✓ sub-001-0021-RP_ses-01_task-bip_beh.tsv  [v=2, n=14]
    ✓ sub-001-0021-RP_ses-02_task-bip_beh.tsv  [v=2, n=14]
    ✓ sub-001-0021-RP_ses-03_task-bip_beh.tsv  [v=1, n=14]
    ✓ sub-001-0021-RP_ses-04_task-bip_beh.tsv  [v=1, n=14]
📂 sub-001-0022-LM  (3_TESTS_LANGAGIERS/01-0024LLM.xlsx)
  ⏳ 'AS verbale' → task-asverbale
    ⚠️  bloc 4: facultatives absentes ['target'] → n/a
  📋 'AS verbale': 5 bloc(s) détecté(s)
    ✓ sub-001-0022-LM_ses-01_task-asverbale_beh.tsv  [v=1, n=26]
    ✓ sub-001-0022-LM_ses-02_task-asverbale_beh.tsv  [v=1, n=26]
    ⚠️  DOUBLON de session : ses-02 déjà vu au bloc 2 → bloc 3 va écraser le précédent
    ✓ sub-001-0022-LM_ses-02_task-asverbale_beh.tsv  [v=2, n=26]
    ✓ sub-001-0022-LM_ses-04_task-asverbale_beh.tsv  [v=2, n=26]
    ✓ sub-001-0022-LM_ses-05_task-asverbale_beh.tsv  [v=1, n=26]
  ⏳ 'AS visuelle' → task-asvisuelle
  📋 'AS visuelle': 5 bloc(s) détecté(s)
    ✓ sub-001-0022-LM_ses-01_task-asvisuelle_beh.tsv  [v=1, n=26]
    ⚠️  DOUBLON de session : ses-01 déjà vu au bloc 1 → bloc 2 va écraser le précédent
    ✓ sub-001-0022-LM_ses-01_task-asvisuelle_beh.tsv  [v=1, n=26]
    ✓ sub-001-0022-LM_ses-03_task-asvisuelle_beh.tsv  [v=2, n=26]
    ⚠️  DOUBLON de session : ses-03 déjà vu au bloc 3 → bloc 4 va écraser le précédent
    ✓ sub-001-0022-LM_ses-03_task-asvisuelle_beh.tsv  [v=2, n=26]
    ✓ sub-001-0022-LM_ses-05_task-asvisuelle_beh.tsv  [v=1, n=26]
  ⏳ 'EXE verb.' → task-exeverb
    ⚠️  bloc 0: 1 ligne(s) récap supprimée(s) (pas de '.tif' dans ['26'])
  📋 'EXE verb.': 4 bloc(s) détecté(s)
    ✓ sub-001-0022-LM_ses-01_task-exeverb_beh.tsv  [v=1, n=26]
    ✓ sub-001-0022-LM_ses-02_task-exeverb_beh.tsv  [v=1, n=26]
    ✓ sub-001-0022-LM_ses-03_task-exeverb_beh.tsv  [v=2, n=26]
    ✓ sub-001-0022-LM_ses-04_task-exeverb_beh.tsv  [v=2, n=26]
  ⏳ 'EXE visu.' → task-exevisu
    ⚠️  bloc 0: 1 ligne(s) récap supprimée(s) (pas de '.tif' dans ['23'])
  📋 'EXE visu.': 4 bloc(s) détecté(s)
    ✓ sub-001-0022-LM_ses-01_task-exevisu_beh.tsv  [v=1, n=26]
    ✓ sub-001-0022-LM_ses-02_task-exevisu_beh.tsv  [v=1, n=26]
    ✓ sub-001-0022-LM_ses-03_task-exevisu_beh.tsv  [v=2, n=26]
    ✓ sub-001-0022-LM_ses-04_task-exevisu_beh.tsv  [v=2, n=26]
  ⏳ 'FLUENCE cat.' → task-fluencecat
    ⚠️  bloc 3: colonnes introuvables ['item_text'] → ignoré
         noms détectés : ['PAT001-0024.3', 'Version.3', 'Session.3', 'Nombre.3', 'Unnamed: 28']
  📋 'FLUENCE cat.': 3 bloc(s) détecté(s)
    ✓ sub-001-0022-LM_ses-01_task-fluencecat_beh.tsv  [v=1, n=10]
    ✓ sub-001-0022-LM_ses-02_task-fluencecat_beh.tsv  [v=1, n=10]
    ✓ sub-001-0022-LM_ses-03_task-fluencecat_beh.tsv  [v=2, n=10]
  ⏳ 'FLUENCE verb.' → task-fluenceverb
  📋 'FLUENCE verb.': 4 bloc(s) détecté(s)
    ✓ sub-001-0022-LM_ses-01_task-fluenceverb_beh.tsv  [v=1, n=17]
    ✓ sub-001-0022-LM_ses-02_task-fluenceverb_beh.tsv  [v=1, n=17]
    ✓ sub-001-0022-LM_ses-03_task-fluenceverb_beh.tsv  [v=2, n=17]
    ✓ sub-001-0022-LM_ses-04_task-fluenceverb_beh.tsv  [v=2, n=17]
  ⏳ 'DC cat.' → task-dccat
    ⚠️  bloc 0: 1 doublon(s) de trial supprimé(s)
  📋 'DC cat.': 4 bloc(s) détecté(s)
    ✓ sub-001-0022-LM_ses-01_task-dccat_beh.tsv  [v=1, n=40]
    ✓ sub-001-0022-LM_ses-02_task-dccat_beh.tsv  [v=1, n=40]
    ✓ sub-001-0022-LM_ses-03_task-dccat_beh.tsv  [v=2, n=40]
    ✓ sub-001-0022-LM_ses-04_task-dccat_beh.tsv  [v=2, n=40]
  ⏳ 'DENO' → task-deno
    ⚠️  bloc 0: colonnes introuvables ['accuracy'] → ignoré
         noms détectés : ['PAT001-0024', 'Version', 'Session', 'Trial', 'Status', 'Stimulus', 'SCORE : bonne réponse']
    ⚠️  bloc 1: colonnes introuvables ['accuracy'] → ignoré
         noms détectés : ['PAT001-0024.1', 'Version.1', 'Session.1', 'Trial.1', 'Status.1', 'Stimulus.1', 'SCORE : bonne réponse.1']
    ⚠️  bloc 2: colonnes introuvables ['accuracy'] → ignoré
         noms détectés : ['PAT001-00', 'Version.2', 'Session.2', 'Trial.2', 'Status.2', 'Stimulus.2', 'SCORE : bonne réponse.2']
    ⚠️  bloc 3: colonnes introuvables ['accuracy'] → ignoré
         noms détectés : ['PAT001-00.1', 'Version.3', 'Session.3', 'Trial.3', 'Status.3', 'Stimulus.3', 'Réponse.3', 'SCORE : bonne réponse.3']
  ⚠️  'DENO': aucun bloc valide trouvé
  ⏳ 'LECTURE' → task-lecture
    ⚠️  bloc 1: colonnes introuvables ['accuracy'] → ignoré
         noms détectés : ['PAT001-0024.1', 'Version.1', 'Session.1', 'Trial.1', 'Status.1', 'Stimulus.1', 'Réponse.1', 'API.1']
    ⚠️  bloc 2: colonnes introuvables ['accuracy'] → ignoré
         noms détectés : ['PAT001-0024.2', 'Version.2', 'Session.2', 'Trial.2', 'Status.2', 'Stimulus.2', 'Réponse.2', 'API.2']
    ⚠️  bloc 3: colonnes introuvables ['accuracy'] → ignoré
         noms détectés : ['PAT001-0024.3', 'Version.3', 'Session.3', 'Trial.3', 'Status.3', 'Stimulus.3', 'Réponse.3', 'API.3', 'Unnamed: 35']
  📋 'LECTURE': 1 bloc(s) détecté(s)
    ✓ sub-001-0022-LM_ses-01_task-lecture_beh.tsv  [v=1, n=45]
  ⏳ 'BIP' → task-bip
    ⚠️  bloc 0: facultatives absentes ['category', 'nom'] → n/a
    ⚠️  bloc 1: facultatives absentes ['category', 'nom'] → n/a
    ⚠️  bloc 2: facultatives absentes ['category', 'nom'] → n/a
    ⚠️  bloc 3: facultatives absentes ['category', 'nom'] → n/a
  📋 'BIP': 4 bloc(s) détecté(s)
    ✓ sub-001-0022-LM_ses-01_task-bip_beh.tsv  [v=1, n=14]
    ✓ sub-001-0022-LM_ses-02_task-bip_beh.tsv  [v=1, n=14]
    ✓ sub-001-0022-LM_ses-03_task-bip_beh.tsv  [v=2, n=14]
    ✓ sub-001-0022-LM_ses-04_task-bip_beh.tsv  [v=2, n=14]
📂 sub-001-0030-GE  (3_TESTS LANGAGIERS/001-0032-EG (3)der.xlsx)
  ⏳ 'AS verbale' → task-asverbale
    ⚠️  bloc 0: 1 ligne(s) récap supprimée(s) (pas de '.bmp' dans ['22'])
    ⚠️  bloc 2: facultatives absentes ['response_time'] → n/a
  📋 'AS verbale': 5 bloc(s) détecté(s)
    ✓ sub-001-0030-GE_ses-01_task-asverbale_beh.tsv  [v=2, n=26]
    ✓ sub-001-0030-GE_ses-02_task-asverbale_beh.tsv  [v=2, n=26]
    ✓ sub-001-0030-GE_ses-03_task-asverbale_beh.tsv  [v=1, n=26]
    ✓ sub-001-0030-GE_ses-04_task-asverbale_beh.tsv  [v=1, n=26]
    ⚠️  DOUBLON de session : ses-04 déjà vu au bloc 4 → bloc 5 va écraser le précédent
    ✓ sub-001-0030-GE_ses-04_task-asverbale_beh.tsv  [v=1, n=26]
  ⏳ 'AS visuelle' → task-asvisuelle
    ⚠️  bloc 0: 1 ligne(s) récap supprimée(s) (pas de '.bmp' dans ['24'])
    ⚠️  bloc 2: colonnes introuvables ['session'] → ignoré
         noms détectés : ['PAT001-0032-EG.2', 'Trial.2', 'Target.2', 'Condition target.1', 'ImageDisplay2.ACC.2']
  📋 'AS visuelle': 4 bloc(s) détecté(s)
    ✓ sub-001-0030-GE_ses-01_task-asvisuelle_beh.tsv  [v=2, n=26]
    ✓ sub-001-0030-GE_ses-02_task-asvisuelle_beh.tsv  [v=2, n=26]
    ✓ sub-001-0030-GE_ses-03_task-asvisuelle_beh.tsv  [v=2, n=26]
    ✓ sub-001-0030-GE_ses-04_task-asvisuelle_beh.tsv  [v=1, n=26]
  ⏳ 'EXE verb.' → task-exeverb
    ⚠️  bloc 2: colonnes introuvables ['session'] → ignoré
         noms détectés : ['PAT001-0032-EG.2', 'Trial.2', 'Target.2', 'ImageDisplay2.ACC.2']
    ⚠️  bloc 3: colonnes introuvables ['session'] → ignoré
         noms détectés : ['PAT001-0032-EG.3', 'Trial.3', 'target', 'ImageDisplay2.ACC.3', 'ImageDisplay2.RT.3']
  📋 'EXE verb.': 3 bloc(s) détecté(s)
    ✓ sub-001-0030-GE_ses-01_task-exeverb_beh.tsv  [v=2, n=26]
    ✓ sub-001-0030-GE_ses-02_task-exeverb_beh.tsv  [v=2, n=26]
    ✓ sub-001-0030-GE_ses-04_task-exeverb_beh.tsv  [v=1, n=26]
  ⏳ 'EXE visu.' → task-exevisu
    ⚠️  bloc 2: colonnes introuvables ['session'] → ignoré
         noms détectés : ['PAT001-0032-EG.2', 'Trial.2', 'Target.2', 'ImageDisplay2.ACC.2']
  📋 'EXE visu.': 4 bloc(s) détecté(s)
    ✓ sub-001-0030-GE_ses-01_task-exevisu_beh.tsv  [v=2, n=26]
    ✓ sub-001-0030-GE_ses-02_task-exevisu_beh.tsv  [v=2, n=26]
    ✓ sub-001-0030-GE_ses-03_task-exevisu_beh.tsv  [v=1, n=26]
    ✓ sub-001-0030-GE_ses-04_task-exevisu_beh.tsv  [v=1, n=26]
  ⏳ 'FLUENCE cat.' → task-fluencecat
  📋 'FLUENCE cat.': 5 bloc(s) détecté(s)
    ✓ sub-001-0030-GE_ses-01_task-fluencecat_beh.tsv  [v=2, n=11]
    ✓ sub-001-0030-GE_ses-02_task-fluencecat_beh.tsv  [v=1, n=11]
    ✓ sub-001-0030-GE_ses-03_task-fluencecat_beh.tsv  [v=2, n=11]
    ⚠️  DOUBLON de session : ses-03 déjà vu au bloc 3 → bloc 4 va écraser le précédent
    ✓ sub-001-0030-GE_ses-03_task-fluencecat_beh.tsv  [v=1, n=11]
    ✓ sub-001-0030-GE_ses-04_task-fluencecat_beh.tsv  [v=1, n=11]
  ⏳ 'FLUENCE verb.' → task-fluenceverb
  📋 'FLUENCE verb.': 5 bloc(s) détecté(s)
    ✓ sub-001-0030-GE_ses-01_task-fluenceverb_beh.tsv  [v=2, n=18]
    ✓ sub-001-0030-GE_ses-02_task-fluenceverb_beh.tsv  [v=1, n=18]
    ✓ sub-001-0030-GE_ses-03_task-fluenceverb_beh.tsv  [v=2, n=18]
    ⚠️  DOUBLON de session : ses-03 déjà vu au bloc 3 → bloc 4 va écraser le précédent
    ✓ sub-001-0030-GE_ses-03_task-fluenceverb_beh.tsv  [v=1, n=18]
    ✓ sub-001-0030-GE_ses-04_task-fluenceverb_beh.tsv  [v=1, n=18]
  ⏳ 'DC cat.' → task-dccat
    ⚠️  bloc 0: 1 doublon(s) de trial supprimé(s)
    ⚠️  bloc 2: facultatives absentes ['response_time'] → n/a
  📋 'DC cat.': 5 bloc(s) détecté(s)
    ✓ sub-001-0030-GE_ses-01_task-dccat_beh.tsv  [v=2, n=40]
    ✓ sub-001-0030-GE_ses-02_task-dccat_beh.tsv  [v=2, n=40]
    ✓ sub-001-0030-GE_ses-03_task-dccat_beh.tsv  [v=2, n=40]
    ⚠️  DOUBLON de session : ses-03 déjà vu au bloc 3 → bloc 4 va écraser le précédent
    ✓ sub-001-0030-GE_ses-03_task-dccat_beh.tsv  [v=1, n=40]
    ⚠️  DOUBLON de session : ses-03 déjà vu au bloc 4 → bloc 5 va écraser le précédent
    ✓ sub-001-0030-GE_ses-03_task-dccat_beh.tsv  [v=1, n=40]
  ⏳ 'DENO' → task-deno
    ⚠️  bloc 0: facultatives absentes ['response_time'] → n/a
    ⚠️  bloc 0: 1 ligne(s) récap supprimée(s) (pas de '.bmp' dans ['24'])
    ⚠️  bloc 1: colonnes introuvables ['accuracy'] → ignoré
         noms détectés : ['PAT001-0032-EG.1', 'Version.1', 'Session.1', 'Trial.1', 'Status.1', 'Stimulus.1', 'Réponse.1', 'SCORE : bonne réponse.1']
    ⚠️  bloc 2: colonnes introuvables ['accuracy'] → ignoré
         noms détectés : ['PAT001-0032-EG.2', 'Version.2', 'Session.2', 'Trial.2', 'Status.2', 'Stimulus.2', 'Réponse.2', 'SCORE : bonne réponse.2']
    ⚠️  bloc 3: colonnes introuvables ['accuracy'] → ignoré
         noms détectés : ['PAT001-0032-EG.3', 'Version.3', 'Session.3', 'Trial.3', 'Status.3', 'Stimulus.3', 'Réponse.3', 'SCORE : bonne réponse.3']
    ⚠️  bloc 4: colonnes introuvables ['accuracy'] → ignoré
         noms détectés : ['PAT001-0032-EG.4', 'Version.4', 'Session.4', 'Trial.4', 'Status.4', 'Stimulus.4', 'Réponse.4', ' R après coup.3', 'SCORE : bonne réponse.4']
  📋 'DENO': 1 bloc(s) détecté(s)
    ✓ sub-001-0030-GE_ses-01_task-deno_beh.tsv  [v=2, n=40]
  ⏳ 'LECTURE' → task-lecture
    ⚠️  bloc 0: facultatives absentes ['api_errors'] → n/a
    ⚠️  bloc 0: 1 doublon(s) de trial supprimé(s)
    ⚠️  bloc 1: colonnes introuvables ['accuracy'] → ignoré
         noms détectés : ['PAT001-0032-EG.1', 'Version.1', 'Session.1', 'Trial.1', 'Status.1', 'Text', 'Réponse.1', 'API']
    ⚠️  bloc 2: colonnes introuvables ['accuracy'] → ignoré
         noms détectés : ['PAT001-0032-EG.2', 'Version.2', 'Session.2', 'Trial.2', 'Text.1', 'Status.2', 'Réponse.2', 'API ']
    ⚠️  bloc 3: colonnes introuvables ['accuracy'] → ignoré
         noms détectés : ['PAT001-0032-EG.3', 'Version.3', 'Session.3', 'Trial.3', 'Status.3', 'Text.2', 'Réponse.3', 'API.1']
    ⚠️  bloc 4: colonnes introuvables ['accuracy'] → ignoré
         noms détectés : ['PAT001-0032-EG.4', 'Version.4', 'Session.4', 'Trial.4', 'satus', 'Text.3', 'Réponse.4', 'API.2']
  📋 'LECTURE': 1 bloc(s) détecté(s)
    ✓ sub-001-0030-GE_ses-01_task-lecture_beh.tsv  [v=2, n=44]
  ⏳ 'BIP' → task-bip
    ⚠️  bloc 0: facultatives absentes ['category'] → n/a
    ⚠️  bloc 0: 1 doublon(s) de trial supprimé(s)
    ⚠️  bloc 1: facultatives absentes ['category', 'personnalites_reconnues'] → n/a
    ⚠️  bloc 2: facultatives absentes ['category'] → n/a
    ⚠️  bloc 3: facultatives absentes ['category', 'personnalites_reconnues'] → n/a
    ⚠️  bloc 4: facultatives absentes ['category'] → n/a
  📋 'BIP': 5 bloc(s) détecté(s)
    ✓ sub-001-0030-GE_ses-01_task-bip_beh.tsv  [v=2, n=14]
    ✓ sub-001-0030-GE_ses-02_task-bip_beh.tsv  [v=1, n=14]
    ✓ sub-001-0030-GE_ses-03_task-bip_beh.tsv  [v=2, n=14]
    ⚠️  DOUBLON de session : ses-03 déjà vu au bloc 3 → bloc 4 va écraser le précédent
    ✓ sub-001-0030-GE_ses-03_task-bip_beh.tsv  [v=1, n=14]
    ⚠️  DOUBLON de session : ses-03 déjà vu au bloc 4 → bloc 5 va écraser le précédent
    ✓ sub-001-0030-GE_ses-03_task-bip_beh.tsv  [v=1, n=14]
📂 sub-001-0031-GS  (3_TESTS_LANGAGIERS/001-0033-GS.xlsx)
  ⏭️  'AS verbale' absente
  ⏭️  'AS visuelle' absente
  ⏭️  'EXE verb.' absente
  ⏭️  'EXE visu.' absente
  ⏭️  'FLUENCE cat.' absente
  ⏭️  'FLUENCE verb.' absente
  ⏭️  'DC cat.' absente
  ⏳ 'DENO' → task-deno
    ⚠️  bloc 0: colonnes introuvables ['accuracy'] → ignoré
         noms détectés : ['PAT001-0033-GS', 'Version', 'Session', 'Trial', 'Status', 'Stimulus', 'Réponse', 'Réponse après coup', 'SCORE : bonne réponse']
    ⚠️  bloc 1: colonnes introuvables ['accuracy'] → ignoré
         noms détectés : ['PAT001-0033-GS.1', 'Version.1', 'Session.1', 'Trial.1', 'Status.1', 'Stimulus.1', 'Réponse.1', 'SCORE : bonne réponse.1']
    ⚠️  bloc 2: colonnes introuvables ['accuracy'] → ignoré
         noms détectés : ['PAT001-0033-GS.2', 'Version.2', 'Session.2', 'Trial.2', 'Stimulus.2', 'Réponse.2', 'SCORE : bonne réponse.2']
    ⚠️  bloc 3: colonnes introuvables ['accuracy'] → ignoré
         noms détectés : ['PAT001-0033-GS.3', 'Version.3', 'Session.3', 'Trial.3', 'Status.3', 'Stimulus.3', 'Réponse.3', ' R après coup.2', 'SCORE : bonne réponse.3']
    ⚠️  bloc 4: colonnes introuvables ['accuracy'] → ignoré
         noms détectés : ['PAT001-0033-GS.4', 'Version.4', 'Session.4', 'Trial.4', 'Status.4', 'Stimulus.4', 'Réponse.4', ' R après coup.3', 'SCORE : bonne réponse.4']
  ⚠️  'DENO': aucun bloc valide trouvé
  ⏭️  'LECTURE' absente
  ⏳ 'BIP' → task-bip
    ⚠️  bloc 0: facultatives absentes ['category'] → n/a
    ⚠️  bloc 0: 1 doublon(s) de trial supprimé(s)
    ⚠️  bloc 1: colonnes introuvables ['accuracy'] → ignoré
         noms détectés : ['PAT001-0033-GS.1', 'Version.1', 'Session.1', 'Trial.1', 'Profession.1', 'Nom.1', 'Personnalités reconnues.1']
    ⚠️  bloc 2: colonnes introuvables ['session'] → ignoré
         noms détectés : ['PAT001-0033-GS.2', 'Trial.2', 'Profession.2', 'Nom.2', 'Personnalités reconnues.2', 'BIP.ACC.2']
    ⚠️  bloc 3: colonnes introuvables ['trial'] → ignoré
         noms détectés : ['PAT001-0033-GS.3', 'Version.3', 'Session.3', 'Block', 'Profession.3', 'Name', 'BIP.ACC.3']
  📋 'BIP': 2 bloc(s) détecté(s)
    ✓ sub-001-0031-GS_ses-01_task-bip_beh.tsv  [v=1, n=14]
    ✓ sub-001-0031-GS_ses-04_task-bip_beh.tsv  [v=2, n=14]
  ⚠️  Pas de correspondance eCRF pour '0X-00X-Initiale' (norm='0x00xinitiale') → ignoré
📂 sub-001-0032-HB  (3_TESTS_LANGAGIERS/001-0034-HB.xlsx)
  ⏳ 'AS verbale' → task-asverbale
    ⚠️  bloc 2: facultatives absentes ['target'] → n/a
    ⚠️  bloc 3: facultatives absentes ['target'] → n/a
    ⚠️  bloc 5: facultatives absentes ['target'] → n/a
    ⚠️  bloc 6: facultatives absentes ['target'] → n/a
  📋 'AS verbale': 7 bloc(s) détecté(s)
    ✓ sub-001-0032-HB_ses-01_task-asverbale_beh.tsv  [v=2, n=26]
    ✓ sub-001-0032-HB_ses-02_task-asverbale_beh.tsv  [v=2, n=26]
    ✓ sub-001-0032-HB_ses-03_task-asverbale_beh.tsv  [v=1, n=26]
    ⚠️  DOUBLON de session : ses-03 déjà vu au bloc 3 → bloc 4 va écraser le précédent
    ✓ sub-001-0032-HB_ses-03_task-asverbale_beh.tsv  [v=1, n=26]
    ✓ sub-001-0032-HB_ses-05_task-asverbale_beh.tsv  [v=1, n=26]
    ✓ sub-001-0032-HB_ses-06_task-asverbale_beh.tsv  [v=1, n=26]
    ⚠️  DOUBLON de session : ses-06 déjà vu au bloc 6 → bloc 7 va écraser le précédent
    ✓ sub-001-0032-HB_ses-06_task-asverbale_beh.tsv  [v=2, n=26]
  ⏳ 'AS visuelle' → task-asvisuelle
    ⚠️  bloc 0: 1 ligne(s) récap supprimée(s) (pas de '.bmp' dans ['21'])
    ⚠️  bloc 5: facultatives absentes ['target'] → n/a
    ⚠️  bloc 6: facultatives absentes ['target'] → n/a
  📋 'AS visuelle': 7 bloc(s) détecté(s)
    ✓ sub-001-0032-HB_ses-01_task-asvisuelle_beh.tsv  [v=2, n=26]
    ✓ sub-001-0032-HB_ses-02_task-asvisuelle_beh.tsv  [v=2, n=26]
    ✓ sub-001-0032-HB_ses-03_task-asvisuelle_beh.tsv  [v=1, n=26]
    ✓ sub-001-0032-HB_ses-04_task-asvisuelle_beh.tsv  [v=1, n=26]
    ✓ sub-001-0032-HB_ses-05_task-asvisuelle_beh.tsv  [v=1, n=26]
    ⚠️  DOUBLON de session : ses-05 déjà vu au bloc 5 → bloc 6 va écraser le précédent
    ✓ sub-001-0032-HB_ses-05_task-asvisuelle_beh.tsv  [v=1, n=26]
    ⚠️  DOUBLON de session : ses-05 déjà vu au bloc 6 → bloc 7 va écraser le précédent
    ✓ sub-001-0032-HB_ses-05_task-asvisuelle_beh.tsv  [v=2, n=26]
  ⏳ 'EXE verb.' → task-exeverb
    ⚠️  bloc 1: 1 ligne(s) récap supprimée(s) (pas de '.tif' dans ['25'])
  📋 'EXE verb.': 5 bloc(s) détecté(s)
    ✓ sub-001-0032-HB_ses-01_task-exeverb_beh.tsv  [v=2, n=26]
    ⚠️  DOUBLON de session : ses-01 déjà vu au bloc 1 → bloc 2 va écraser le précédent
    ✓ sub-001-0032-HB_ses-01_task-exeverb_beh.tsv  [v=1, n=26]
    ✓ sub-001-0032-HB_ses-02_task-exeverb_beh.tsv  [v=2, n=26]
    ✓ sub-001-0032-HB_ses-03_task-exeverb_beh.tsv  [v=1, n=26]
    ✓ sub-001-0032-HB_ses-04_task-exeverb_beh.tsv  [v=1, n=26]
  ⏳ 'EXE visu.' → task-exevisu
    ⚠️  bloc 0: 1 ligne(s) récap supprimée(s) (pas de '.tif' dans ['25'])
  📋 'EXE visu.': 4 bloc(s) détecté(s)
    ✓ sub-001-0032-HB_ses-01_task-exevisu_beh.tsv  [v=2, n=26]
    ✓ sub-001-0032-HB_ses-02_task-exevisu_beh.tsv  [v=2, n=26]
    ✓ sub-001-0032-HB_ses-03_task-exevisu_beh.tsv  [v=1, n=26]
    ✓ sub-001-0032-HB_ses-04_task-exevisu_beh.tsv  [v=1, n=26]
  ⏳ 'FLUENCE cat.' → task-fluencecat
  📋 'FLUENCE cat.': 4 bloc(s) détecté(s)
    ✓ sub-001-0032-HB_ses-01_task-fluencecat_beh.tsv  [v=2, n=13]
    ✓ sub-001-0032-HB_ses-02_task-fluencecat_beh.tsv  [v=2, n=13]
    ⚠️  DOUBLON de session : ses-02 déjà vu au bloc 2 → bloc 3 va écraser le précédent
    ✓ sub-001-0032-HB_ses-02_task-fluencecat_beh.tsv  [v=1, n=13]
    ✓ sub-001-0032-HB_ses-04_task-fluencecat_beh.tsv  [v=1, n=13]
  ⏳ 'FLUENCE verb.' → task-fluenceverb
  📋 'FLUENCE verb.': 4 bloc(s) détecté(s)
    ✓ sub-001-0032-HB_ses-01_task-fluenceverb_beh.tsv  [v=2, n=16]
    ✓ sub-001-0032-HB_ses-02_task-fluenceverb_beh.tsv  [v=2, n=16]
    ✓ sub-001-0032-HB_ses-03_task-fluenceverb_beh.tsv  [v=1, n=16]
    ✓ sub-001-0032-HB_ses-04_task-fluenceverb_beh.tsv  [v=1, n=16]
  ⏳ 'DC cat.' → task-dccat
    ⚠️  bloc 0: 1 doublon(s) de trial supprimé(s)
  📋 'DC cat.': 4 bloc(s) détecté(s)
    ✓ sub-001-0032-HB_ses-01_task-dccat_beh.tsv  [v=2, n=40]
    ✓ sub-001-0032-HB_ses-02_task-dccat_beh.tsv  [v=2, n=40]
    ✓ sub-001-0032-HB_ses-03_task-dccat_beh.tsv  [v=1, n=40]
    ✓ sub-001-0032-HB_ses-04_task-dccat_beh.tsv  [v=1, n=40]
  ⏳ 'DENO' → task-deno
    ⚠️  bloc 0: colonnes introuvables ['accuracy'] → ignoré
         noms détectés : ['PAT001-0034-HB', 'Version', 'Session', 'Trial', 'status', 'stimulus', 'Réponse', 'SCORE : bonne réponse']
    ⚠️  bloc 1: colonnes introuvables ['accuracy'] → ignoré
         noms détectés : ['PAT001-0034-HB.1', 'Version.1', 'Session.1', 'Trial.1', 'Status', 'stimulus.1', 'Réponse.1', 'SCORE : bonne réponse.1']
    ⚠️  bloc 2: colonnes introuvables ['accuracy'] → ignoré
         noms détectés : ['PAT001-0034-HB.2', 'Version.2', 'Session.2', 'Trial.2', 'Status.1', 'stimulus.2', 'Réponse.2', 'Réponse après coup.2', 'SCORE : bonne réponse.2']
    ⚠️  bloc 3: colonnes introuvables ['accuracy'] → ignoré
         noms détectés : ['PAT001-0034-HB.3', 'Version.3', 'Session.3', 'Trial.3', 'Status.2', 'Stimulus', 'Réponse.3', 'SCORE : bonne réponse.3']
  ⚠️  'DENO': aucun bloc valide trouvé
  ⏳ 'LECTURE' → task-lecture
    ⚠️  bloc 1: colonnes introuvables ['accuracy'] → ignoré
         noms détectés : ['PAT001-0034-HB.1', 'Version.1', 'Session.1', 'Trial.1', 'Status.1', 'Stimulus.1', 'Réponse.1', 'API.1']
    ⚠️  bloc 2: colonnes introuvables ['accuracy'] → ignoré
         noms détectés : ['PAT001-0034-HB.2', 'Version.2', 'Session.2', 'Trial.2', 'Status.2', 'Stimulus.2', 'Réponse.2', 'API.2', 'Unnamed: 26']
    ⚠️  bloc 3: colonnes introuvables ['accuracy'] → ignoré
         noms détectés : ['PAT001-0034-HB.3', 'Version.3', 'Session.3', 'Trial.3', 'satus', 'Text', 'Réponse.3', 'API.3']
  📋 'LECTURE': 1 bloc(s) détecté(s)
    ✓ sub-001-0032-HB_ses-01_task-lecture_beh.tsv  [v=2, n=45]
  ⏳ 'BIP' → task-bip
    ⚠️  bloc 0: facultatives absentes ['category'] → n/a
    ⚠️  bloc 0: 1 doublon(s) de trial supprimé(s)
    ⚠️  bloc 1: facultatives absentes ['personnalites_reconnues'] → n/a
    ⚠️  bloc 2: facultatives absentes ['personnalites_reconnues'] → n/a
    ⚠️  bloc 3: facultatives absentes ['personnalites_reconnues'] → n/a
  📋 'BIP': 4 bloc(s) détecté(s)
    ✓ sub-001-0032-HB_ses-01_task-bip_beh.tsv  [v=2, n=14]
    ✓ sub-001-0032-HB_ses-02_task-bip_beh.tsv  [v=2, n=14]
    ✓ sub-001-0032-HB_ses-03_task-bip_beh.tsv  [v=1, n=14]
    ✓ sub-001-0032-HB_ses-04_task-bip_beh.tsv  [v=1, n=14]
📂 sub-001-0033-PM  (3_TESTS_LANGAGIERS/001-0035-PM.xlsx)
  ⏳ 'AS verbale' → task-asverbale
    ⚠️  bloc 0: 1 ligne(s) récap supprimée(s) (pas de '.bmp' dans ['18'])
  📋 'AS verbale': 4 bloc(s) détecté(s)
    ✓ sub-001-0033-PM_ses-01_task-asverbale_beh.tsv  [v=2, n=26]
    ✓ sub-001-0033-PM_ses-02_task-asverbale_beh.tsv  [v=2, n=26]
    ✓ sub-001-0033-PM_ses-03_task-asverbale_beh.tsv  [v=1, n=26]
    ✓ sub-001-0033-PM_ses-04_task-asverbale_beh.tsv  [v=1, n=26]
  ⏳ 'AS visuelle' → task-asvisuelle
    ⚠️  bloc 0: 1 ligne(s) récap supprimée(s) (pas de '.bmp' dans ['23'])
  📋 'AS visuelle': 4 bloc(s) détecté(s)
    ✓ sub-001-0033-PM_ses-01_task-asvisuelle_beh.tsv  [v=2, n=26]
    ✓ sub-001-0033-PM_ses-02_task-asvisuelle_beh.tsv  [v=2, n=26]
    ✓ sub-001-0033-PM_ses-03_task-asvisuelle_beh.tsv  [v=1, n=26]
    ✓ sub-001-0033-PM_ses-04_task-asvisuelle_beh.tsv  [v=1, n=26]
  ⏳ 'EXE verb.' → task-exeverb
    ⚠️  bloc 0: 1 ligne(s) récap supprimée(s) (pas de '.tif' dans ['26'])
  📋 'EXE verb.': 4 bloc(s) détecté(s)
    ✓ sub-001-0033-PM_ses-01_task-exeverb_beh.tsv  [v=2, n=26]
    ✓ sub-001-0033-PM_ses-02_task-exeverb_beh.tsv  [v=2, n=26]
    ✓ sub-001-0033-PM_ses-03_task-exeverb_beh.tsv  [v=1, n=26]
    ✓ sub-001-0033-PM_ses-04_task-exeverb_beh.tsv  [v=1, n=26]
  ⏳ 'EXE visu.' → task-exevisu
    ⚠️  bloc 0: 1 ligne(s) récap supprimée(s) (pas de '.tif' dans ['21'])
  📋 'EXE visu.': 4 bloc(s) détecté(s)
    ✓ sub-001-0033-PM_ses-01_task-exevisu_beh.tsv  [v=2, n=26]
    ✓ sub-001-0033-PM_ses-02_task-exevisu_beh.tsv  [v=2, n=26]
    ✓ sub-001-0033-PM_ses-03_task-exevisu_beh.tsv  [v=1, n=26]
    ✓ sub-001-0033-PM_ses-04_task-exevisu_beh.tsv  [v=1, n=26]
  ⏳ 'FLUENCE cat.' → task-fluencecat
  📋 'FLUENCE cat.': 4 bloc(s) détecté(s)
    ✓ sub-001-0033-PM_ses-01_task-fluencecat_beh.tsv  [v=2, n=21]
    ✓ sub-001-0033-PM_ses-02_task-fluencecat_beh.tsv  [v=2, n=21]
    ✓ sub-001-0033-PM_ses-03_task-fluencecat_beh.tsv  [v=1, n=21]
    ✓ sub-001-0033-PM_ses-04_task-fluencecat_beh.tsv  [v=1, n=21]
  ⏳ 'FLUENCE verb.' → task-fluenceverb
  📋 'FLUENCE verb.': 4 bloc(s) détecté(s)
    ✓ sub-001-0033-PM_ses-01_task-fluenceverb_beh.tsv  [v=2, n=23]
    ✓ sub-001-0033-PM_ses-02_task-fluenceverb_beh.tsv  [v=2, n=23]
    ✓ sub-001-0033-PM_ses-03_task-fluenceverb_beh.tsv  [v=1, n=23]
    ✓ sub-001-0033-PM_ses-04_task-fluenceverb_beh.tsv  [v=1, n=23]
  ⏳ 'DC cat.' → task-dccat
    ⚠️  bloc 0: 1 doublon(s) de trial supprimé(s)
  📋 'DC cat.': 4 bloc(s) détecté(s)
    ✓ sub-001-0033-PM_ses-01_task-dccat_beh.tsv  [v=2, n=40]
    ✓ sub-001-0033-PM_ses-02_task-dccat_beh.tsv  [v=2, n=40]
    ✓ sub-001-0033-PM_ses-03_task-dccat_beh.tsv  [v=1, n=40]
    ✓ sub-001-0033-PM_ses-04_task-dccat_beh.tsv  [v=1, n=40]
  ⏳ 'DENO' → task-deno
    ⚠️  bloc 0: colonnes introuvables ['accuracy'] → ignoré
         noms détectés : ['PAT001-0035-PM', 'Version', 'Session', 'Trial', 'cat', 'Stimulus', 'Réponse', 'SCORE : bonne réponse']
    ⚠️  bloc 1: colonnes introuvables ['accuracy'] → ignoré
         noms détectés : ['PAT001-0035-PM.1', 'Version.1', 'Session.1', 'Trial.1', 'cat.1', 'repos', 'Réponse.1', 'Réponse après coup.1', 'SCORE : bonne réponse.1']
    ⚠️  bloc 2: colonnes introuvables ['accuracy'] → ignoré
         noms détectés : ['PAT001-0035-PM.2', 'Version.2', 'Session.2', 'Trial.2', 'cat.2', 'repos.1', 'Réponse.2', 'SCORE : bonne réponse.2']
    ⚠️  bloc 3: colonnes introuvables ['accuracy'] → ignoré
         noms détectés : ['PAT001-0035-PM.3', 'Version.3', 'Session.3', 'Trial.3', 'cat.3', 'repos.2', 'Réponse.3', 'Réponse après coup.3', 'SCORE : bonne réponse.3']
  ⚠️  'DENO': aucun bloc valide trouvé
  ⏳ 'LECTURE' → task-lecture
    ⚠️  bloc 0: facultatives absentes ['stimulus', 'api_errors'] → n/a
    ⚠️  bloc 0: 1 doublon(s) de trial supprimé(s)
    ⚠️  bloc 1: colonnes introuvables ['accuracy'] → ignoré
         noms détectés : ['PAT001-0035-PM.1', 'Version.1', 'Session.1', 'Trial.1', 'Text.1', 'status.1', 'Réponse.1', 'Erreur.1']
    ⚠️  bloc 2: colonnes introuvables ['accuracy'] → ignoré
         noms détectés : ['PAT001-0035-PM.2', 'Version.2', 'Session.2', 'Trial.2', 'Text.2', 'satus', 'Réponse.2', 'Erreur.2']
    ⚠️  bloc 3: colonnes introuvables ['accuracy'] → ignoré
         noms détectés : ['PAT001-0035-PM.3', 'Version.3', 'Session.3', 'Trial.3', 'Text.3', 'satus.1', 'Réponse.3', 'Erreur.3']
  📋 'LECTURE': 1 bloc(s) détecté(s)
    ✓ sub-001-0033-PM_ses-01_task-lecture_beh.tsv  [v=2, n=45]
  ⏳ 'BIP' → task-bip
    ⚠️  bloc 0: colonnes introuvables ['trial'] → ignoré
         noms détectés : ['PAT001-0035-PM', 'Version', 'Session', 'Block', 'Category', 'Name', 'BIP.ACC']
    ⚠️  bloc 1: colonnes introuvables ['trial'] → ignoré
         noms détectés : ['PAT001-0035-PM.1', 'Version.1', 'Session.1', 'Block.1', 'Category.1', 'Name.1', 'BIP.ACC.1']
    ⚠️  bloc 2: colonnes introuvables ['trial'] → ignoré
         noms détectés : ['PAT001-0035-PM.2', 'Version.2', 'Session.2', 'Block.2', 'Category.2', 'Name.2', 'BIP.ACC.2']
    ⚠️  bloc 3: colonnes introuvables ['trial'] → ignoré
         noms détectés : ['PAT001-0035-PM.3', 'Version.3', 'Session.3', 'Block.3', 'Category.3', 'Name.3', 'BIP.ACC.3']
  ⚠️  'BIP': aucun bloc valide trouvé
📂 sub-001-0035-LC  (3_TESTS_LANGAGIERS/001-0036-LC.xlsx)
  ⏳ 'AS verbale' → task-asverbale
  📋 'AS verbale': 4 bloc(s) détecté(s)
    ✓ sub-001-0035-LC_ses-01_task-asverbale_beh.tsv  [v=1, n=26]
    ✓ sub-001-0035-LC_ses-02_task-asverbale_beh.tsv  [v=1, n=26]
    ✓ sub-001-0035-LC_ses-03_task-asverbale_beh.tsv  [v=2, n=26]
    ✓ sub-001-0035-LC_ses-04_task-asverbale_beh.tsv  [v=2, n=26]
  ⏳ 'AS visuelle' → task-asvisuelle
    ⚠️  bloc 0: 1 ligne(s) récap supprimée(s) (pas de '.bmp' dans ['24'])
  📋 'AS visuelle': 4 bloc(s) détecté(s)
    ✓ sub-001-0035-LC_ses-01_task-asvisuelle_beh.tsv  [v=1, n=26]
    ✓ sub-001-0035-LC_ses-02_task-asvisuelle_beh.tsv  [v=1, n=26]
    ✓ sub-001-0035-LC_ses-03_task-asvisuelle_beh.tsv  [v=2, n=26]
    ✓ sub-001-0035-LC_ses-04_task-asvisuelle_beh.tsv  [v=2, n=26]
  ⏳ 'EXE verb.' → task-exeverb
    ⚠️  bloc 0: 1 ligne(s) récap supprimée(s) (pas de '.tif' dans ['25'])
  📋 'EXE verb.': 4 bloc(s) détecté(s)
    ✓ sub-001-0035-LC_ses-01_task-exeverb_beh.tsv  [v=1, n=26]
    ✓ sub-001-0035-LC_ses-02_task-exeverb_beh.tsv  [v=1, n=26]
    ✓ sub-001-0035-LC_ses-03_task-exeverb_beh.tsv  [v=2, n=26]
    ✓ sub-001-0035-LC_ses-04_task-exeverb_beh.tsv  [v=2, n=26]
  ⏳ 'EXE visu.' → task-exevisu
    ⚠️  bloc 0: 1 ligne(s) récap supprimée(s) (pas de '.tif' dans ['26'])
  📋 'EXE visu.': 4 bloc(s) détecté(s)
    ✓ sub-001-0035-LC_ses-01_task-exevisu_beh.tsv  [v=1, n=26]
    ✓ sub-001-0035-LC_ses-02_task-exevisu_beh.tsv  [v=1, n=26]
    ✓ sub-001-0035-LC_ses-03_task-exevisu_beh.tsv  [v=2, n=26]
    ✓ sub-001-0035-LC_ses-04_task-exevisu_beh.tsv  [v=2, n=26]
  ⏳ 'FLUENCE cat.' → task-fluencecat
    ⚠️  bloc 3: colonnes introuvables ['item_text'] → ignoré
         noms détectés : ['PAT001-0036-LC.3', 'Version.3', 'Session.3', 'n°.1', 'Unnamed: 27', 'Nombre.3']
  📋 'FLUENCE cat.': 3 bloc(s) détecté(s)
    ✓ sub-001-0035-LC_ses-01_task-fluencecat_beh.tsv  [v=1, n=19]
    ✓ sub-001-0035-LC_ses-02_task-fluencecat_beh.tsv  [v=1, n=19]
    ✓ sub-001-0035-LC_ses-03_task-fluencecat_beh.tsv  [v=2, n=19]
  ⏳ 'FLUENCE verb.' → task-fluenceverb
  📋 'FLUENCE verb.': 4 bloc(s) détecté(s)
    ✓ sub-001-0035-LC_ses-01_task-fluenceverb_beh.tsv  [v=1, n=21]
    ✓ sub-001-0035-LC_ses-02_task-fluenceverb_beh.tsv  [v=1, n=21]
    ✓ sub-001-0035-LC_ses-03_task-fluenceverb_beh.tsv  [v=2, n=21]
    ✓ sub-001-0035-LC_ses-04_task-fluenceverb_beh.tsv  [v=2, n=21]
  ⏳ 'DC cat.' → task-dccat
    ⚠️  bloc 0: 1 doublon(s) de trial supprimé(s)
  📋 'DC cat.': 4 bloc(s) détecté(s)
    ✓ sub-001-0035-LC_ses-01_task-dccat_beh.tsv  [v=1, n=40]
    ✓ sub-001-0035-LC_ses-02_task-dccat_beh.tsv  [v=1, n=40]
    ✓ sub-001-0035-LC_ses-03_task-dccat_beh.tsv  [v=2, n=40]
    ✓ sub-001-0035-LC_ses-04_task-dccat_beh.tsv  [v=2, n=40]
  ⏳ 'DENO' → task-deno
    ⚠️  bloc 0: colonnes introuvables ['accuracy'] → ignoré
         noms détectés : ['PAT001-0036-LC', 'Version', 'Session', 'Trial', 'Statut', 'Stimulus', 'Réponse', 'Réponse après coup', 'SCORE : bonne réponse']
    ⚠️  bloc 1: colonnes introuvables ['accuracy'] → ignoré
         noms détectés : ['PAT001-0036-LC.1', 'Version.1', 'Session.1', 'Trial.1', 'cat', 'Stimulus.1', 'Réponse.1', 'SCORE : bonne réponse.1']
    ⚠️  bloc 2: colonnes introuvables ['accuracy'] → ignoré
         noms détectés : ['PAT001-0036-LC.2', 'Version.2', 'Session.2', 'Trial.2', 'cat.1', 'Stimulus.2', 'Réponse.2', 'SCORE : bonne réponse.2']
    ⚠️  bloc 3: colonnes introuvables ['accuracy'] → ignoré
         noms détectés : ['PAT001-0036-LC.3', 'Version.3', 'Session.3', 'Trial.3', 'cat.2', 'repos', 'Réponse.3', 'Réponse après coup.3', 'SCORE : bonne réponse.3']
  ⚠️  'DENO': aucun bloc valide trouvé
  ⏳ 'LECTURE' → task-lecture
    ⚠️  bloc 0: facultatives absentes ['stimulus', 'status', 'api_errors'] → n/a
    ⚠️  bloc 1: colonnes introuvables ['accuracy'] → ignoré
         noms détectés : ['PAT001-0036-LC.1', 'Version.1', 'Session.1', 'Trial.1', 'Text.1', 'satus.1', 'Réponse.1', 'Erreur.1']
    ⚠️  bloc 2: colonnes introuvables ['accuracy'] → ignoré
         noms détectés : ['PAT001-0036-LC.2', 'Version.2', 'Session.2', 'Trial.2', 'Text.2', 'status', 'Réponse.2', 'Erreur.2']
    ⚠️  bloc 3: colonnes introuvables ['accuracy'] → ignoré
         noms détectés : ['PAT001-0036-LC.3', 'Version.3', 'Session.3', 'Trial.3', 'status.1', 'Text.3', 'Réponse.3', 'Erreur.3']
  📋 'LECTURE': 1 bloc(s) détecté(s)
    ✓ sub-001-0035-LC_ses-01_task-lecture_beh.tsv  [v=1, n=45]
  ⏳ 'BIP' → task-bip
    ⚠️  bloc 0: facultatives absentes ['category', 'nom'] → n/a
    ⚠️  bloc 1: facultatives absentes ['personnalites_reconnues'] → n/a
    ⚠️  bloc 2: facultatives absentes ['category', 'nom'] → n/a
    ⚠️  bloc 3: facultatives absentes ['personnalites_reconnues'] → n/a
  📋 'BIP': 4 bloc(s) détecté(s)
    ✓ sub-001-0035-LC_ses-01_task-bip_beh.tsv  [v=1, n=14]
    ✓ sub-001-0035-LC_ses-02_task-bip_beh.tsv  [v=1, n=14]
    ✓ sub-001-0035-LC_ses-03_task-bip_beh.tsv  [v=2, n=14]
    ✓ sub-001-0035-LC_ses-04_task-bip_beh.tsv  [v=2, n=14]
📂 sub-001-0037-TJ  (3_TESTS_LANGAGIERS/001-0038-TJ.xlsx)
  ⏳ 'AS verbale' → task-asverbale
  📋 'AS verbale': 4 bloc(s) détecté(s)
    ✓ sub-001-0037-TJ_ses-01_task-asverbale_beh.tsv  [v=1, n=26]
    ✓ sub-001-0037-TJ_ses-02_task-asverbale_beh.tsv  [v=1, n=26]
    ✓ sub-001-0037-TJ_ses-03_task-asverbale_beh.tsv  [v=2, n=26]
    ✓ sub-001-0037-TJ_ses-04_task-asverbale_beh.tsv  [v=2, n=25]
  ⏳ 'AS visuelle' → task-asvisuelle
    ⚠️  bloc 0: 1 ligne(s) récap supprimée(s) (pas de '.bmp' dans ['24'])
  📋 'AS visuelle': 4 bloc(s) détecté(s)
    ✓ sub-001-0037-TJ_ses-01_task-asvisuelle_beh.tsv  [v=1, n=26]
    ✓ sub-001-0037-TJ_ses-02_task-asvisuelle_beh.tsv  [v=1, n=26]
    ✓ sub-001-0037-TJ_ses-03_task-asvisuelle_beh.tsv  [v=2, n=26]
    ✓ sub-001-0037-TJ_ses-04_task-asvisuelle_beh.tsv  [v=2, n=26]
  ⏳ 'EXE verb.' → task-exeverb
    ⚠️  bloc 0: 1 ligne(s) récap supprimée(s) (pas de '.tif' dans ['26'])
  📋 'EXE verb.': 4 bloc(s) détecté(s)
    ✓ sub-001-0037-TJ_ses-01_task-exeverb_beh.tsv  [v=1, n=26]
    ✓ sub-001-0037-TJ_ses-02_task-exeverb_beh.tsv  [v=1, n=26]
    ✓ sub-001-0037-TJ_ses-03_task-exeverb_beh.tsv  [v=2, n=26]
    ✓ sub-001-0037-TJ_ses-04_task-exeverb_beh.tsv  [v=2, n=26]
  ⏳ 'EXE visu.' → task-exevisu
    ⚠️  bloc 0: 1 ligne(s) récap supprimée(s) (pas de '.tif' dans ['26'])
  📋 'EXE visu.': 4 bloc(s) détecté(s)
    ✓ sub-001-0037-TJ_ses-01_task-exevisu_beh.tsv  [v=1, n=26]
    ✓ sub-001-0037-TJ_ses-02_task-exevisu_beh.tsv  [v=1, n=26]
    ✓ sub-001-0037-TJ_ses-03_task-exevisu_beh.tsv  [v=2, n=26]
    ✓ sub-001-0037-TJ_ses-04_task-exevisu_beh.tsv  [v=2, n=26]
  ⏳ 'FLUENCE cat.' → task-fluencecat
  📋 'FLUENCE cat.': 4 bloc(s) détecté(s)
    ✓ sub-001-0037-TJ_ses-01_task-fluencecat_beh.tsv  [v=1, n=13]
    ✓ sub-001-0037-TJ_ses-02_task-fluencecat_beh.tsv  [v=1, n=13]
    ✓ sub-001-0037-TJ_ses-03_task-fluencecat_beh.tsv  [v=2, n=13]
    ✓ sub-001-0037-TJ_ses-04_task-fluencecat_beh.tsv  [v=2, n=13]
  ⏳ 'FLUENCE verb.' → task-fluenceverb
  📋 'FLUENCE verb.': 4 bloc(s) détecté(s)
    ✓ sub-001-0037-TJ_ses-01_task-fluenceverb_beh.tsv  [v=1, n=42]
    ✓ sub-001-0037-TJ_ses-02_task-fluenceverb_beh.tsv  [v=1, n=42]
    ✓ sub-001-0037-TJ_ses-03_task-fluenceverb_beh.tsv  [v=2, n=42]
    ✓ sub-001-0037-TJ_ses-04_task-fluenceverb_beh.tsv  [v=2, n=42]
  ⏳ 'DC cat.' → task-dccat
    ⚠️  bloc 0: 1 doublon(s) de trial supprimé(s)
  📋 'DC cat.': 4 bloc(s) détecté(s)
    ✓ sub-001-0037-TJ_ses-01_task-dccat_beh.tsv  [v=1, n=41]
    ✓ sub-001-0037-TJ_ses-02_task-dccat_beh.tsv  [v=1, n=40]
    ✓ sub-001-0037-TJ_ses-03_task-dccat_beh.tsv  [v=2, n=40]
    ✓ sub-001-0037-TJ_ses-04_task-dccat_beh.tsv  [v=2, n=40]
  ⏳ 'DENO' → task-deno
    ⚠️  bloc 0: colonnes introuvables ['accuracy'] → ignoré
         noms détectés : ['PAT001-0038-TJ', 'session', 'version', 'Trial', 'cat', 'Stimulus', 'SCORE : bonne réponse']
    ⚠️  bloc 1: colonnes introuvables ['accuracy'] → ignoré
         noms détectés : ['PAT001-0038-TJ.1', 'session.1', 'version.1', 'Trial.1', 'cat.1', 'repos', 'Réponse.1', 'Réponse après coup.1', 'SCORE : bonne réponse.1']
    ⚠️  bloc 2: colonnes introuvables ['accuracy'] → ignoré
         noms détectés : ['PAT001-0038-TJ.2', 'session.2', 'version.2', 'Trial.2', 'cat.2', 'repos.1', 'Réponse.2', 'SCORE : bonne réponse.2']
    ⚠️  bloc 3: colonnes introuvables ['accuracy'] → ignoré
         noms détectés : ['PAT001-0038-TJ.3', 'session.3', 'version.3', 'Trial.3', 'cat.3', 'repos.2', 'Réponse.3', 'SCORE : bonne réponse.3']
  ⚠️  'DENO': aucun bloc valide trouvé
  ⏳ 'LECTURE' → task-lecture
    ⚠️  bloc 0: facultatives absentes ['stimulus', 'status', 'api_errors'] → n/a
    ⚠️  bloc 1: colonnes introuvables ['accuracy'] → ignoré
         noms détectés : ['PAT001-0038-TJ.1', 'Version.1', 'Session.1', 'Trial.1', 'Text.1', 'satus.1', 'Réponse.1', 'Erreur.1', 'Unnamed: 19']
    ⚠️  bloc 2: colonnes introuvables ['accuracy'] → ignoré
         noms détectés : ['PAT001-0038-TJ.2', 'Version.2', 'Session.2', 'Trial.2', 'status', 'Text.2', 'Réponse.2', 'Erreur.2']
    ⚠️  bloc 3: colonnes introuvables ['accuracy'] → ignoré
         noms détectés : ['PAT001-0038-TJ.3', 'Version.3', 'Session.3', 'Trial.3', 'status.1', 'Text.3', 'Réponse.3', 'Erreur.3']
  📋 'LECTURE': 1 bloc(s) détecté(s)
    ✓ sub-001-0037-TJ_ses-01_task-lecture_beh.tsv  [v=1, n=45]
  ⏳ 'BIP' → task-bip
    ⚠️  bloc 0: facultatives absentes ['personnalites_reconnues'] → n/a
    ⚠️  bloc 0: 1 doublon(s) de trial supprimé(s)
  📋 'BIP': 4 bloc(s) détecté(s)
    ✓ sub-001-0037-TJ_ses-01_task-bip_beh.tsv  [v=1, n=14]
    ✓ sub-001-0037-TJ_ses-02_task-bip_beh.tsv  [v=1, n=14]
    ✓ sub-001-0037-TJ_ses-03_task-bip_beh.tsv  [v=2, n=14]
    ✓ sub-001-0037-TJ_ses-04_task-bip_beh.tsv  [v=2, n=14]
📂 sub-001-0041-PE  (3_TESTS_LANGAGIERS/001-0043-PE.xlsx)
  ⏳ 'AS verbale' → task-asverbale
    ⚠️  bloc 0: 1 ligne(s) récap supprimée(s) (pas de '.bmp' dans [nan])
  📋 'AS verbale': 4 bloc(s) détecté(s)
    ✓ sub-001-0041-PE_ses-01_task-asverbale_beh.tsv  [v=2, n=26]
    ✓ sub-001-0041-PE_ses-02_task-asverbale_beh.tsv  [v=2, n=26]
    ✓ sub-001-0041-PE_ses-03_task-asverbale_beh.tsv  [v=1, n=26]
    ✓ sub-001-0041-PE_ses-04_task-asverbale_beh.tsv  [v=1, n=26]
  ⏳ 'AS visuelle' → task-asvisuelle
    ⚠️  bloc 0: 1 ligne(s) récap supprimée(s) (pas de '.bmp' dans ['25'])
    ⚠️  bloc 3: facultatives absentes ['target'] → n/a
  📋 'AS visuelle': 4 bloc(s) détecté(s)
    ✓ sub-001-0041-PE_ses-01_task-asvisuelle_beh.tsv  [v=2, n=26]
    ✓ sub-001-0041-PE_ses-02_task-asvisuelle_beh.tsv  [v=2, n=26]
    ✓ sub-001-0041-PE_ses-03_task-asvisuelle_beh.tsv  [v=1, n=26]
    ✓ sub-001-0041-PE_ses-04_task-asvisuelle_beh.tsv  [v=1, n=26]
  ⏳ 'EXE verb.' → task-exeverb
  📋 'EXE verb.': 4 bloc(s) détecté(s)
    ✓ sub-001-0041-PE_ses-01_task-exeverb_beh.tsv  [v=2, n=26]
    ✓ sub-001-0041-PE_ses-02_task-exeverb_beh.tsv  [v=2, n=26]
    ✓ sub-001-0041-PE_ses-03_task-exeverb_beh.tsv  [v=1, n=26]
    ✓ sub-001-0041-PE_ses-04_task-exeverb_beh.tsv  [v=1, n=26]
  ⏳ 'EXE visu.' → task-exevisu
  📋 'EXE visu.': 4 bloc(s) détecté(s)
    ✓ sub-001-0041-PE_ses-01_task-exevisu_beh.tsv  [v=2, n=26]
    ✓ sub-001-0041-PE_ses-02_task-exevisu_beh.tsv  [v=2, n=26]
    ✓ sub-001-0041-PE_ses-03_task-exevisu_beh.tsv  [v=1, n=26]
    ✓ sub-001-0041-PE_ses-04_task-exevisu_beh.tsv  [v=1, n=26]
  ⏳ 'FLUENCE cat.' → task-fluencecat
  📋 'FLUENCE cat.': 4 bloc(s) détecté(s)
    ✓ sub-001-0041-PE_ses-01_task-fluencecat_beh.tsv  [v=2, n=28]
    ✓ sub-001-0041-PE_ses-02_task-fluencecat_beh.tsv  [v=2, n=28]
    ✓ sub-001-0041-PE_ses-03_task-fluencecat_beh.tsv  [v=1, n=28]
    ✓ sub-001-0041-PE_ses-04_task-fluencecat_beh.tsv  [v=1, n=28]
  ⏭️  'FLUENCE verb.' absente
  ⏳ 'DC cat.' → task-dccat
  📋 'DC cat.': 4 bloc(s) détecté(s)
    ✓ sub-001-0041-PE_ses-01_task-dccat_beh.tsv  [v=2, n=40]
    ✓ sub-001-0041-PE_ses-02_task-dccat_beh.tsv  [v=2, n=40]
    ✓ sub-001-0041-PE_ses-03_task-dccat_beh.tsv  [v=1, n=40]
    ✓ sub-001-0041-PE_ses-04_task-dccat_beh.tsv  [v=1, n=40]
  ⏳ 'DENO' → task-deno
    ⚠️  bloc 0: colonnes introuvables ['accuracy'] → ignoré
         noms détectés : ['PAT001-0043-PE', 'session', 'version', 'Trial', 'cat', 'repos', 'Réponse', 'SCORE : bonne réponse']
    ⚠️  bloc 1: colonnes introuvables ['accuracy'] → ignoré
         noms détectés : ['PAT001-0043-PE.1', 'session.1', 'version.1', 'Trial.1', 'cat.1', 'repos.1', 'Réponse.1', 'Réponse après coup.1', 'SCORE : bonne réponse.1']
    ⚠️  bloc 2: colonnes introuvables ['accuracy'] → ignoré
         noms détectés : ['PAT001-0043-PE.2', 'session.2', 'version.2', 'Trial.2', 'cat.2', 'repos.2', 'Réponse.2', 'SCORE : bonne réponse.2']
    ⚠️  bloc 3: colonnes introuvables ['accuracy'] → ignoré
         noms détectés : ['PAT001-0043-PE.3', 'session.3', 'version.3', 'Trial.3', 'cat.3', 'repos.3', 'Réponse.3', 'Réponse après coup.3', 'SCORE : bonne réponse.3']
  ⚠️  'DENO': aucun bloc valide trouvé
  ⏳ 'LECTURE' → task-lecture
    ⚠️  bloc 0: facultatives absentes ['stimulus', 'api_errors'] → n/a
    ⚠️  bloc 1: colonnes introuvables ['accuracy'] → ignoré
         noms détectés : ['PAT001-0043-PE.1', 'Version.1', 'Session.1', 'Trial.1', 'status.1', 'Text.1', 'Réponse.1', 'Erreur.1']
    ⚠️  bloc 2: colonnes introuvables ['accuracy'] → ignoré
         noms détectés : ['PAT001-0043-PE.2', 'Version.2', 'Session.2', 'Trial.2', 'satus', 'Text.2', 'Réponse.2', 'Erreur.2', 'Unnamed: 31']
    ⚠️  bloc 3: colonnes introuvables ['accuracy'] → ignoré
         noms détectés : ['PAT001-0043-PE.3', 'Version.3', 'Session.3', 'Trial.3', 'status.2', 'Text.3', 'Réponse.3', 'Erreur.3']
  📋 'LECTURE': 1 bloc(s) détecté(s)
    ✓ sub-001-0041-PE_ses-01_task-lecture_beh.tsv  [v=2, n=45]
  ⏳ 'BIP' → task-bip
    ⚠️  bloc 0: 1 doublon(s) de trial supprimé(s)
  📋 'BIP': 4 bloc(s) détecté(s)
    ✓ sub-001-0041-PE_ses-01_task-bip_beh.tsv  [v=2, n=14]
    ⚠️  DOUBLON de session : ses-01 déjà vu au bloc 1 → bloc 2 va écraser le précédent
    ✓ sub-001-0041-PE_ses-01_task-bip_beh.tsv  [v=2, n=14]
    ⚠️  DOUBLON de session : ses-01 déjà vu au bloc 2 → bloc 3 va écraser le précédent
    ✓ sub-001-0041-PE_ses-01_task-bip_beh.tsv  [v=1, n=14]
    ✓ sub-001-0041-PE_ses-04_task-bip_beh.tsv  [v=1, n=14]
📂 sub-001-0046-OP  (3_TESTS_LANGAGIERS/001-0048-OP.xlsx)
  ⏳ 'AS verbale' → task-asverbale
  📋 'AS verbale': 4 bloc(s) détecté(s)
    ✓ sub-001-0046-OP_ses-01_task-asverbale_beh.tsv  [v=2, n=26]
    ✓ sub-001-0046-OP_ses-02_task-asverbale_beh.tsv  [v=2, n=26]
    ✓ sub-001-0046-OP_ses-03_task-asverbale_beh.tsv  [v=1, n=26]
    ✓ sub-001-0046-OP_ses-04_task-asverbale_beh.tsv  [v=1, n=26]
  ⏳ 'AS visuelle' → task-asvisuelle
  📋 'AS visuelle': 4 bloc(s) détecté(s)
    ✓ sub-001-0046-OP_ses-01_task-asvisuelle_beh.tsv  [v=2, n=26]
    ✓ sub-001-0046-OP_ses-02_task-asvisuelle_beh.tsv  [v=2, n=26]
    ✓ sub-001-0046-OP_ses-03_task-asvisuelle_beh.tsv  [v=1, n=26]
    ✓ sub-001-0046-OP_ses-04_task-asvisuelle_beh.tsv  [v=1, n=26]
  ⏳ 'EXE verb.' → task-exeverb
  📋 'EXE verb.': 4 bloc(s) détecté(s)
    ✓ sub-001-0046-OP_ses-01_task-exeverb_beh.tsv  [v=2, n=26]
    ✓ sub-001-0046-OP_ses-02_task-exeverb_beh.tsv  [v=2, n=26]
    ✓ sub-001-0046-OP_ses-03_task-exeverb_beh.tsv  [v=1, n=26]
    ✓ sub-001-0046-OP_ses-04_task-exeverb_beh.tsv  [v=1, n=26]
  ⏳ 'EXE visu.' → task-exevisu
  📋 'EXE visu.': 4 bloc(s) détecté(s)
    ✓ sub-001-0046-OP_ses-01_task-exevisu_beh.tsv  [v=2, n=26]
    ✓ sub-001-0046-OP_ses-02_task-exevisu_beh.tsv  [v=2, n=26]
    ✓ sub-001-0046-OP_ses-03_task-exevisu_beh.tsv  [v=1, n=26]
    ✓ sub-001-0046-OP_ses-04_task-exevisu_beh.tsv  [v=1, n=26]
  ⏳ 'FLUENCE cat.' → task-fluencecat
  📋 'FLUENCE cat.': 4 bloc(s) détecté(s)
    ✓ sub-001-0046-OP_ses-01_task-fluencecat_beh.tsv  [v=2, n=15]
    ✓ sub-001-0046-OP_ses-02_task-fluencecat_beh.tsv  [v=2, n=15]
    ✓ sub-001-0046-OP_ses-03_task-fluencecat_beh.tsv  [v=1, n=15]
    ✓ sub-001-0046-OP_ses-04_task-fluencecat_beh.tsv  [v=1, n=15]
  ⏳ 'FLUENCE verb.' → task-fluenceverb
  📋 'FLUENCE verb.': 4 bloc(s) détecté(s)
    ✓ sub-001-0046-OP_ses-01_task-fluenceverb_beh.tsv  [v=2, n=33]
    ✓ sub-001-0046-OP_ses-02_task-fluenceverb_beh.tsv  [v=2, n=33]
    ✓ sub-001-0046-OP_ses-03_task-fluenceverb_beh.tsv  [v=1, n=33]
    ✓ sub-001-0046-OP_ses-04_task-fluenceverb_beh.tsv  [v=1, n=33]
  ⏳ 'DC cat.' → task-dccat
    ⚠️  bloc 3: colonnes introuvables ['session'] → ignoré
         noms détectés : ['PAT001-0048-OP.3', 'Trial.3', 'status.3', 'stimulus.3', 'TextDisplay2.ACC.3', 'TextDisplay2.RT.3', 'RT corr.3']
  📋 'DC cat.': 3 bloc(s) détecté(s)
    ✓ sub-001-0046-OP_ses-01_task-dccat_beh.tsv  [v=2, n=40]
    ✓ sub-001-0046-OP_ses-02_task-dccat_beh.tsv  [v=2, n=40]
    ✓ sub-001-0046-OP_ses-03_task-dccat_beh.tsv  [v=1, n=40]
  ⏳ 'DENO' → task-deno
    ⚠️  bloc 0: colonnes introuvables ['accuracy'] → ignoré
         noms détectés : ['PAT001-0048-OP', 'session', 'version', 'Trial', 'cat', 'repos', 'Réponse', 'Réponse après coup']
    ⚠️  bloc 1: colonnes introuvables ['accuracy'] → ignoré
         noms détectés : ['PAT001-0048-OP.1', 'session.1', 'version.1', 'Trial.1', 'cat.1', 'repos.1', 'Réponse.1', 'Réponse après coup.1', 'SCORE : bonne réponse.1']
    ⚠️  bloc 2: colonnes introuvables ['accuracy'] → ignoré
         noms détectés : ['PAT001-0048-OP.2', 'session.2', 'version.2', 'Trial.2', 'cat.2', 'repos.2', 'Réponse.2', 'Réponse après coup.2', 'SCORE : bonne réponse.2']
    ⚠️  bloc 3: colonnes introuvables ['accuracy'] → ignoré
         noms détectés : ['PAT001-0048-OP.3', 'session.3', 'version.3', 'Trial.3', 'cat.3', 'repos.3', 'Réponse.3', 'Réponse après coup.3', 'SCORE : bonne réponse.3']
  ⚠️  'DENO': aucun bloc valide trouvé
  ⏳ 'LECTURE' → task-lecture
    ⚠️  bloc 0: facultatives absentes ['stimulus', 'api_errors'] → n/a
    ⚠️  bloc 1: colonnes introuvables ['accuracy'] → ignoré
         noms détectés : ['PAT001-0048-OP.1', 'Version.1', 'Session.1', 'Trial.1', 'status.1', 'Text.1', 'Réponse.1', 'Erreur.1', 'Unnamed: 20']
    ⚠️  bloc 2: colonnes introuvables ['accuracy'] → ignoré
         noms détectés : ['PAT001-0048-OP.2', 'Version.2', 'Session.2', 'Trial.2', 'satus', 'Text.2', 'Réponse.2', 'Erreur.2']
    ⚠️  bloc 3: colonnes introuvables ['accuracy'] → ignoré
         noms détectés : ['PAT001-0048-OP.3', 'Version.3', 'Session.3', 'Trial.3', 'satus.1', 'Text.3', 'Réponse.3', 'Erreur / API', 'Commentaire']
  📋 'LECTURE': 1 bloc(s) détecté(s)
    ✓ sub-001-0046-OP_ses-01_task-lecture_beh.tsv  [v=2, n=45]
  ⏳ 'BIP' → task-bip
  📋 'BIP': 4 bloc(s) détecté(s)
    ✓ sub-001-0046-OP_ses-01_task-bip_beh.tsv  [v=2, n=14]
    ✓ sub-001-0046-OP_ses-02_task-bip_beh.tsv  [v=2, n=14]
    ✓ sub-001-0046-OP_ses-03_task-bip_beh.tsv  [v=1, n=14]
    ✓ sub-001-0046-OP_ses-04_task-bip_beh.tsv  [v=1, n=14]
📂 sub-001-0047-HJ  (3_TESTS_LANGAGIERS/001-0049-HJ.xlsx)
  ⏳ 'AS verbale' → task-asverbale
  📋 'AS verbale': 4 bloc(s) détecté(s)
    ✓ sub-001-0047-HJ_ses-01_task-asverbale_beh.tsv  [v=2, n=26]
    ✓ sub-001-0047-HJ_ses-02_task-asverbale_beh.tsv  [v=2, n=26]
    ✓ sub-001-0047-HJ_ses-03_task-asverbale_beh.tsv  [v=1, n=26]
    ✓ sub-001-0047-HJ_ses-04_task-asverbale_beh.tsv  [v=1, n=26]
  ⏳ 'AS visuelle' → task-asvisuelle
  📋 'AS visuelle': 4 bloc(s) détecté(s)
    ✓ sub-001-0047-HJ_ses-01_task-asvisuelle_beh.tsv  [v=2, n=26]
    ✓ sub-001-0047-HJ_ses-02_task-asvisuelle_beh.tsv  [v=2, n=26]
    ✓ sub-001-0047-HJ_ses-03_task-asvisuelle_beh.tsv  [v=1, n=26]
    ✓ sub-001-0047-HJ_ses-04_task-asvisuelle_beh.tsv  [v=1, n=26]
  ⏳ 'EXE verb.' → task-exeverb
  📋 'EXE verb.': 4 bloc(s) détecté(s)
    ✓ sub-001-0047-HJ_ses-01_task-exeverb_beh.tsv  [v=2, n=26]
    ✓ sub-001-0047-HJ_ses-02_task-exeverb_beh.tsv  [v=2, n=26]
    ✓ sub-001-0047-HJ_ses-03_task-exeverb_beh.tsv  [v=1, n=26]
    ✓ sub-001-0047-HJ_ses-04_task-exeverb_beh.tsv  [v=1, n=26]
  ⏳ 'EXE visu.' → task-exevisu
  📋 'EXE visu.': 4 bloc(s) détecté(s)
    ✓ sub-001-0047-HJ_ses-01_task-exevisu_beh.tsv  [v=2, n=26]
    ✓ sub-001-0047-HJ_ses-02_task-exevisu_beh.tsv  [v=2, n=26]
    ✓ sub-001-0047-HJ_ses-03_task-exevisu_beh.tsv  [v=1, n=26]
    ✓ sub-001-0047-HJ_ses-04_task-exevisu_beh.tsv  [v=1, n=26]
  ⏳ 'FLUENCE cat.' → task-fluencecat
  📋 'FLUENCE cat.': 4 bloc(s) détecté(s)
    ✓ sub-001-0047-HJ_ses-02_task-fluencecat_beh.tsv  [v=2, n=13]
    ⚠️  DOUBLON de session : ses-02 déjà vu au bloc 1 → bloc 2 va écraser le précédent
    ✓ sub-001-0047-HJ_ses-02_task-fluencecat_beh.tsv  [v=2, n=13]
    ✓ sub-001-0047-HJ_ses-03_task-fluencecat_beh.tsv  [v=1, n=13]
    ✓ sub-001-0047-HJ_ses-04_task-fluencecat_beh.tsv  [v=1, n=13]
  ⏳ 'FLUENCE verb.' → task-fluenceverb
    ⚠️  bloc 1: colonnes introuvables ['item_text'] → ignoré
         noms détectés : ['PAT001-0049-HJ.1', 'Version.1', 'Session.1', 'n°.1', 'charge']
    ⚠️  bloc 2: colonnes introuvables ['item_text'] → ignoré
         noms détectés : ['PAT001-0049-HJ.2', 'Version.2', 'Session.2', 'n°.2', 'Unnamed: 21', 'Unnamed: 23']
  📋 'FLUENCE verb.': 2 bloc(s) détecté(s)
    ✓ sub-001-0047-HJ_ses-01_task-fluenceverb_beh.tsv  [v=2, n=45]
    ✓ sub-001-0047-HJ_ses-04_task-fluenceverb_beh.tsv  [v=2, n=45]
  ⏳ 'DC cat.' → task-dccat
  📋 'DC cat.': 4 bloc(s) détecté(s)
    ✓ sub-001-0047-HJ_ses-01_task-dccat_beh.tsv  [v=2, n=40]
    ✓ sub-001-0047-HJ_ses-02_task-dccat_beh.tsv  [v=2, n=40]
    ✓ sub-001-0047-HJ_ses-03_task-dccat_beh.tsv  [v=1, n=40]
    ✓ sub-001-0047-HJ_ses-04_task-dccat_beh.tsv  [v=1, n=40]
  ⏳ 'DENO' → task-deno
    ⚠️  bloc 0: colonnes introuvables ['accuracy'] → ignoré
         noms détectés : ['PAT001-0049-HJ', 'session', 'version', 'Trial', 'cat', 'repos', 'Réponse', 'Réponse après coup', 'SCORE : bonne réponse']
    ⚠️  bloc 1: colonnes introuvables ['accuracy'] → ignoré
         noms détectés : ['PAT001-0049-HJ.1', 'session.1', 'version.1', 'Trial.1', 'cat.1', 'repos.1', 'Réponse.1', 'SCORE : bonne réponse.1']
    ⚠️  bloc 2: colonnes introuvables ['accuracy'] → ignoré
         noms détectés : ['PAT001-0049-HJ.2', 'session.2', 'version.2', 'Trial.2', 'cat.2', 'repos.2', 'Réponse.2', 'SCORE : bonne réponse.2']
    ⚠️  bloc 3: colonnes introuvables ['accuracy'] → ignoré
         noms détectés : ['PAT001-0049-HJ.3', 'session.3', 'version.3', 'Trial.3', 'cat.3', 'repos.3', 'Réponse.3', 'SCORE : bonne réponse.3']
  ⚠️  'DENO': aucun bloc valide trouvé
  ⏳ 'LECTURE' → task-lecture
    ⚠️  bloc 0: facultatives absentes ['stimulus', 'api_errors'] → n/a
    ⚠️  bloc 1: colonnes introuvables ['accuracy'] → ignoré
         noms détectés : ['PAT001-0049-HJ.1', 'Version.1', 'Session.1', 'Trial.1', 'status.1', 'Text.1', 'Réponse.1', 'Erreur.1']
    ⚠️  bloc 2: colonnes introuvables ['accuracy'] → ignoré
         noms détectés : ['PAT001-0049-HJ.2', 'Version.2', 'Session.2', 'Trial.2', 'satus', 'Text.2', 'Réponse.2', 'Erreur.2']
    ⚠️  bloc 3: colonnes introuvables ['accuracy'] → ignoré
         noms détectés : ['PAT001-0049-HJ.3', 'Version.3', 'Session.3', 'Trial.3', 'satus.1', 'Text.3', 'Réponse.3', 'Erreur / API']
  📋 'LECTURE': 1 bloc(s) détecté(s)
    ✓ sub-001-0047-HJ_ses-01_task-lecture_beh.tsv  [v=2, n=45]
  ⏳ 'BIP' → task-bip
  📋 'BIP': 4 bloc(s) détecté(s)
    ✓ sub-001-0047-HJ_ses-01_task-bip_beh.tsv  [v=2, n=14]
    ✓ sub-001-0047-HJ_ses-02_task-bip_beh.tsv  [v=2, n=14]
    ✓ sub-001-0047-HJ_ses-03_task-bip_beh.tsv  [v=1, n=14]
    ✓ sub-001-0047-HJ_ses-04_task-bip_beh.tsv  [v=1, n=14]
📂 sub-001-0049-GM  (3_TESTS_LANGAGIERS/001-0051-GM.xlsx)
  ⏳ 'AS verbale' → task-asverbale
  📋 'AS verbale': 4 bloc(s) détecté(s)
    ✓ sub-001-0049-GM_ses-01_task-asverbale_beh.tsv  [v=1, n=26]
    ✓ sub-001-0049-GM_ses-02_task-asverbale_beh.tsv  [v=1, n=26]
    ✓ sub-001-0049-GM_ses-03_task-asverbale_beh.tsv  [v=2, n=4]
    ✓ sub-001-0049-GM_ses-04_task-asverbale_beh.tsv  [v=2, n=26]
  ⏳ 'AS visuelle' → task-asvisuelle
  📋 'AS visuelle': 4 bloc(s) détecté(s)
    ✓ sub-001-0049-GM_ses-01_task-asvisuelle_beh.tsv  [v=1, n=26]
    ✓ sub-001-0049-GM_ses-02_task-asvisuelle_beh.tsv  [v=1, n=26]
    ✓ sub-001-0049-GM_ses-03_task-asvisuelle_beh.tsv  [v=2, n=26]
    ✓ sub-001-0049-GM_ses-04_task-asvisuelle_beh.tsv  [v=2, n=26]
  ⏳ 'EXE verb.' → task-exeverb
  📋 'EXE verb.': 4 bloc(s) détecté(s)
    ✓ sub-001-0049-GM_ses-01_task-exeverb_beh.tsv  [v=1, n=26]
    ✓ sub-001-0049-GM_ses-02_task-exeverb_beh.tsv  [v=1, n=26]
    ✓ sub-001-0049-GM_ses-03_task-exeverb_beh.tsv  [v=2, n=26]
    ✓ sub-001-0049-GM_ses-04_task-exeverb_beh.tsv  [v=2, n=26]
  ⏳ 'EXE visu.' → task-exevisu
  📋 'EXE visu.': 4 bloc(s) détecté(s)
    ✓ sub-001-0049-GM_ses-01_task-exevisu_beh.tsv  [v=1, n=26]
    ✓ sub-001-0049-GM_ses-02_task-exevisu_beh.tsv  [v=1, n=26]
    ✓ sub-001-0049-GM_ses-03_task-exevisu_beh.tsv  [v=2, n=26]
    ✓ sub-001-0049-GM_ses-04_task-exevisu_beh.tsv  [v=2, n=26]
  ⏳ 'FLUENCE cat.' → task-fluencecat
  📋 'FLUENCE cat.': 4 bloc(s) détecté(s)
    ✓ sub-001-0049-GM_ses-01_task-fluencecat_beh.tsv  [v=1, n=15]
    ✓ sub-001-0049-GM_ses-02_task-fluencecat_beh.tsv  [v=1, n=15]
    ✓ sub-001-0049-GM_ses-03_task-fluencecat_beh.tsv  [v=2, n=15]
    ✓ sub-001-0049-GM_ses-04_task-fluencecat_beh.tsv  [v=2, n=15]
  ⏳ 'FLUENCE verb.' → task-fluenceverb
  📋 'FLUENCE verb.': 3 bloc(s) détecté(s)
    ✓ sub-001-0049-GM_ses-01_task-fluenceverb_beh.tsv  [v=1, n=17]
    ✓ sub-001-0049-GM_ses-02_task-fluenceverb_beh.tsv  [v=1, n=17]
    ✓ sub-001-0049-GM_ses-03_task-fluenceverb_beh.tsv  [v=2, n=17]
  ⏳ 'DC cat.' → task-dccat
  📋 'DC cat.': 4 bloc(s) détecté(s)
    ✓ sub-001-0049-GM_ses-01_task-dccat_beh.tsv  [v=1, n=40]
    ✓ sub-001-0049-GM_ses-02_task-dccat_beh.tsv  [v=1, n=40]
    ✓ sub-001-0049-GM_ses-03_task-dccat_beh.tsv  [v=2, n=40]
    ✓ sub-001-0049-GM_ses-04_task-dccat_beh.tsv  [v=1, n=40]
  ⏳ 'DENO' → task-deno
    ⚠️  bloc 0: colonnes introuvables ['accuracy'] → ignoré
         noms détectés : ['PAT001-0051-GM', 'session', 'version', 'Trial', 'cat', 'repos', 'Réponse', 'Réponse après coup', 'SCORE : bonne réponse']
    ⚠️  bloc 1: colonnes introuvables ['accuracy'] → ignoré
         noms détectés : ['PAT001-0051-GM.1', 'session.1', 'version.1', 'Trial.1', 'cat.1', 'repos.1', 'Réponse.1', 'Réponse après coup.1', 'SCORE : bonne réponse.1']
    ⚠️  bloc 2: colonnes introuvables ['accuracy'] → ignoré
         noms détectés : ['PAT001-0051-GM.2', 'session.2', 'version.2', 'Trial.2', 'cat.2', 'repos.2', 'Réponse.2', 'SCORE : bonne réponse.2']
    ⚠️  bloc 3: colonnes introuvables ['accuracy'] → ignoré
         noms détectés : ['PAT001-0051-GM.3', 'session.3', 'version.3', 'Trial.3', 'cat.3', 'repos.3', 'Réponse.3', 'Réponse après coup.3', 'SCORE : bonne réponse.3']
  ⚠️  'DENO': aucun bloc valide trouvé
  ⏳ 'LECTURE' → task-lecture
    ⚠️  bloc 0: facultatives absentes ['stimulus', 'status', 'api_errors'] → n/a
    ⚠️  bloc 1: colonnes introuvables ['accuracy'] → ignoré
         noms détectés : ['PAT001-0051-GM.1', 'Version.1', 'Session.1', 'Trial.1', 'satus.1', 'Text.1', 'Réponse.1', 'Erreur / API']
    ⚠️  bloc 2: colonnes introuvables ['accuracy'] → ignoré
         noms détectés : ['PAT001-0051-GM.2', 'Version.2', 'Session.2', 'Trial.2', 'status', 'Text.2', 'Réponse.2', 'Erreur / API.1']
    ⚠️  bloc 3: colonnes introuvables ['accuracy'] → ignoré
         noms détectés : ['PAT001-0051-GM.3', 'Version.3', 'Session.3', 'Trial.3', 'satus.2', 'Text.3', 'Réponse.3']
  📋 'LECTURE': 1 bloc(s) détecté(s)
    ✓ sub-001-0049-GM_ses-01_task-lecture_beh.tsv  [v=1, n=45]
  ⏳ 'BIP' → task-bip
  📋 'BIP': 4 bloc(s) détecté(s)
    ✓ sub-001-0049-GM_ses-01_task-bip_beh.tsv  [v=1, n=14]
    ✓ sub-001-0049-GM_ses-02_task-bip_beh.tsv  [v=1, n=14]
    ✓ sub-001-0049-GM_ses-03_task-bip_beh.tsv  [v=2, n=14]
    ✓ sub-001-0049-GM_ses-04_task-bip_beh.tsv  [v=1, n=14]
📂 sub-001-0053-MT  (3_TESTS_LANGAGIERS/001-0056-MT.xlsx)
  ⏳ 'AS verbale' → task-asverbale
  📋 'AS verbale': 3 bloc(s) détecté(s)
    ✓ sub-001-0053-MT_ses-02_task-asverbale_beh.tsv  [v=2, n=26]
    ✓ sub-001-0053-MT_ses-03_task-asverbale_beh.tsv  [v=1, n=26]
    ✓ sub-001-0053-MT_ses-04_task-asverbale_beh.tsv  [v=2, n=26]
  ⏳ 'AS visuelle' → task-asvisuelle
  📋 'AS visuelle': 4 bloc(s) détecté(s)
    ✓ sub-001-0053-MT_ses-01_task-asvisuelle_beh.tsv  [v=2, n=26]
    ✓ sub-001-0053-MT_ses-02_task-asvisuelle_beh.tsv  [v=2, n=26]
    ✓ sub-001-0053-MT_ses-03_task-asvisuelle_beh.tsv  [v=1, n=26]
    ✓ sub-001-0053-MT_ses-04_task-asvisuelle_beh.tsv  [v=2, n=26]
  ⏳ 'EXE verb.' → task-exeverb
    ⚠️  bloc 1: 26 doublon(s) de trial supprimé(s)
  📋 'EXE verb.': 4 bloc(s) détecté(s)
    ✓ sub-001-0053-MT_ses-01_task-exeverb_beh.tsv  [v=2, n=26]
    ✓ sub-001-0053-MT_ses-02_task-exeverb_beh.tsv  [v=2, n=26]
    ✓ sub-001-0053-MT_ses-03_task-exeverb_beh.tsv  [v=1, n=26]
    ✓ sub-001-0053-MT_ses-04_task-exeverb_beh.tsv  [v=2, n=26]
  ⏳ 'EXE visu.' → task-exevisu
  📋 'EXE visu.': 4 bloc(s) détecté(s)
    ✓ sub-001-0053-MT_ses-01_task-exevisu_beh.tsv  [v=2, n=26]
    ✓ sub-001-0053-MT_ses-02_task-exevisu_beh.tsv  [v=2, n=26]
    ✓ sub-001-0053-MT_ses-03_task-exevisu_beh.tsv  [v=1, n=26]
    ✓ sub-001-0053-MT_ses-04_task-exevisu_beh.tsv  [v=2, n=26]
  ⏳ 'FLUENCE cat.' → task-fluencecat
  📋 'FLUENCE cat.': 4 bloc(s) détecté(s)
    ✓ sub-001-0053-MT_ses-01_task-fluencecat_beh.tsv  [v=1, n=22]
    ✓ sub-001-0053-MT_ses-02_task-fluencecat_beh.tsv  [v=2, n=22]
    ✓ sub-001-0053-MT_ses-03_task-fluencecat_beh.tsv  [v=2, n=22]
    ✓ sub-001-0053-MT_ses-04_task-fluencecat_beh.tsv  [v=1, n=22]
  ⏳ 'FLUENCE verb.' → task-fluenceverb
  📋 'FLUENCE verb.': 4 bloc(s) détecté(s)
    ✓ sub-001-0053-MT_ses-01_task-fluenceverb_beh.tsv  [v=1, n=27]
    ✓ sub-001-0053-MT_ses-02_task-fluenceverb_beh.tsv  [v=2, n=27]
    ✓ sub-001-0053-MT_ses-03_task-fluenceverb_beh.tsv  [v=1, n=27]
    ✓ sub-001-0053-MT_ses-04_task-fluenceverb_beh.tsv  [v=2, n=27]
  ⏳ 'DC cat.' → task-dccat
  📋 'DC cat.': 5 bloc(s) détecté(s)
    ✓ sub-001-0053-MT_ses-01_task-dccat_beh.tsv  [v=2, n=40]
    ⚠️  DOUBLON de session : ses-01 déjà vu au bloc 1 → bloc 2 va écraser le précédent
    ✓ sub-001-0053-MT_ses-01_task-dccat_beh.tsv  [v=2, n=40]
    ✓ sub-001-0053-MT_ses-02_task-dccat_beh.tsv  [v=2, n=40]
    ✓ sub-001-0053-MT_ses-03_task-dccat_beh.tsv  [v=1, n=40]
    ✓ sub-001-0053-MT_ses-04_task-dccat_beh.tsv  [v=1, n=40]
  ⏳ 'DENO' → task-deno
    ⚠️  bloc 0: colonnes introuvables ['accuracy'] → ignoré
         noms détectés : ['PAT001-0056-MT', 'session', 'version', 'Trial', 'cat', 'repos', 'Réponse', 'Réponse après coup', 'SCORE : bonne réponse']
    ⚠️  bloc 1: colonnes introuvables ['accuracy'] → ignoré
         noms détectés : ['PAT001-0056-MT.1', 'session.1', 'version.1', 'Trial.1', 'cat.1', 'repos.1', 'Réponse.1', 'Réponse après coup.1', 'SCORE : bonne réponse.1']
    ⚠️  bloc 2: colonnes introuvables ['accuracy'] → ignoré
         noms détectés : ['PAT001-0056-MT.2', 'session.2', 'version.2', 'Trial.2', 'cat.2', 'repos.2', 'Réponse.2', 'SCORE : bonne réponse.2']
    ⚠️  bloc 3: colonnes introuvables ['accuracy'] → ignoré
         noms détectés : ['PAT001-0056-MT.3', 'session.3', 'version.3', 'Trial.3', 'cat.3', 'repos.3', 'Réponse.3', 'Réponse après coup.3', 'SCORE : bonne réponse.3']
  ⚠️  'DENO': aucun bloc valide trouvé
  ⏳ 'LECTURE' → task-lecture
    ⚠️  bloc 0: facultatives absentes ['stimulus', 'api_errors'] → n/a
    ⚠️  bloc 1: colonnes introuvables ['accuracy'] → ignoré
         noms détectés : ['PAT001-0056-MT.1', 'Version.1', 'Session.1', 'Trial.1', 'status.1', 'Text.1', 'Réponse.1', 'Erreur / API.1']
    ⚠️  bloc 2: colonnes introuvables ['accuracy'] → ignoré
         noms détectés : ['PAT001-0056-MT.2', 'Version.2', 'Session.2', 'Trial.2', 'satus', 'Text.2', 'Réponse.2', 'Erreur / API.2']
    ⚠️  bloc 3: colonnes introuvables ['accuracy'] → ignoré
         noms détectés : ['PAT001-0056-MT.3', 'Version.3', 'Session.3', 'Trial.3', 'status.2', 'Text.3', 'Réponse.3']
  📋 'LECTURE': 1 bloc(s) détecté(s)
    ✓ sub-001-0053-MT_ses-01_task-lecture_beh.tsv  [v=2, n=45]
  ⏳ 'BIP' → task-bip
  📋 'BIP': 4 bloc(s) détecté(s)
    ✓ sub-001-0053-MT_ses-01_task-bip_beh.tsv  [v=2, n=14]
    ✓ sub-001-0053-MT_ses-02_task-bip_beh.tsv  [v=2, n=14]
    ✓ sub-001-0053-MT_ses-03_task-bip_beh.tsv  [v=1, n=14]
    ✓ sub-001-0053-MT_ses-04_task-bip_beh.tsv  [v=2, n=14]
📂 sub-001-0054-DC  (3_TESTS_LANGAGIERS/001-0057-DC.xlsx)
  ⏳ 'AS verbale' → task-asverbale
    ⚠️  bloc 3: colonnes introuvables ['condition_target'] → ignoré
         noms détectés : ['PAT001-0057-DC.3', 'Version.3', 'Session.3', 'Trial.3', 'ImageDisplay2.ACC.3', 'RT correct.2']
  📋 'AS verbale': 3 bloc(s) détecté(s)
    ✓ sub-001-0054-DC_ses-01_task-asverbale_beh.tsv  [v=1, n=26]
    ✓ sub-001-0054-DC_ses-02_task-asverbale_beh.tsv  [v=1, n=26]
    ✓ sub-001-0054-DC_ses-03_task-asverbale_beh.tsv  [v=2, n=26]
  ⏳ 'AS visuelle' → task-asvisuelle
    ⚠️  bloc 3: colonnes introuvables ['condition_target'] → ignoré
         noms détectés : ['PAT001-0057-DC.3', 'Version.3', 'Session.3', 'Trial.3', 'ImageDisplay2.ACC.3', 'RT Corr.2']
  📋 'AS visuelle': 3 bloc(s) détecté(s)
    ✓ sub-001-0054-DC_ses-01_task-asvisuelle_beh.tsv  [v=1, n=26]
    ✓ sub-001-0054-DC_ses-02_task-asvisuelle_beh.tsv  [v=1, n=26]
    ✓ sub-001-0054-DC_ses-03_task-asvisuelle_beh.tsv  [v=2, n=26]
  ⏳ 'EXE verb.' → task-exeverb
    ⚠️  bloc 3: facultatives absentes ['target', 'response_time'] → n/a
  📋 'EXE verb.': 4 bloc(s) détecté(s)
    ✓ sub-001-0054-DC_ses-01_task-exeverb_beh.tsv  [v=1, n=26]
    ✓ sub-001-0054-DC_ses-02_task-exeverb_beh.tsv  [v=1, n=26]
    ✓ sub-001-0054-DC_ses-03_task-exeverb_beh.tsv  [v=2, n=26]
    ✓ sub-001-0054-DC_ses-04_task-exeverb_beh.tsv  [v=2, n=26]
  ⏳ 'EXE visu.' → task-exevisu
    ⚠️  bloc 3: facultatives absentes ['target', 'response_time'] → n/a
  📋 'EXE visu.': 4 bloc(s) détecté(s)
    ✓ sub-001-0054-DC_ses-01_task-exevisu_beh.tsv  [v=1, n=26]
    ✓ sub-001-0054-DC_ses-02_task-exevisu_beh.tsv  [v=1, n=26]
    ✓ sub-001-0054-DC_ses-03_task-exevisu_beh.tsv  [v=2, n=26]
    ✓ sub-001-0054-DC_ses-04_task-exevisu_beh.tsv  [v=2, n=26]
  ⏳ 'FLUENCE cat.' → task-fluencecat
    ⚠️  bloc 3: colonnes introuvables ['item_text'] → ignoré
         noms détectés : ['PAT001-0057-DC.3', 'Version.3', 'Session.3', 'n°.3', 'Nombre.3']
  📋 'FLUENCE cat.': 3 bloc(s) détecté(s)
    ✓ sub-001-0054-DC_ses-01_task-fluencecat_beh.tsv  [v=1, n=12]
    ✓ sub-001-0054-DC_ses-02_task-fluencecat_beh.tsv  [v=1, n=12]
    ✓ sub-001-0054-DC_ses-03_task-fluencecat_beh.tsv  [v=2, n=12]
  ⏳ 'FLUENCE verb.' → task-fluenceverb
    ⚠️  bloc 3: colonnes introuvables ['item_text'] → ignoré
         noms détectés : ['PAT001-0057-DC.3', 'Version.3', 'Session.3', 'n°.3', 'Nombre.3']
  📋 'FLUENCE verb.': 3 bloc(s) détecté(s)
    ✓ sub-001-0054-DC_ses-01_task-fluenceverb_beh.tsv  [v=1, n=26]
    ✓ sub-001-0054-DC_ses-02_task-fluenceverb_beh.tsv  [v=1, n=26]
    ✓ sub-001-0054-DC_ses-03_task-fluenceverb_beh.tsv  [v=2, n=26]
  ⏳ 'DC cat.' → task-dccat
    ⚠️  bloc 0: 1 doublon(s) de trial supprimé(s)
    ⚠️  bloc 3: facultatives absentes ['stimulus', 'status', 'response_time'] → n/a
  📋 'DC cat.': 4 bloc(s) détecté(s)
    ✓ sub-001-0054-DC_ses-01_task-dccat_beh.tsv  [v=1, n=40]
    ✓ sub-001-0054-DC_ses-02_task-dccat_beh.tsv  [v=1, n=40]
    ✓ sub-001-0054-DC_ses-03_task-dccat_beh.tsv  [v=2, n=40]
    ✓ sub-001-0054-DC_ses-04_task-dccat_beh.tsv  [v=2, n=40]
  ⏳ 'DENO' → task-deno
    ⚠️  bloc 0: colonnes introuvables ['accuracy'] → ignoré
         noms détectés : ['PAT001-0057-DC', 'session', 'version', 'Trial', 'cat', 'repos', 'Réponse', 'SCORE : bonne réponse']
    ⚠️  bloc 1: colonnes introuvables ['accuracy'] → ignoré
         noms détectés : ['PAT001-0057-DC.1', 'session.1', 'version.1', 'Trial.1', 'cat.1', 'repos.1', 'Réponse.1', 'SCORE : bonne réponse.1']
    ⚠️  bloc 2: colonnes introuvables ['accuracy'] → ignoré
         noms détectés : ['PAT001-0057-DC.2', 'session.2', 'version.2', 'Trial.2', 'cat.2', 'repos.2', 'Réponse.2', 'Réponse après coup.2', 'SCORE : bonne réponse.2']
    ⚠️  bloc 3: colonnes introuvables ['accuracy'] → ignoré
         noms détectés : ['PAT001-0057-DC.3', 'session.3', 'version.3', 'Trial.3', 'SCORE : bonne réponse.3']
  ⚠️  'DENO': aucun bloc valide trouvé
  ⏳ 'LECTURE' → task-lecture
    ⚠️  bloc 0: facultatives absentes ['stimulus', 'status', 'api_errors'] → n/a
    ⚠️  bloc 0: 1 doublon(s) de trial supprimé(s)
    ⚠️  bloc 1: colonnes introuvables ['accuracy'] → ignoré
         noms détectés : ['PAT001-0057-DC.1', 'Version.1', 'Session.1', 'Trial.1', 'satus.1', 'Text.1', 'Réponse.1', 'Erreur / API.1']
    ⚠️  bloc 2: colonnes introuvables ['accuracy'] → ignoré
         noms détectés : ['PAT001-0057-DC.2', 'Version.2', 'Session.2', 'Trial.2', 'status', 'Text.2', 'Réponse.2']
    ⚠️  bloc 3: colonnes introuvables ['accuracy'] → ignoré
         noms détectés : ['PAT001-0057-DC.3', 'Version.3', 'Session.3', 'Trial.3', 'Réponse.3']
  📋 'LECTURE': 1 bloc(s) détecté(s)
    ✓ sub-001-0054-DC_ses-01_task-lecture_beh.tsv  [v=1, n=45]
  ⏳ 'BIP' → task-bip
    ⚠️  bloc 2: 1 doublon(s) de trial supprimé(s)
    ⚠️  bloc 3: facultatives absentes ['category', 'nom'] → n/a
  📋 'BIP': 4 bloc(s) détecté(s)
    ✓ sub-001-0054-DC_ses-01_task-bip_beh.tsv  [v=1, n=14]
    ✓ sub-001-0054-DC_ses-02_task-bip_beh.tsv  [v=1, n=14]
    ✓ sub-001-0054-DC_ses-03_task-bip_beh.tsv  [v=2, n=14]
    ✓ sub-001-0054-DC_ses-04_task-bip_beh.tsv  [v=2, n=14]
📂 sub-001-0055-BM  (3_TESTS_LANGAGIERS/001-0058-BM.xlsx)
  ⏳ 'AS verbale' → task-asverbale
    ⚠️  bloc 3: colonnes introuvables ['condition_target'] → ignoré
         noms détectés : ['PAT001-0058-BM.3', 'Version.3', 'Session.3', 'Trial.3', 'ImageDisplay2.ACC.3', 'RT correct.3']
  📋 'AS verbale': 3 bloc(s) détecté(s)
    ✓ sub-001-0055-BM_ses-01_task-asverbale_beh.tsv  [v=2, n=26]
    ✓ sub-001-0055-BM_ses-02_task-asverbale_beh.tsv  [v=2, n=26]
    ✓ sub-001-0055-BM_ses-03_task-asverbale_beh.tsv  [v=1, n=26]
  ⏳ 'AS visuelle' → task-asvisuelle
    ⚠️  bloc 0: 1 ligne(s) récap supprimée(s) (pas de '.bmp' dans ['25'])
    ⚠️  bloc 3: colonnes introuvables ['condition_target'] → ignoré
         noms détectés : ['PAT001-0058-BM.3', 'Version.3', 'Session.3', 'Trial.3', 'ImageDisplay2.ACC.3', 'RT Corr.3']
  📋 'AS visuelle': 3 bloc(s) détecté(s)
    ✓ sub-001-0055-BM_ses-01_task-asvisuelle_beh.tsv  [v=2, n=26]
    ✓ sub-001-0055-BM_ses-02_task-asvisuelle_beh.tsv  [v=2, n=26]
    ✓ sub-001-0055-BM_ses-03_task-asvisuelle_beh.tsv  [v=1, n=26]
  ⏳ 'EXE verb.' → task-exeverb
    ⚠️  bloc 0: 1 ligne(s) récap supprimée(s) (pas de '.tif' dans ['25'])
    ⚠️  bloc 3: facultatives absentes ['target', 'response_time'] → n/a
  📋 'EXE verb.': 4 bloc(s) détecté(s)
    ✓ sub-001-0055-BM_ses-01_task-exeverb_beh.tsv  [v=2, n=26]
    ✓ sub-001-0055-BM_ses-02_task-exeverb_beh.tsv  [v=2, n=26]
    ✓ sub-001-0055-BM_ses-03_task-exeverb_beh.tsv  [v=1, n=26]
    ✓ sub-001-0055-BM_ses-04_task-exeverb_beh.tsv  [v=1, n=26]
  ⏳ 'EXE visu.' → task-exevisu
    ⚠️  bloc 3: facultatives absentes ['target', 'response_time'] → n/a
  📋 'EXE visu.': 4 bloc(s) détecté(s)
    ✓ sub-001-0055-BM_ses-01_task-exevisu_beh.tsv  [v=2, n=26]
    ✓ sub-001-0055-BM_ses-02_task-exevisu_beh.tsv  [v=2, n=26]
    ✓ sub-001-0055-BM_ses-03_task-exevisu_beh.tsv  [v=1, n=26]
    ✓ sub-001-0055-BM_ses-04_task-exevisu_beh.tsv  [v=1, n=26]
  ⏳ 'FLUENCE cat.' → task-fluencecat
    ⚠️  bloc 3: colonnes introuvables ['item_text'] → ignoré
         noms détectés : ['PAT001-0058-BM.3', 'Version.3', 'Session.3', 'n°.3', 'Nombre.3']
  📋 'FLUENCE cat.': 3 bloc(s) détecté(s)
    ✓ sub-001-0055-BM_ses-01_task-fluencecat_beh.tsv  [v=2, n=18]
    ✓ sub-001-0055-BM_ses-02_task-fluencecat_beh.tsv  [v=2, n=18]
    ✓ sub-001-0055-BM_ses-03_task-fluencecat_beh.tsv  [v=1, n=18]
  ⏳ 'FLUENCE verb.' → task-fluenceverb
    ⚠️  bloc 3: colonnes introuvables ['item_text'] → ignoré
         noms détectés : ['PAT001-0058-BM.3', 'Version.3', 'Session.3', 'n°.3', 'Nombre.3']
  📋 'FLUENCE verb.': 3 bloc(s) détecté(s)
    ✓ sub-001-0055-BM_ses-01_task-fluenceverb_beh.tsv  [v=2, n=21]
    ✓ sub-001-0055-BM_ses-02_task-fluenceverb_beh.tsv  [v=2, n=21]
    ✓ sub-001-0055-BM_ses-03_task-fluenceverb_beh.tsv  [v=1, n=21]
  ⏳ 'DC cat.' → task-dccat
    ⚠️  bloc 3: facultatives absentes ['stimulus', 'status', 'response_time'] → n/a
  📋 'DC cat.': 4 bloc(s) détecté(s)
    ✓ sub-001-0055-BM_ses-01_task-dccat_beh.tsv  [v=2, n=40]
    ✓ sub-001-0055-BM_ses-02_task-dccat_beh.tsv  [v=2, n=40]
    ✓ sub-001-0055-BM_ses-03_task-dccat_beh.tsv  [v=1, n=40]
    ✓ sub-001-0055-BM_ses-04_task-dccat_beh.tsv  [v=1, n=40]
  ⏳ 'DENO' → task-deno
    ⚠️  bloc 0: colonnes introuvables ['accuracy'] → ignoré
         noms détectés : ['PAT001-0058-BM', 'session', 'version', 'Trial', 'cat', 'repos', 'Réponse', 'SCORE : bonne réponse']
    ⚠️  bloc 1: colonnes introuvables ['accuracy'] → ignoré
         noms détectés : ['PAT001-0058-BM.1', 'session.1', 'version.1', 'Trial.1', 'cat.1', 'repos.1', 'Réponse.1', 'SCORE : bonne réponse.1']
    ⚠️  bloc 2: colonnes introuvables ['accuracy'] → ignoré
         noms détectés : ['PAT001-0058-BM.2', 'session.2', 'version.2', 'Trial.2', 'cat.2', 'repos.2', 'Réponse.2', 'Réponse après coup.2', 'SCORE : bonne réponse.2']
    ⚠️  bloc 3: colonnes introuvables ['accuracy'] → ignoré
         noms détectés : ['PAT001-0058-BM.3', 'session.3', 'version.3', 'Trial.3', 'SCORE : bonne réponse.3']
  ⚠️  'DENO': aucun bloc valide trouvé
  ⏳ 'LECTURE' → task-lecture
    ⚠️  bloc 0: facultatives absentes ['stimulus', 'api_errors'] → n/a
    ⚠️  bloc 1: colonnes introuvables ['accuracy'] → ignoré
         noms détectés : ['PAT001-0058-BM.1', 'Version.1', 'Session.1', 'Trial.1', 'status.1', 'Text.1', 'Réponse.1']
    ⚠️  bloc 2: colonnes introuvables ['accuracy'] → ignoré
         noms détectés : ['PAT001-0058-BM.2', 'Version.2', 'Session.2', 'Trial.2', 'satus', 'Text.2', 'Réponse.2', 'Erreur / API.2']
    ⚠️  bloc 3: colonnes introuvables ['accuracy'] → ignoré
         noms détectés : ['PAT001-0058-BM.3', 'Version.3', 'Session.3', 'Trial.3', 'Réponse.3']
  📋 'LECTURE': 1 bloc(s) détecté(s)
    ✓ sub-001-0055-BM_ses-01_task-lecture_beh.tsv  [v=2, n=45]
  ⏳ 'BIP' → task-bip
    ⚠️  bloc 0: 1 doublon(s) de trial supprimé(s)
    ⚠️  bloc 3: facultatives absentes ['category', 'nom'] → n/a
  📋 'BIP': 4 bloc(s) détecté(s)
    ✓ sub-001-0055-BM_ses-01_task-bip_beh.tsv  [v=2, n=14]
    ✓ sub-001-0055-BM_ses-02_task-bip_beh.tsv  [v=2, n=14]
    ✓ sub-001-0055-BM_ses-03_task-bip_beh.tsv  [v=1, n=14]
    ✓ sub-001-0055-BM_ses-04_task-bip_beh.tsv  [v=1, n=14]
📂 sub-001-0056-GC  (001-0056-GC/001-0059-GC.xlsx)
  ⏳ 'AS verbale' → task-asverbale
    ⚠️  bloc 3: colonnes introuvables ['condition_target'] → ignoré
         noms détectés : ['PAT001-0059-GC.3', 'Version.3', 'Session.3', 'Trial.3', 'ImageDisplay2.ACC.3', 'RT correct.3']
  📋 'AS verbale': 3 bloc(s) détecté(s)
    ✓ sub-001-0056-GC_ses-01_task-asverbale_beh.tsv  [v=2, n=26]
    ✓ sub-001-0056-GC_ses-02_task-asverbale_beh.tsv  [v=1, n=26]
    ✓ sub-001-0056-GC_ses-03_task-asverbale_beh.tsv  [v=1, n=26]
  ⏳ 'AS visuelle' → task-asvisuelle
    ⚠️  bloc 3: colonnes introuvables ['condition_target'] → ignoré
         noms détectés : ['PAT001-0059-GC.3', 'Version.3', 'Session.3', 'Trial.3', 'ImageDisplay2.ACC.3', 'RT Corr.3']
  📋 'AS visuelle': 3 bloc(s) détecté(s)
    ✓ sub-001-0056-GC_ses-01_task-asvisuelle_beh.tsv  [v=2, n=26]
    ✓ sub-001-0056-GC_ses-02_task-asvisuelle_beh.tsv  [v=1, n=26]
    ✓ sub-001-0056-GC_ses-03_task-asvisuelle_beh.tsv  [v=1, n=26]
  ⏳ 'EXE verb.' → task-exeverb
    ⚠️  bloc 3: facultatives absentes ['target', 'response_time'] → n/a
  📋 'EXE verb.': 4 bloc(s) détecté(s)
    ✓ sub-001-0056-GC_ses-01_task-exeverb_beh.tsv  [v=2, n=26]
    ✓ sub-001-0056-GC_ses-02_task-exeverb_beh.tsv  [v=1, n=26]
    ✓ sub-001-0056-GC_ses-03_task-exeverb_beh.tsv  [v=1, n=26]
    ✓ sub-001-0056-GC_ses-04_task-exeverb_beh.tsv  [v=1 ou 2, n=26]
  ⏳ 'EXE visu.' → task-exevisu
    ⚠️  bloc 3: facultatives absentes ['target', 'response_time'] → n/a
  📋 'EXE visu.': 4 bloc(s) détecté(s)
    ✓ sub-001-0056-GC_ses-01_task-exevisu_beh.tsv  [v=2, n=26]
    ✓ sub-001-0056-GC_ses-02_task-exevisu_beh.tsv  [v=1, n=26]
    ✓ sub-001-0056-GC_ses-03_task-exevisu_beh.tsv  [v=1, n=26]
    ✓ sub-001-0056-GC_ses-04_task-exevisu_beh.tsv  [v=1 ou 2, n=26]
  ⏳ 'FLUENCE cat.' → task-fluencecat
    ⚠️  bloc 2: colonnes introuvables ['item_text'] → ignoré
         noms détectés : ['PAT001-0059-GC.2', 'Version.3', 'Session.3', 'n°.3', 'Nombre.3']
  📋 'FLUENCE cat.': 2 bloc(s) détecté(s)
    ✓ sub-001-0056-GC_ses-01_task-fluencecat_beh.tsv  [v=2, n=5]
    ✓ sub-001-0056-GC_ses-03_task-fluencecat_beh.tsv  [v=1, n=5]
  ⏳ 'FLUENCE verb.' → task-fluenceverb
    ⚠️  bloc 3: colonnes introuvables ['item_text'] → ignoré
         noms détectés : ['PAT001-00-.3', 'Version.3', 'Session.3', 'n°.3', 'Nombre.3']
  📋 'FLUENCE verb.': 3 bloc(s) détecté(s)
    ✓ sub-001-0056-GC_ses-01_task-fluenceverb_beh.tsv  [v=2, n=25]
    ✓ sub-001-0056-GC_ses-02_task-fluenceverb_beh.tsv  [v=1, n=25]
    ✓ sub-001-0056-GC_ses-03_task-fluenceverb_beh.tsv  [v=1 ou 2, n=25]
  ⏳ 'DC cat.' → task-dccat
    ⚠️  bloc 3: facultatives absentes ['stimulus', 'status', 'response_time'] → n/a
  📋 'DC cat.': 4 bloc(s) détecté(s)
    ✓ sub-001-0056-GC_ses-01_task-dccat_beh.tsv  [v=2, n=40]
    ✓ sub-001-0056-GC_ses-02_task-dccat_beh.tsv  [v=1, n=40]
    ✓ sub-001-0056-GC_ses-03_task-dccat_beh.tsv  [v=1, n=40]
    ✓ sub-001-0056-GC_ses-04_task-dccat_beh.tsv  [v=1 ou 2, n=40]
  ⏳ 'DENO' → task-deno
    ⚠️  bloc 0: colonnes introuvables ['accuracy'] → ignoré
         noms détectés : ['PAT001-0059-GC', 'version', 'session', 'Trial', 'cat', 'repos', 'Réponse', 'SCORE : bonne réponse']
    ⚠️  bloc 1: colonnes introuvables ['accuracy'] → ignoré
         noms détectés : ['PAT001-0059-GC.1', 'version.1', 'session.1', 'Trial.1', 'cat.1', 'repos.1', 'Réponse.1', 'Réponse après coup.1', 'SCORE : bonne réponse.1']
    ⚠️  bloc 2: colonnes introuvables ['accuracy'] → ignoré
         noms détectés : ['PAT001-0059-GC.2', 'version.2', 'session.2', 'Trial.2', 'cat.2', 'repos.2', 'Réponse.2', 'Réponse après coup.2', 'SCORE : bonne réponse.2']
    ⚠️  bloc 3: colonnes introuvables ['accuracy'] → ignoré
         noms détectés : ['PAT001-0059-GC.3', 'session.3', 'version.3', 'Trial.3', 'SCORE : bonne réponse.3']
  ⚠️  'DENO': aucun bloc valide trouvé
  ⏳ 'LECTURE' → task-lecture
    ⚠️  bloc 0: facultatives absentes ['stimulus', 'api_errors'] → n/a
    ⚠️  bloc 1: colonnes introuvables ['accuracy'] → ignoré
         noms détectés : ['PAT001-0059-GC.1', 'Version.1', 'Session.1', 'Trial.1', 'status.1', 'Text.1', 'Réponse.1', 'Erreur / API.1']
    ⚠️  bloc 2: colonnes introuvables ['accuracy'] → ignoré
         noms détectés : ['PAT001-0059-GC.2', 'Version.2', 'Session.2', 'Trial.2', 'status.2', 'Text.2', 'Réponse.2', 'Erreur / API.2']
    ⚠️  bloc 3: colonnes introuvables ['accuracy'] → ignoré
         noms détectés : ['PAT001-0059-GC.3', 'Version.3', 'Session.3', 'Trial.3', 'Réponse.3']
  📋 'LECTURE': 1 bloc(s) détecté(s)
    ✓ sub-001-0056-GC_ses-01_task-lecture_beh.tsv  [v=2, n=45]
  ⏳ 'BIP' → task-bip
    ⚠️  bloc 3: facultatives absentes ['category', 'nom'] → n/a
  📋 'BIP': 4 bloc(s) détecté(s)
    ✓ sub-001-0056-GC_ses-01_task-bip_beh.tsv  [v=2, n=14]
    ✓ sub-001-0056-GC_ses-02_task-bip_beh.tsv  [v=1, n=14]
    ✓ sub-001-0056-GC_ses-03_task-bip_beh.tsv  [v=1ou 2, n=14]
    ✓ sub-001-0056-GC_ses-04_task-bip_beh.tsv  [v=1 ou 2, n=14]
  ⚠️  Pas de correspondance eCRF pour '0X-00X-Initiale' (norm='0x00xinitiale') → ignoré
📂 sub-001-0057-HJ  (3_TESTS_LANGAGIERS/001-0060-HJ.xlsx)
  ⏳ 'AS verbale' → task-asverbale
    ⚠️  bloc 3: colonnes introuvables ['condition_target'] → ignoré
         noms détectés : ['PAT001-0060-HJ.3', 'Version.3', 'Session.3', 'Trial.3', 'ImageDisplay2.ACC.3', 'RT correct.3']
  📋 'AS verbale': 3 bloc(s) détecté(s)
    ✓ sub-001-0057-HJ_ses-01_task-asverbale_beh.tsv  [v=1, n=26]
    ✓ sub-001-0057-HJ_ses-02_task-asverbale_beh.tsv  [v=1, n=26]
    ✓ sub-001-0057-HJ_ses-03_task-asverbale_beh.tsv  [v=2, n=26]
  ⏳ 'AS visuelle' → task-asvisuelle
    ⚠️  bloc 3: colonnes introuvables ['condition_target'] → ignoré
         noms détectés : ['PAT001-00-.2', 'Version.3', 'Session.3', 'Trial.3', 'ImageDisplay2.ACC.3', 'RT Corr.3']
  📋 'AS visuelle': 3 bloc(s) détecté(s)
    ✓ sub-001-0057-HJ_ses-01_task-asvisuelle_beh.tsv  [v=1, n=26]
    ✓ sub-001-0057-HJ_ses-02_task-asvisuelle_beh.tsv  [v=1, n=26]
    ✓ sub-001-0057-HJ_ses-03_task-asvisuelle_beh.tsv  [v=1 ou 2, n=26]
  ⏳ 'EXE verb.' → task-exeverb
    ⚠️  bloc 3: facultatives absentes ['target', 'response_time'] → n/a
  📋 'EXE verb.': 4 bloc(s) détecté(s)
    ✓ sub-001-0057-HJ_ses-01_task-exeverb_beh.tsv  [v=1, n=26]
    ✓ sub-001-0057-HJ_ses-02_task-exeverb_beh.tsv  [v=1, n=26]
    ✓ sub-001-0057-HJ_ses-03_task-exeverb_beh.tsv  [v=2, n=26]
    ✓ sub-001-0057-HJ_ses-04_task-exeverb_beh.tsv  [v=1 ou 2, n=26]
  ⏳ 'EXE visu.' → task-exevisu
    ⚠️  bloc 3: facultatives absentes ['target', 'response_time'] → n/a
  📋 'EXE visu.': 4 bloc(s) détecté(s)
    ✓ sub-001-0057-HJ_ses-01_task-exevisu_beh.tsv  [v=1, n=26]
    ✓ sub-001-0057-HJ_ses-02_task-exevisu_beh.tsv  [v=1, n=26]
    ✓ sub-001-0057-HJ_ses-03_task-exevisu_beh.tsv  [v=2, n=26]
    ✓ sub-001-0057-HJ_ses-04_task-exevisu_beh.tsv  [v=1 ou 2, n=26]
  ⏳ 'FLUENCE cat.' → task-fluencecat
    ⚠️  bloc 3: colonnes introuvables ['item_text'] → ignoré
         noms détectés : ['PAT001-00-.2', 'Version.3', 'Session.3', 'n°.3', 'Nombre.3']
  📋 'FLUENCE cat.': 3 bloc(s) détecté(s)
    ✓ sub-001-0057-HJ_ses-01_task-fluencecat_beh.tsv  [v=1, n=6]
    ✓ sub-001-0057-HJ_ses-02_task-fluencecat_beh.tsv  [v=1, n=6]
    ✓ sub-001-0057-HJ_ses-03_task-fluencecat_beh.tsv  [v=2, n=6]
  ⏳ 'FLUENCE verb.' → task-fluenceverb
    ⚠️  bloc 3: colonnes introuvables ['item_text'] → ignoré
         noms détectés : ['PAT001-00-.2', 'Version.3', 'Session.3', 'n°.3', 'Nombre.3']
  📋 'FLUENCE verb.': 3 bloc(s) détecté(s)
    ✓ sub-001-0057-HJ_ses-01_task-fluenceverb_beh.tsv  [v=1, n=15]
    ✓ sub-001-0057-HJ_ses-02_task-fluenceverb_beh.tsv  [v=1, n=15]
    ✓ sub-001-0057-HJ_ses-03_task-fluenceverb_beh.tsv  [v=2, n=15]
  ⏳ 'DC cat.' → task-dccat
    ⚠️  bloc 3: facultatives absentes ['stimulus', 'status', 'response_time'] → n/a
  📋 'DC cat.': 4 bloc(s) détecté(s)
    ✓ sub-001-0057-HJ_ses-01_task-dccat_beh.tsv  [v=1, n=40]
    ✓ sub-001-0057-HJ_ses-02_task-dccat_beh.tsv  [v=1, n=40]
    ✓ sub-001-0057-HJ_ses-03_task-dccat_beh.tsv  [v=2, n=40]
    ✓ sub-001-0057-HJ_ses-04_task-dccat_beh.tsv  [v=1 ou 2, n=40]
  ⏳ 'DENO' → task-deno
    ⚠️  bloc 0: colonnes introuvables ['accuracy'] → ignoré
         noms détectés : ['PAT001-0060-HJ', 'version', 'session', 'Trial', 'cat', 'repos', 'Réponse', 'Réponse après coup', 'SCORE : bonne réponse']
    ⚠️  bloc 1: colonnes introuvables ['accuracy'] → ignoré
         noms détectés : ['PAT001-0060-HJ.1', 'version.1', 'session.1', 'Trial.1', 'cat.1', 'repos.1', 'Réponse.1', 'SCORE : bonne réponse.1']
    ⚠️  bloc 2: colonnes introuvables ['accuracy'] → ignoré
         noms détectés : ['PAT001-0060-HJ.2', 'version.2', 'session.2', 'Trial.2', 'cat.2', 'repos.2', 'Réponse.2', 'SCORE : bonne réponse.2']
    ⚠️  bloc 3: colonnes introuvables ['accuracy'] → ignoré
         noms détectés : ['PAT001-00-', 'session.3', 'version.3', 'Trial.3', 'SCORE : bonne réponse.3']
  ⚠️  'DENO': aucun bloc valide trouvé
  ⏳ 'LECTURE' → task-lecture
    ⚠️  bloc 0: facultatives absentes ['stimulus', 'status', 'api_errors'] → n/a
    ⚠️  bloc 1: colonnes introuvables ['accuracy'] → ignoré
         noms détectés : ['PAT001-00-', 'Version.1', 'Session.1', 'Trial.1', 'status', 'Text.1', 'Réponse.1']
    ⚠️  bloc 2: colonnes introuvables ['accuracy'] → ignoré
         noms détectés : ['PAT001-0060-HJ.1', 'Version.2', 'Session.2', 'Trial.2', 'status.1', 'Text.2', 'Réponse.2']
    ⚠️  bloc 3: colonnes introuvables ['accuracy'] → ignoré
         noms détectés : ['PAT001-00-.1', 'Version.3', 'Session.3', 'Trial.3', 'Réponse.3']
  📋 'LECTURE': 1 bloc(s) détecté(s)
    ✓ sub-001-0057-HJ_ses-01_task-lecture_beh.tsv  [v=1, n=45]
  ⏳ 'BIP' → task-bip
    ⚠️  bloc 3: facultatives absentes ['category', 'nom'] → n/a
  📋 'BIP': 4 bloc(s) détecté(s)
    ✓ sub-001-0057-HJ_ses-01_task-bip_beh.tsv  [v=1, n=14]
    ✓ sub-001-0057-HJ_ses-02_task-bip_beh.tsv  [v=1, n=14]
    ✓ sub-001-0057-HJ_ses-03_task-bip_beh.tsv  [v=2, n=14]
    ✓ sub-001-0057-HJ_ses-04_task-bip_beh.tsv  [v=1 ou 2, n=14]
📂 sub-001-0058-TC  (3_TESTS_LANGAGIERS/001-0061-TC.xlsx)
  ⏳ 'AS verbale' → task-asverbale
    ⚠️  bloc 2: colonnes introuvables ['condition_target'] → ignoré
         noms détectés : ['PAT001-0061-TC.2', 'Version.2', 'Session.2', 'Trial.2', 'ImageDisplay2.ACC.2', 'RT correct.2']
    ⚠️  bloc 3: colonnes introuvables ['condition_target'] → ignoré
         noms détectés : ['PAT001-0061-TC.3', 'Version.3', 'Session.3', 'Trial.3', 'ImageDisplay2.ACC.3', 'RT correct.3']
  📋 'AS verbale': 2 bloc(s) détecté(s)
    ✓ sub-001-0058-TC_ses-01_task-asverbale_beh.tsv  [v=1, n=26]
    ✓ sub-001-0058-TC_ses-02_task-asverbale_beh.tsv  [v=1, n=26]
  ⏳ 'AS visuelle' → task-asvisuelle
    ⚠️  bloc 2: colonnes introuvables ['condition_target'] → ignoré
         noms détectés : ['PAT001-00-.1', 'Version.2', 'Session.2', 'Trial.2', 'ImageDisplay2.ACC.2', 'RT Corr.2']
    ⚠️  bloc 3: colonnes introuvables ['condition_target'] → ignoré
         noms détectés : ['PAT001-00-.2', 'Version.3', 'Session.3', 'Trial.3', 'ImageDisplay2.ACC.3', 'RT Corr.3']
  📋 'AS visuelle': 2 bloc(s) détecté(s)
    ✓ sub-001-0058-TC_ses-01_task-asvisuelle_beh.tsv  [v=1, n=26]
    ✓ sub-001-0058-TC_ses-02_task-asvisuelle_beh.tsv  [v=1, n=26]
  ⏳ 'EXE verb.' → task-exeverb
    ⚠️  bloc 2: facultatives absentes ['target', 'response_time'] → n/a
    ⚠️  bloc 3: facultatives absentes ['target', 'response_time'] → n/a
  📋 'EXE verb.': 4 bloc(s) détecté(s)
    ✓ sub-001-0058-TC_ses-01_task-exeverb_beh.tsv  [v=1, n=26]
    ✓ sub-001-0058-TC_ses-02_task-exeverb_beh.tsv  [v=1, n=26]
    ✓ sub-001-0058-TC_ses-03_task-exeverb_beh.tsv  [v=1 ou 2, n=26]
    ✓ sub-001-0058-TC_ses-04_task-exeverb_beh.tsv  [v=1 ou 2, n=26]
  ⏳ 'EXE visu.' → task-exevisu
    ⚠️  bloc 0: 1 ligne(s) récap supprimée(s) (pas de '.tif' dans ['truc du 1er mai '])
    ⚠️  bloc 2: facultatives absentes ['target', 'response_time'] → n/a
    ⚠️  bloc 3: facultatives absentes ['target', 'response_time'] → n/a
  📋 'EXE visu.': 4 bloc(s) détecté(s)
    ✓ sub-001-0058-TC_ses-01_task-exevisu_beh.tsv  [v=1, n=25]
    ✓ sub-001-0058-TC_ses-02_task-exevisu_beh.tsv  [v=1, n=26]
    ✓ sub-001-0058-TC_ses-03_task-exevisu_beh.tsv  [v=1 ou 2, n=26]
    ✓ sub-001-0058-TC_ses-04_task-exevisu_beh.tsv  [v=1 ou 2, n=26]
  ⏳ 'FLUENCE cat.' → task-fluencecat
    ⚠️  bloc 3: colonnes introuvables ['item_text'] → ignoré
         noms détectés : ['PAT001-00-.2', 'Version.3', 'Session.3', 'n°.3', 'Nombre.3']
    ⚠️  bloc 4: colonnes introuvables ['item_text'] → ignoré
         noms détectés : ['PAT001-00-.3', 'Version.4', 'Session.4', 'n°.4', 'Nombre.4']
  📋 'FLUENCE cat.': 3 bloc(s) détecté(s)
    ✓ sub-001-0058-TC_ses-01_task-fluencecat_beh.tsv  [v=1, n=6]
    ✓ sub-001-0058-TC_ses-02_task-fluencecat_beh.tsv  [v=1, n=6]
    ✓ sub-001-0058-TC_ses-03_task-fluencecat_beh.tsv  [v=animaux, n=6]
  ⏳ 'FLUENCE verb.' → task-fluenceverb
    ⚠️  bloc 2: colonnes introuvables ['item_text'] → ignoré
         noms détectés : ['PAT001-00-.1', 'Version.2', 'Session.2', 'n°.2', 'Nombre.2']
    ⚠️  bloc 3: colonnes introuvables ['item_text'] → ignoré
         noms détectés : ['PAT001-00-.2', 'Version.3', 'Session.3', 'n°.3', 'Nombre.3']
  📋 'FLUENCE verb.': 2 bloc(s) détecté(s)
    ✓ sub-001-0058-TC_ses-01_task-fluenceverb_beh.tsv  [v=1, n=7]
    ✓ sub-001-0058-TC_ses-02_task-fluenceverb_beh.tsv  [v=1, n=7]
  ⏳ 'DC cat.' → task-dccat
    ⚠️  bloc 2: facultatives absentes ['stimulus', 'status', 'response_time'] → n/a
    ⚠️  bloc 3: facultatives absentes ['stimulus', 'status', 'response_time'] → n/a
  📋 'DC cat.': 4 bloc(s) détecté(s)
    ✓ sub-001-0058-TC_ses-01_task-dccat_beh.tsv  [v=1, n=40]
    ✓ sub-001-0058-TC_ses-02_task-dccat_beh.tsv  [v=1, n=40]
    ✓ sub-001-0058-TC_ses-03_task-dccat_beh.tsv  [v=1 ou 2, n=40]
    ✓ sub-001-0058-TC_ses-04_task-dccat_beh.tsv  [v=1 ou 2, n=40]
  ⏳ 'DENO' → task-deno
    ⚠️  bloc 0: colonnes introuvables ['accuracy'] → ignoré
         noms détectés : ['PAT001-0061-TC', 'version', 'session', 'Trial', 'cat', 'repos', 'Réponse', 'SCORE : bonne réponse']
    ⚠️  bloc 1: colonnes introuvables ['accuracy'] → ignoré
         noms détectés : ['PAT001-00-', 'version.1', 'session.1', 'Trial.1', 'cat.1', 'repos.1', 'Réponse.1', 'SCORE : bonne réponse.1']
    ⚠️  bloc 2: colonnes introuvables ['accuracy'] → ignoré
         noms détectés : ['PAT001-00-.1', 'version.2', 'session.2', 'Trial.2', 'SCORE : bonne réponse.2']
    ⚠️  bloc 3: colonnes introuvables ['accuracy'] → ignoré
         noms détectés : ['PAT001-00-.2', 'session.3', 'version.3', 'Trial.3', 'SCORE : bonne réponse.3']
  ⚠️  'DENO': aucun bloc valide trouvé
  ⏳ 'LECTURE' → task-lecture
    ⚠️  bloc 0: facultatives absentes ['stimulus', 'status', 'api_errors'] → n/a
    ⚠️  bloc 1: colonnes introuvables ['accuracy'] → ignoré
         noms détectés : ['PAT001-00-', 'Version.1', 'Session.1', 'Trial.1', 'status', 'Text.1', 'Réponse.1', 'Erreur / API.1']
    ⚠️  bloc 2: colonnes introuvables ['accuracy'] → ignoré
         noms détectés : ['PAT001-00-.1', 'Version.2', 'Session.2', 'Trial.2', 'Réponse.2']
    ⚠️  bloc 3: colonnes introuvables ['accuracy'] → ignoré
         noms détectés : ['PAT001-00-.2', 'Version.3', 'Session.3', 'Trial.3', 'Réponse.3']
  📋 'LECTURE': 1 bloc(s) détecté(s)
    ✓ sub-001-0058-TC_ses-01_task-lecture_beh.tsv  [v=1, n=45]
  ⏳ 'BIP' → task-bip
    ⚠️  bloc 2: facultatives absentes ['category', 'nom'] → n/a
    ⚠️  bloc 3: facultatives absentes ['category', 'nom'] → n/a
  📋 'BIP': 4 bloc(s) détecté(s)
    ✓ sub-001-0058-TC_ses-01_task-bip_beh.tsv  [v=1, n=14]
    ✓ sub-001-0058-TC_ses-02_task-bip_beh.tsv  [v=1, n=14]
    ✓ sub-001-0058-TC_ses-03_task-bip_beh.tsv  [v=1ou 2, n=14]
    ✓ sub-001-0058-TC_ses-04_task-bip_beh.tsv  [v=1 ou 2, n=14]

======================================================================
📊 RAPPORT FINAL
======================================================================
  XLSX traités    : 33
  TSV écrits      : 984 ✓
  Erreurs/ignorés : 2 ❌
  Log sauvegardé  : /Users/hippolyte.dreyfus/Documents/bidsification/stimSD/_log/bids-behV6_20260518_154946.log
